well_id,date,wse_mean_ft,wse_min_ft,wse_max_ft,source
Well-01,2023-04-01,11.45,11.42,11.49,archive
Well-01,2023-04-02,11.35,11.32,11.39,archive
Well-01,2023-04-03,11.42,11.39,11.46,archive
Well-01,2023-04-04,11.57,11.54,11.61,archive
Well-01,2023-04-05,11.58,11.55,11.62,archive
Well-01,2023-04-06,11.62,11.59,11.66,archive
Well-01,2023-04-07,11.66,11.63,11.7,archive
Well-01,2023-04-08,11.67,11.64,11.71,archive
Well-01,2023-04-09,11.68,11.65,11.72,archive
Well-01,2023-04-10,11.71,11.68,11.75,archive
Well-01,2023-04-11,11.65,11.62,11.69,archive
Well-01,2023-04-12,11.53,11.5,11.57,archive
Well-01,2023-04-13,11.4,11.37,11.44,archive
Well-01,2023-04-14,11.42,11.39,11.46,archive
Well-01,2023-04-15,11.42,11.39,11.46,archive
Well-01,2023-04-16,11.39,11.36,11.43,archive
Well-01,2023-04-17,11.24,11.21,11.28,archive
Well-01,2023-04-18,11.21,11.18,11.25,archive
Well-01,2023-04-19,11.19,11.16,11.23,archive
Well-01,2023-04-20,11.12,11.09,11.16,archive
Well-01,2023-04-21,11.07,11.04,11.11,archive
Well-01,2023-04-22,11.18,11.15,11.22,archive
Well-01,2023-04-23,11.23,11.2,11.27,archive
Well-01,2023-04-24,11.25,11.22,11.29,archive
Well-01,2023-04-25,11.24,11.21,11.28,archive
Well-01,2023-04-26,11.19,11.16,11.23,archive
Well-01,2023-04-27,11.14,11.11,11.18,archive
Well-01,2023-04-28,11.16,11.13,11.2,archive
Well-01,2023-04-29,11.09,11.06,11.13,archive
Well-01,2023-04-30,11.05,11.02,11.09,archive
Well-01,2023-05-01,11.12,11.09,11.16,archive
Well-01,2023-05-02,11.02,10.99,11.06,archive
Well-01,2023-05-03,10.96,10.93,11.0,archive
Well-01,2023-05-04,11.04,11.01,11.08,archive
Well-01,2023-05-05,11.03,11.0,11.07,archive
Well-01,2023-05-06,11.01,10.98,11.05,archive
Well-01,2023-05-07,10.94,10.91,10.98,archive
Well-01,2023-05-08,10.84,10.81,10.88,archive
Well-01,2023-05-09,10.89,10.86,10.93,archive
Well-01,2023-05-10,10.72,10.69,10.76,archive
Well-01,2023-05-11,10.74,10.71,10.78,archive
Well-01,2023-05-12,10.69,10.66,10.73,archive
Well-01,2023-05-13,10.68,10.65,10.72,archive
Well-01,2023-05-14,10.55,10.52,10.59,archive
Well-01,2023-05-15,10.59,10.56,10.63,archive
Well-01,2023-05-16,10.62,10.59,10.66,archive
Well-01,2023-05-17,10.62,10.59,10.66,archive
Well-01,2023-05-18,10.63,10.6,10.67,archive
Well-01,2023-05-19,10.54,10.51,10.58,archive
Well-01,2023-05-20,10.54,10.51,10.58,archive
Well-01,2023-05-21,10.55,10.52,10.59,archive
Well-01,2023-05-22,10.53,10.5,10.57,archive
Well-01,2023-05-23,10.34,10.31,10.38,archive
Well-01,2023-05-24,10.33,10.3,10.37,archive
Well-01,2023-05-25,10.33,10.3,10.37,archive
Well-01,2023-05-26,10.27,10.24,10.31,archive
Well-01,2023-05-27,10.27,10.24,10.31,archive
Well-01,2023-05-28,10.34,10.31,10.38,archive
Well-01,2023-05-29,10.32,10.29,10.36,archive
Well-01,2023-05-30,10.38,10.35,10.42,archive
Well-01,2023-05-31,10.34,10.31,10.38,archive
Well-01,2023-06-01,10.28,10.25,10.32,archive
Well-01,2023-06-02,10.28,10.25,10.32,archive
Well-01,2023-06-03,10.22,10.19,10.26,archive
Well-01,2023-06-04,10.12,10.09,10.16,archive
Well-01,2023-06-05,10.13,10.1,10.17,archive
Well-01,2023-06-06,10.12,10.09,10.16,archive
Well-01,2023-06-07,10.15,10.12,10.19,archive
Well-01,2023-06-08,10.09,10.06,10.13,archive
Well-01,2023-06-09,10.06,10.03,10.1,archive
Well-01,2023-06-10,10.08,10.05,10.12,archive
Well-01,2023-06-11,10.04,10.01,10.08,archive
Well-01,2023-06-12,10.02,9.99,10.06,archive
Well-01,2023-06-13,10.02,9.99,10.06,archive
Well-01,2023-06-14,9.97,9.94,10.01,archive
Well-01,2023-06-15,9.98,9.95,10.02,archive
Well-01,2023-06-16,9.89,9.86,9.93,archive
Well-01,2023-06-17,9.91,9.88,9.95,archive
Well-01,2023-06-18,10.05,10.02,10.09,archive
Well-01,2023-06-19,10.07,10.04,10.11,archive
Well-01,2023-06-20,10.02,9.99,10.06,archive
Well-01,2023-06-21,9.91,9.88,9.95,archive
Well-01,2023-06-22,9.84,9.81,9.88,archive
Well-01,2023-06-23,9.81,9.78,9.85,archive
Well-01,2023-06-24,9.76,9.73,9.8,archive
Well-01,2023-06-25,9.79,9.76,9.83,archive
Well-01,2023-06-26,9.79,9.76,9.83,archive
Well-01,2023-06-27,9.82,9.79,9.86,archive
Well-01,2023-06-28,9.79,9.76,9.83,archive
Well-01,2023-06-29,9.82,9.79,9.86,archive
Well-01,2023-06-30,9.88,9.85,9.92,archive
Well-01,2023-07-01,9.81,9.78,9.85,archive
Well-01,2023-07-02,9.79,9.76,9.83,archive
Well-01,2023-07-03,9.77,9.74,9.81,archive
Well-01,2023-07-04,9.75,9.72,9.79,archive
Well-01,2023-07-05,9.79,9.76,9.83,archive
Well-01,2023-07-06,9.75,9.72,9.79,archive
Well-01,2023-07-07,9.69,9.66,9.73,archive
Well-01,2023-07-08,9.6,9.57,9.64,archive
Well-01,2023-07-09,9.51,9.48,9.55,archive
Well-01,2023-07-10,9.51,9.48,9.55,archive
Well-01,2023-07-11,9.55,9.52,9.59,archive
Well-01,2023-07-12,9.55,9.52,9.59,archive
Well-01,2023-07-13,9.5,9.47,9.54,archive
Well-01,2023-07-14,9.49,9.46,9.53,archive
Well-01,2023-07-15,9.43,9.4,9.47,archive
Well-01,2023-07-16,9.49,9.46,9.53,archive
Well-01,2023-07-17,9.49,9.46,9.53,archive
Well-01,2023-07-18,9.56,9.53,9.6,archive
Well-01,2023-07-19,9.58,9.55,9.62,archive
Well-01,2023-07-20,9.6,9.57,9.64,archive
Well-01,2023-07-21,9.53,9.5,9.57,archive
Well-01,2023-07-22,9.55,9.52,9.59,archive
Well-01,2023-07-23,9.51,9.48,9.55,archive
Well-01,2023-07-24,9.47,9.44,9.51,archive
Well-01,2023-07-25,9.47,9.44,9.51,archive
Well-01,2023-07-26,9.55,9.52,9.59,archive
Well-01,2023-07-27,9.56,9.53,9.6,archive
Well-01,2023-07-28,9.65,9.62,9.69,archive
Well-01,2023-07-29,9.67,9.64,9.71,archive
Well-01,2023-07-30,9.56,9.53,9.6,archive
Well-01,2023-07-31,9.52,9.49,9.56,archive
Well-01,2023-08-01,9.6,9.57,9.64,archive
Well-01,2023-08-02,9.61,9.58,9.65,archive
Well-01,2023-08-03,9.59,9.56,9.63,archive
Well-01,2023-08-04,9.55,9.52,9.59,archive
Well-01,2023-08-05,9.54,9.51,9.58,archive
Well-01,2023-08-06,9.54,9.51,9.58,archive
Well-01,2023-08-07,9.5,9.47,9.54,archive
Well-01,2023-08-08,9.48,9.45,9.52,archive
Well-01,2023-08-09,9.49,9.46,9.53,archive
Well-01,2023-08-10,9.41,9.38,9.45,archive
Well-01,2023-08-11,9.39,9.36,9.43,archive
Well-01,2023-08-12,9.35,9.32,9.39,archive
Well-01,2023-08-13,9.31,9.28,9.35,archive
Well-01,2023-08-14,9.26,9.23,9.3,archive
Well-01,2023-08-15,9.23,9.2,9.27,archive
Well-01,2023-08-16,9.19,9.16,9.23,archive
Well-01,2023-08-17,9.3,9.27,9.34,archive
Well-01,2023-08-18,9.29,9.26,9.33,archive
Well-01,2023-08-19,9.31,9.28,9.35,archive
Well-01,2023-08-20,9.27,9.24,9.31,archive
Well-01,2023-08-21,9.28,9.25,9.32,archive
Well-01,2023-08-22,9.31,9.28,9.35,archive
Well-01,2023-08-23,9.39,9.36,9.43,archive
Well-01,2023-08-24,9.48,9.45,9.52,archive
Well-01,2023-08-25,9.45,9.42,9.49,archive
Well-01,2023-08-26,9.53,9.5,9.57,archive
Well-01,2023-08-27,9.52,9.49,9.56,archive
Well-01,2023-08-28,9.58,9.55,9.62,archive
Well-01,2023-08-29,9.56,9.53,9.6,archive
Well-01,2023-08-30,9.58,9.55,9.62,archive
Well-01,2023-08-31,9.56,9.53,9.6,archive
Well-01,2023-09-01,9.47,9.44,9.51,archive
Well-01,2023-09-02,9.5,9.47,9.54,archive
Well-01,2023-09-03,9.47,9.44,9.51,archive
Well-01,2023-09-04,9.46,9.43,9.5,archive
Well-01,2023-09-05,9.47,9.44,9.51,archive
Well-01,2023-09-06,9.49,9.46,9.53,archive
Well-01,2023-09-07,9.62,9.59,9.66,archive
Well-01,2023-09-08,9.55,9.52,9.59,archive
Well-01,2023-09-09,9.51,9.48,9.55,archive
Well-01,2023-09-10,9.46,9.43,9.5,archive
Well-01,2023-09-11,9.53,9.5,9.57,archive
Well-01,2023-09-12,9.51,9.48,9.55,archive
Well-01,2023-09-13,9.47,9.44,9.51,archive
Well-01,2023-09-14,9.5,9.47,9.54,archive
Well-01,2023-09-15,9.51,9.48,9.55,archive
Well-01,2023-09-16,9.54,9.51,9.58,archive
Well-01,2023-09-17,9.46,9.43,9.5,archive
Well-01,2023-09-18,9.46,9.43,9.5,archive
Well-01,2023-09-19,9.5,9.47,9.54,archive
Well-01,2023-09-20,9.48,9.45,9.52,archive
Well-01,2023-09-21,9.55,9.52,9.59,archive
Well-01,2023-09-22,9.55,9.52,9.59,archive
Well-01,2023-09-23,9.51,9.48,9.55,archive
Well-01,2023-09-24,9.5,9.47,9.54,archive
Well-01,2023-09-25,9.54,9.51,9.58,archive
Well-01,2023-09-26,9.6,9.57,9.64,archive
Well-01,2023-09-27,9.58,9.55,9.62,archive
Well-01,2023-09-28,9.62,9.59,9.66,archive
Well-01,2023-09-29,9.61,9.58,9.65,archive
Well-01,2023-09-30,9.57,9.54,9.61,archive
Well-01,2023-10-01,9.53,9.5,9.57,archive
Well-01,2023-10-02,9.58,9.55,9.62,archive
Well-01,2023-10-03,9.57,9.54,9.61,archive
Well-01,2023-10-04,9.59,9.56,9.63,archive
Well-01,2023-10-05,9.7,9.67,9.74,archive
Well-01,2023-10-06,9.76,9.73,9.8,archive
Well-01,2023-10-07,9.74,9.71,9.78,archive
Well-01,2023-10-08,9.73,9.7,9.77,archive
Well-01,2023-10-09,9.76,9.73,9.8,archive
Well-01,2023-10-10,9.65,9.62,9.69,archive
Well-01,2023-10-11,9.71,9.68,9.75,archive
Well-01,2023-10-12,9.68,9.65,9.72,archive
Well-01,2023-10-13,9.74,9.71,9.78,archive
Well-01,2023-10-14,9.72,9.69,9.76,archive
Well-01,2023-10-15,9.72,9.69,9.76,archive
Well-01,2023-10-16,9.78,9.75,9.82,archive
Well-01,2023-10-17,9.83,9.8,9.87,archive
Well-01,2023-10-18,9.94,9.91,9.98,archive
Well-01,2023-10-19,9.92,9.89,9.96,archive
Well-01,2023-10-20,9.9,9.87,9.94,archive
Well-01,2023-10-21,9.99,9.96,10.03,archive
Well-01,2023-10-22,10.03,10.0,10.07,archive
Well-01,2023-10-23,9.97,9.94,10.01,archive
Well-01,2023-10-24,9.96,9.93,10.0,archive
Well-01,2023-10-25,10.0,9.97,10.04,archive
Well-01,2023-10-26,9.99,9.96,10.03,archive
Well-01,2023-10-27,9.92,9.89,9.96,archive
Well-01,2023-10-28,9.95,9.92,9.99,archive
Well-01,2023-10-29,9.99,9.96,10.03,archive
Well-01,2023-10-30,10.06,10.03,10.1,archive
Well-01,2023-10-31,10.03,10.0,10.07,archive
Well-01,2023-11-01,10.08,10.05,10.12,archive
Well-01,2023-11-02,10.14,10.11,10.18,archive
Well-01,2023-11-03,10.2,10.17,10.24,archive
Well-01,2023-11-04,10.29,10.26,10.33,archive
Well-01,2023-11-05,10.31,10.28,10.35,archive
Well-01,2023-11-06,11.31,11.28,11.35,archive
Well-01,2023-11-07,10.18,10.15,10.22,archive
Well-01,2023-11-08,10.21,10.18,10.25,archive
Well-01,2023-11-09,10.21,10.18,10.25,archive
Well-01,2023-11-10,10.13,10.1,10.17,archive
Well-01,2023-11-11,10.14,10.11,10.18,archive
Well-01,2023-11-12,10.15,10.12,10.19,archive
Well-01,2023-11-13,10.11,10.08,10.15,archive
Well-01,2023-11-14,10.09,10.06,10.13,archive
Well-01,2023-11-15,10.15,10.12,10.19,archive
Well-01,2023-11-16,10.23,10.2,10.27,archive
Well-01,2023-11-17,10.21,10.18,10.25,archive
Well-01,2023-11-18,10.24,10.21,10.28,archive
Well-01,2023-11-19,10.25,10.22,10.29,archive
Well-01,2023-11-20,10.34,10.31,10.38,archive
Well-01,2023-11-21,10.37,10.34,10.41,archive
Well-01,2023-11-22,10.46,10.43,10.5,archive
Well-01,2023-11-23,10.52,10.49,10.56,archive
Well-01,2023-11-24,10.54,10.51,10.58,archive
Well-01,2023-11-25,10.49,10.46,10.53,archive
Well-01,2023-11-26,10.51,10.48,10.55,archive
Well-01,2023-11-27,10.58,10.55,10.62,archive
Well-01,2023-11-28,10.52,10.49,10.56,archive
Well-01,2023-11-29,10.57,10.54,10.61,archive
Well-01,2023-11-30,10.63,10.6,10.67,archive
Well-01,2023-12-01,10.63,10.6,10.67,archive
Well-01,2023-12-02,10.63,10.6,10.67,archive
Well-01,2023-12-03,10.63,10.6,10.67,archive
Well-01,2023-12-04,10.67,10.64,10.71,archive
Well-01,2023-12-05,10.75,10.72,10.79,archive
Well-01,2023-12-06,10.74,10.71,10.78,archive
Well-01,2023-12-07,10.77,10.74,10.81,archive
Well-01,2023-12-08,10.82,10.79,10.86,archive
Well-01,2023-12-09,10.75,10.72,10.79,archive
Well-01,2023-12-10,10.77,10.74,10.81,archive
Well-01,2023-12-11,10.76,10.73,10.8,archive
Well-01,2023-12-12,10.78,10.75,10.82,archive
Well-01,2023-12-13,10.79,10.76,10.83,archive
Well-01,2023-12-14,12.22,12.19,12.26,archive
Well-01,2023-12-15,10.78,10.75,10.82,archive
Well-01,2023-12-16,10.87,10.84,10.91,archive
Well-01,2023-12-17,10.89,10.86,10.93,archive
Well-01,2023-12-18,10.93,10.9,10.97,archive
Well-01,2023-12-19,10.96,10.93,11.0,archive
Well-01,2023-12-20,10.95,10.92,10.99,archive
Well-01,2023-12-21,11.06,11.03,11.1,archive
Well-01,2023-12-22,10.96,10.93,11.0,archive
Well-01,2023-12-23,10.94,10.91,10.98,archive
Well-01,2023-12-24,10.93,10.9,10.97,archive
Well-01,2023-12-25,10.87,10.84,10.91,archive
Well-01,2023-12-26,10.82,10.79,10.86,archive
Well-01,2023-12-27,10.75,10.72,10.79,archive
Well-01,2023-12-28,10.79,10.76,10.83,archive
Well-01,2023-12-29,10.79,10.76,10.83,archive
Well-01,2023-12-30,10.81,10.78,10.85,archive
Well-01,2023-12-31,10.88,10.85,10.92,archive
Well-01,2024-01-01,10.96,10.93,11.0,archive
Well-01,2024-01-02,11.08,11.05,11.12,archive
Well-01,2024-01-03,11.11,11.08,11.15,archive
Well-01,2024-01-04,11.23,11.2,11.27,archive
Well-01,2024-01-05,11.2,11.17,11.24,archive
Well-01,2024-01-06,11.21,11.18,11.25,archive
Well-01,2024-01-07,11.23,11.2,11.27,archive
Well-01,2024-01-08,11.16,11.13,11.2,archive
Well-01,2024-01-09,11.12,11.09,11.16,archive
Well-01,2024-01-10,11.1,11.07,11.14,archive
Well-01,2024-01-11,11.1,11.07,11.14,archive
Well-01,2024-01-12,11.05,11.02,11.09,archive
Well-01,2024-01-13,11.09,11.06,11.13,archive
Well-01,2024-01-14,11.11,11.08,11.15,archive
Well-01,2024-01-15,11.11,11.08,11.15,archive
Well-01,2024-01-16,11.11,11.08,11.15,archive
Well-01,2024-01-17,11.1,11.07,11.14,archive
Well-01,2024-01-18,11.11,11.08,11.15,archive
Well-01,2024-01-19,11.02,10.99,11.06,archive
Well-01,2024-01-20,11.02,10.99,11.06,archive
Well-01,2024-01-21,11.04,11.01,11.08,archive
Well-01,2024-01-22,11.19,11.16,11.23,archive
Well-01,2024-01-23,11.14,11.11,11.18,archive
Well-01,2024-01-24,11.22,11.19,11.26,archive
Well-01,2024-01-25,11.3,11.27,11.34,archive
Well-01,2024-01-26,11.37,11.34,11.41,archive
Well-01,2024-01-27,11.45,11.42,11.49,archive
Well-01,2024-01-28,11.41,11.38,11.45,archive
Well-01,2024-01-29,11.39,11.36,11.43,archive
Well-01,2024-01-30,11.48,11.45,11.52,archive
Well-01,2024-01-31,11.44,11.41,11.48,archive
Well-01,2024-02-01,11.47,11.44,11.51,archive
Well-01,2024-02-02,11.57,11.54,11.61,archive
Well-01,2024-02-03,11.58,11.55,11.62,archive
Well-01,2024-02-04,11.65,11.62,11.69,archive
Well-01,2024-02-05,11.72,11.69,11.76,archive
Well-01,2024-02-06,11.7,11.67,11.74,archive
Well-01,2024-02-07,12.94,12.91,12.98,archive
Well-01,2024-02-08,11.71,11.68,11.75,archive
Well-01,2024-02-09,11.78,11.75,11.82,archive
Well-01,2024-02-10,11.86,11.83,11.9,archive
Well-01,2024-02-11,11.81,11.78,11.85,archive
Well-01,2024-02-12,11.97,11.94,12.01,archive
Well-01,2024-02-13,11.95,11.92,11.99,archive
Well-01,2024-02-14,11.95,11.92,11.99,archive
Well-01,2024-02-15,11.88,11.85,11.92,archive
Well-01,2024-02-16,11.88,11.85,11.92,archive
Well-01,2024-02-17,11.89,11.86,11.93,archive
Well-01,2024-02-18,11.86,11.83,11.9,archive
Well-01,2024-02-19,11.83,11.8,11.87,archive
Well-01,2024-02-20,11.87,11.84,11.91,archive
Well-01,2024-02-21,11.83,11.8,11.87,archive
Well-01,2024-02-22,11.83,11.8,11.87,archive
Well-01,2024-02-23,11.84,11.81,11.88,archive
Well-01,2024-02-24,11.82,11.79,11.86,archive
Well-01,2024-02-25,11.78,11.75,11.82,archive
Well-01,2024-02-26,11.86,11.83,11.9,archive
Well-01,2024-02-27,11.87,11.84,11.91,archive
Well-01,2024-02-28,11.84,11.81,11.88,archive
Well-01,2024-02-29,11.92,11.89,11.96,archive
Well-01,2024-03-01,11.88,11.85,11.92,archive
Well-01,2024-03-02,11.84,11.81,11.88,archive
Well-01,2024-03-03,11.85,11.82,11.89,archive
Well-01,2024-03-04,11.83,11.8,11.87,archive
Well-01,2024-03-05,11.84,11.81,11.88,archive
Well-01,2024-03-06,11.74,11.71,11.78,archive
Well-01,2024-03-07,11.64,11.61,11.68,archive
Well-01,2024-03-08,11.66,11.63,11.7,archive
Well-01,2024-03-09,11.69,11.66,11.73,archive
Well-01,2024-03-10,11.65,11.62,11.69,archive
Well-01,2024-03-11,11.61,11.58,11.65,archive
Well-01,2024-03-12,11.65,11.62,11.69,archive
Well-01,2024-03-13,11.65,11.62,11.69,archive
Well-01,2024-03-14,11.7,11.67,11.74,archive
Well-01,2024-03-15,11.83,11.8,11.87,archive
Well-01,2024-03-16,11.81,11.78,11.85,archive
Well-01,2024-03-17,11.88,11.85,11.92,archive
Well-01,2024-03-18,11.94,11.91,11.98,archive
Well-01,2024-03-19,11.91,11.88,11.95,archive
Well-01,2024-03-20,11.82,11.79,11.86,archive
Well-01,2024-03-21,11.86,11.83,11.9,archive
Well-01,2024-03-22,11.9,11.87,11.94,archive
Well-01,2024-03-23,13.29,13.26,13.33,archive
Well-01,2024-03-24,11.81,11.78,11.85,archive
Well-01,2024-03-25,11.83,11.8,11.87,archive
Well-01,2024-03-26,11.87,11.84,11.91,archive
Well-01,2024-03-27,11.71,11.68,11.75,archive
Well-01,2024-03-28,11.72,11.69,11.76,archive
Well-01,2024-03-29,11.7,11.67,11.74,archive
Well-01,2024-03-30,11.69,11.66,11.73,archive
Well-01,2024-03-31,11.59,11.56,11.63,archive
Well-01,2024-04-01,11.64,11.61,11.68,archive
Well-01,2024-04-02,11.7,11.67,11.74,archive
Well-01,2024-04-03,11.59,11.56,11.63,archive
Well-01,2024-04-04,11.6,11.57,11.64,archive
Well-01,2024-04-05,11.62,11.59,11.66,archive
Well-01,2024-04-06,11.72,11.69,11.76,archive
Well-01,2024-04-07,11.65,11.62,11.69,archive
Well-01,2024-04-08,11.64,11.61,11.68,archive
Well-01,2024-04-09,11.65,11.62,11.69,archive
Well-01,2024-04-10,11.56,11.53,11.6,archive
Well-01,2024-04-11,11.48,11.45,11.52,archive
Well-01,2024-04-12,11.49,11.46,11.53,archive
Well-01,2024-04-13,11.45,11.42,11.49,archive
Well-01,2024-04-14,11.38,11.35,11.42,archive
Well-01,2024-04-15,11.29,11.26,11.33,archive
Well-01,2024-04-16,11.27,11.24,11.31,archive
Well-01,2024-04-17,11.21,11.18,11.25,archive
Well-01,2024-04-18,11.22,11.19,11.26,archive
Well-01,2024-04-19,11.2,11.17,11.24,archive
Well-01,2024-04-20,11.27,11.24,11.31,archive
Well-01,2024-04-21,11.23,11.2,11.27,archive
Well-01,2024-04-22,11.19,11.16,11.23,archive
Well-01,2024-04-23,11.19,11.16,11.23,archive
Well-01,2024-04-24,11.21,11.18,11.25,archive
Well-01,2024-04-25,11.14,11.11,11.18,archive
Well-01,2024-04-26,11.08,11.05,11.12,archive
Well-01,2024-04-27,11.02,10.99,11.06,archive
Well-01,2024-04-28,10.94,10.91,10.98,archive
Well-01,2024-04-29,10.92,10.89,10.96,archive
Well-01,2024-04-30,10.93,10.9,10.97,archive
Well-01,2024-05-01,10.89,10.86,10.93,archive
Well-01,2024-05-02,10.82,10.79,10.86,archive
Well-01,2024-05-03,10.76,10.73,10.8,archive
Well-01,2024-05-04,10.85,10.82,10.89,archive
Well-01,2024-05-05,10.85,10.82,10.89,archive
Well-01,2024-05-06,10.85,10.82,10.89,archive
Well-01,2024-05-07,10.8,10.77,10.84,archive
Well-01,2024-05-08,10.75,10.72,10.79,archive
Well-01,2024-05-09,10.73,10.7,10.77,archive
Well-01,2024-05-10,10.7,10.67,10.74,archive
Well-01,2024-05-11,10.62,10.59,10.66,archive
Well-01,2024-05-12,10.62,10.59,10.66,archive
Well-01,2024-05-13,10.59,10.56,10.63,archive
Well-01,2024-05-14,10.59,10.56,10.63,archive
Well-01,2024-05-15,10.62,10.59,10.66,archive
Well-01,2024-05-16,10.63,10.6,10.67,archive
Well-01,2024-05-17,10.59,10.56,10.63,archive
Well-01,2024-05-18,10.67,10.64,10.71,archive
Well-01,2024-05-19,10.73,10.7,10.77,archive
Well-01,2024-05-20,10.73,10.7,10.77,archive
Well-01,2024-05-21,10.76,10.73,10.8,archive
Well-01,2024-05-22,10.71,10.68,10.75,archive
Well-01,2024-05-23,10.71,10.68,10.75,archive
Well-01,2024-05-24,10.74,10.71,10.78,archive
Well-01,2024-05-25,10.75,10.72,10.79,archive
Well-01,2024-05-26,10.68,10.65,10.72,archive
Well-01,2024-05-27,10.64,10.61,10.68,archive
Well-01,2024-05-28,10.57,10.54,10.61,archive
Well-01,2024-05-29,10.54,10.51,10.58,archive
Well-01,2024-05-30,10.56,10.53,10.6,archive
Well-01,2024-05-31,10.43,10.4,10.47,archive
Well-01,2024-06-01,10.33,10.3,10.37,archive
Well-01,2024-06-02,10.32,10.29,10.36,archive
Well-01,2024-06-03,10.32,10.29,10.36,archive
Well-01,2024-06-04,10.29,10.26,10.33,archive
Well-01,2024-06-05,10.35,10.32,10.39,archive
Well-01,2024-06-06,10.29,10.26,10.33,archive
Well-01,2024-06-07,10.22,10.19,10.26,archive
Well-01,2024-06-08,10.19,10.16,10.23,archive
Well-01,2024-06-09,10.11,10.08,10.15,archive
Well-01,2024-06-10,10.17,10.14,10.21,archive
Well-01,2024-06-11,10.26,10.23,10.3,archive
Well-01,2024-06-12,10.23,10.2,10.27,archive
Well-01,2024-06-13,10.2,10.17,10.24,archive
Well-01,2024-06-14,10.2,10.17,10.24,archive
Well-01,2024-06-15,10.2,10.17,10.24,archive
Well-01,2024-06-16,10.17,10.14,10.21,archive
Well-01,2024-06-17,10.1,10.07,10.14,archive
Well-01,2024-06-18,10.11,10.08,10.15,archive
Well-01,2024-06-19,10.15,10.12,10.19,archive
Well-01,2024-06-20,10.08,10.05,10.12,archive
Well-01,2024-06-21,9.99,9.96,10.03,archive
Well-01,2024-06-22,9.96,9.93,10.0,archive
Well-01,2024-06-23,10.05,10.02,10.09,archive
Well-01,2024-06-24,9.99,9.96,10.03,archive
Well-01,2024-06-25,9.92,9.89,9.96,archive
Well-01,2024-06-26,9.93,9.9,9.97,archive
Well-01,2024-06-27,9.89,9.86,9.93,archive
Well-01,2024-06-28,9.85,9.82,9.89,archive
Well-01,2024-06-29,9.9,9.87,9.94,archive
Well-01,2024-06-30,9.82,9.79,9.86,archive
Well-01,2024-07-01,9.77,9.74,9.81,archive
Well-01,2024-07-02,9.82,9.79,9.86,archive
Well-01,2024-07-03,9.85,9.82,9.89,archive
Well-01,2024-07-04,9.87,9.84,9.91,archive
Well-01,2024-07-05,9.84,9.81,9.88,archive
Well-01,2024-07-06,9.83,9.8,9.87,archive
Well-01,2024-07-07,9.78,9.75,9.82,archive
Well-01,2024-07-08,9.81,9.78,9.85,archive
Well-01,2024-07-09,9.83,9.8,9.87,archive
Well-01,2024-07-10,9.86,9.83,9.9,archive
Well-01,2024-07-11,9.8,9.77,9.84,archive
Well-01,2024-07-12,9.78,9.75,9.82,archive
Well-01,2024-07-13,9.78,9.75,9.82,archive
Well-01,2024-07-14,9.82,9.79,9.86,archive
Well-01,2024-07-15,9.75,9.72,9.79,archive
Well-01,2024-07-16,9.76,9.73,9.8,archive
Well-01,2024-07-17,9.73,9.7,9.77,archive
Well-01,2024-07-18,9.71,9.68,9.75,archive
Well-01,2024-07-19,9.65,9.62,9.69,archive
Well-01,2024-07-20,9.66,9.63,9.7,archive
Well-01,2024-07-21,9.68,9.65,9.72,archive
Well-01,2024-07-22,9.6,9.57,9.64,archive
Well-01,2024-07-23,9.65,9.62,9.69,archive
Well-01,2024-07-24,9.59,9.56,9.63,archive
Well-01,2024-07-25,9.59,9.56,9.63,archive
Well-01,2024-07-26,9.64,9.61,9.68,archive
Well-01,2024-07-27,9.55,9.52,9.59,archive
Well-01,2024-07-28,9.45,9.42,9.49,archive
Well-01,2024-07-29,9.47,9.44,9.51,archive
Well-01,2024-07-30,9.49,9.46,9.53,archive
Well-01,2024-07-31,9.5,9.47,9.54,archive
Well-01,2024-08-01,9.53,9.5,9.57,archive
Well-01,2024-08-02,9.47,9.44,9.51,archive
Well-01,2024-08-03,9.48,9.45,9.52,archive
Well-01,2024-08-04,9.49,9.46,9.53,archive
Well-01,2024-08-05,9.51,9.48,9.55,archive
Well-01,2024-08-06,9.46,9.43,9.5,archive
Well-01,2024-08-07,9.58,9.55,9.62,archive
Well-01,2024-08-08,9.55,9.52,9.59,archive
Well-01,2024-08-09,9.45,9.42,9.49,archive
Well-01,2024-08-10,9.38,9.35,9.42,archive
Well-01,2024-08-11,9.32,9.29,9.36,archive
Well-01,2024-08-12,9.39,9.36,9.43,archive
Well-01,2024-08-13,9.43,9.4,9.47,archive
Well-01,2024-08-14,9.44,9.41,9.48,archive
Well-01,2024-08-15,9.47,9.44,9.51,archive
Well-01,2024-08-16,9.45,9.42,9.49,archive
Well-01,2024-08-17,9.51,9.48,9.55,archive
Well-01,2024-08-18,9.46,9.43,9.5,archive
Well-01,2024-08-19,9.54,9.51,9.58,archive
Well-01,2024-08-20,9.54,9.51,9.58,archive
Well-01,2024-08-21,9.61,9.58,9.65,archive
Well-01,2024-08-22,9.5,9.47,9.54,archive
Well-01,2024-08-23,9.45,9.42,9.49,archive
Well-01,2024-08-24,9.45,9.42,9.49,archive
Well-01,2024-08-25,9.45,9.42,9.49,archive
Well-01,2024-08-26,9.37,9.34,9.41,archive
Well-01,2024-08-27,9.42,9.39,9.46,archive
Well-01,2024-08-28,9.43,9.4,9.47,archive
Well-01,2024-08-29,9.36,9.33,9.4,archive
Well-01,2024-08-30,9.3,9.27,9.34,archive
Well-01,2024-08-31,9.27,9.24,9.31,archive
Well-01,2024-09-01,9.24,9.21,9.28,archive
Well-01,2024-09-02,9.27,9.24,9.31,archive
Well-01,2024-09-03,9.28,9.25,9.32,archive
Well-01,2024-09-04,9.33,9.3,9.37,archive
Well-01,2024-09-05,9.36,9.33,9.4,archive
Well-01,2024-09-06,9.28,9.25,9.32,archive
Well-01,2024-09-07,9.36,9.33,9.4,archive
Well-01,2024-09-08,9.27,9.24,9.31,archive
Well-01,2024-09-09,9.28,9.25,9.32,archive
Well-01,2024-09-10,9.25,9.22,9.29,archive
Well-01,2024-09-11,9.2,9.17,9.24,archive
Well-01,2024-09-12,9.27,9.24,9.31,archive
Well-01,2024-09-13,9.2,9.17,9.24,archive
Well-01,2024-09-14,9.2,9.17,9.24,archive
Well-01,2024-09-15,9.17,9.14,9.21,archive
Well-01,2024-09-16,9.21,9.18,9.25,archive
Well-01,2024-09-17,9.21,9.18,9.25,archive
Well-01,2024-09-18,9.23,9.2,9.27,archive
Well-01,2024-09-19,9.28,9.25,9.32,archive
Well-01,2024-09-20,9.3,9.27,9.34,archive
Well-01,2024-09-21,9.35,9.32,9.39,archive
Well-01,2024-09-22,9.38,9.35,9.42,archive
Well-01,2024-09-23,9.43,9.4,9.47,archive
Well-01,2024-09-24,9.4,9.37,9.44,archive
Well-01,2024-09-25,9.28,9.25,9.32,archive
Well-01,2024-09-26,9.26,9.23,9.3,archive
Well-01,2024-09-27,9.22,9.19,9.26,archive
Well-01,2024-09-28,9.23,9.2,9.27,archive
Well-01,2024-09-29,9.26,9.23,9.3,archive
Well-01,2024-09-30,9.28,9.25,9.32,archive
Well-01,2024-10-01,9.25,9.22,9.29,archive
Well-01,2024-10-02,9.19,9.16,9.23,archive
Well-01,2024-10-03,9.26,9.23,9.3,archive
Well-01,2024-10-04,9.32,9.29,9.36,archive
Well-01,2024-10-05,9.35,9.32,9.39,archive
Well-01,2024-10-06,9.43,9.4,9.47,archive
Well-01,2024-10-07,9.46,9.43,9.5,archive
Well-01,2024-10-08,9.44,9.41,9.48,archive
Well-01,2024-10-09,9.44,9.41,9.48,archive
Well-01,2024-10-10,9.46,9.43,9.5,archive
Well-01,2024-10-11,9.53,9.5,9.57,archive
Well-01,2024-10-12,9.53,9.5,9.57,archive
Well-01,2024-10-13,9.57,9.54,9.61,archive
Well-01,2024-10-14,9.49,9.46,9.53,archive
Well-01,2024-10-15,9.53,9.5,9.57,archive
Well-01,2024-10-16,9.63,9.6,9.67,archive
Well-01,2024-10-17,9.59,9.56,9.63,archive
Well-01,2024-10-18,9.65,9.62,9.69,archive
Well-01,2024-10-19,9.72,9.69,9.76,archive
Well-01,2024-10-20,9.77,9.74,9.81,archive
Well-01,2024-10-21,9.81,9.78,9.85,archive
Well-01,2024-10-22,9.85,9.82,9.89,archive
Well-01,2024-10-23,9.87,9.84,9.91,archive
Well-01,2024-10-24,9.88,9.85,9.92,archive
Well-01,2024-10-25,9.86,9.83,9.9,archive
Well-01,2024-10-26,9.86,9.83,9.9,archive
Well-01,2024-10-27,9.83,9.8,9.87,archive
Well-01,2024-10-28,9.83,9.8,9.87,archive
Well-01,2024-10-29,9.81,9.78,9.85,archive
Well-01,2024-10-30,9.8,9.77,9.84,archive
Well-01,2024-10-31,9.84,9.81,9.88,archive
Well-01,2024-11-01,9.9,9.87,9.94,archive
Well-01,2024-11-02,9.92,9.89,9.96,archive
Well-01,2024-11-03,10.04,10.01,10.08,archive
Well-01,2024-11-04,10.09,10.06,10.13,archive
Well-01,2024-11-05,10.14,10.11,10.18,archive
Well-01,2024-11-06,10.13,10.1,10.17,archive
Well-01,2024-11-07,10.19,10.16,10.23,archive
Well-01,2024-11-08,10.1,10.07,10.14,archive
Well-01,2024-11-09,10.19,10.16,10.23,archive
Well-01,2024-11-10,10.17,10.14,10.21,archive
Well-01,2024-11-11,10.2,10.17,10.24,archive
Well-01,2024-11-12,10.21,10.18,10.25,archive
Well-01,2024-11-13,10.26,10.23,10.3,archive
Well-01,2024-11-14,10.21,10.18,10.25,archive
Well-01,2024-11-15,10.23,10.2,10.27,archive
Well-01,2024-11-16,10.29,10.26,10.33,archive
Well-01,2024-11-17,10.41,10.38,10.45,archive
Well-01,2024-11-18,10.43,10.4,10.47,archive
Well-01,2024-11-19,10.45,10.42,10.49,archive
Well-01,2024-11-20,10.49,10.46,10.53,archive
Well-01,2024-11-21,10.58,10.55,10.62,archive
Well-01,2024-11-22,10.6,10.57,10.64,archive
Well-01,2024-11-23,10.54,10.51,10.58,archive
Well-01,2024-11-24,10.56,10.53,10.6,archive
Well-01,2024-11-25,10.6,10.57,10.64,archive
Well-01,2024-11-26,10.67,10.64,10.71,archive
Well-01,2024-11-27,10.72,10.69,10.76,archive
Well-01,2024-11-28,10.69,10.66,10.73,archive
Well-01,2024-11-29,10.72,10.69,10.76,archive
Well-01,2024-11-30,10.69,10.66,10.73,archive
Well-01,2024-12-01,10.73,10.7,10.77,archive
Well-01,2024-12-02,10.7,10.67,10.74,archive
Well-01,2024-12-03,10.71,10.68,10.75,archive
Well-01,2024-12-04,10.77,10.74,10.81,archive
Well-01,2024-12-05,10.74,10.71,10.78,archive
Well-01,2024-12-06,10.77,10.74,10.81,archive
Well-01,2024-12-07,10.84,10.81,10.88,archive
Well-01,2024-12-08,10.88,10.85,10.92,archive
Well-01,2024-12-09,10.95,10.92,10.99,archive
Well-01,2024-12-10,10.96,10.93,11.0,archive
Well-01,2024-12-11,10.94,10.91,10.98,archive
Well-01,2024-12-12,10.91,10.88,10.95,archive
Well-01,2024-12-13,11.07,11.04,11.11,archive
Well-01,2024-12-14,11.01,10.98,11.05,archive
Well-01,2024-12-15,11.07,11.04,11.11,archive
Well-01,2024-12-16,11.08,11.05,11.12,archive
Well-01,2024-12-17,11.09,11.06,11.13,archive
Well-01,2024-12-18,11.15,11.12,11.19,archive
Well-01,2024-12-19,11.11,11.08,11.15,archive
Well-01,2024-12-20,11.11,11.08,11.15,archive
Well-01,2024-12-21,11.07,11.04,11.11,archive
Well-01,2024-12-22,11.23,11.2,11.27,archive
Well-01,2024-12-23,11.88,11.85,11.92,archive
Well-01,2024-12-24,11.0,10.97,11.04,archive
Well-01,2024-12-25,11.07,11.04,11.11,archive
Well-01,2024-12-26,11.07,11.04,11.11,archive
Well-01,2024-12-27,11.1,11.07,11.14,archive
Well-01,2024-12-28,11.12,11.09,11.16,archive
Well-01,2024-12-29,11.2,11.17,11.24,archive
Well-01,2024-12-30,11.31,11.28,11.35,archive
Well-01,2024-12-31,11.3,11.27,11.34,archive
Well-01,2025-01-01,11.36,11.33,11.4,archive
Well-01,2025-01-02,11.29,11.26,11.33,archive
Well-01,2025-01-03,11.4,11.37,11.44,archive
Well-01,2025-01-04,11.48,11.45,11.52,archive
Well-01,2025-01-05,11.48,11.45,11.52,archive
Well-01,2025-01-06,11.48,11.45,11.52,archive
Well-01,2025-01-07,11.51,11.48,11.55,archive
Well-01,2025-01-08,11.4,11.37,11.44,archive
Well-01,2025-01-09,11.47,11.44,11.51,archive
Well-01,2025-01-10,11.44,11.41,11.48,archive
Well-01,2025-01-11,11.35,11.32,11.39,archive
Well-01,2025-01-12,11.37,11.34,11.41,archive
Well-01,2025-01-13,11.5,11.47,11.54,archive
Well-01,2025-01-14,11.58,11.55,11.62,archive
Well-01,2025-01-15,11.58,11.55,11.62,archive
Well-01,2025-01-16,11.63,11.6,11.67,archive
Well-01,2025-01-17,11.65,11.62,11.69,archive
Well-01,2025-01-18,11.58,11.55,11.62,archive
Well-01,2025-01-19,11.54,11.51,11.58,archive
Well-01,2025-01-20,11.55,11.52,11.59,archive
Well-01,2025-01-21,11.62,11.59,11.66,archive
Well-01,2025-01-22,11.6,11.57,11.64,archive
Well-01,2025-01-23,11.62,11.59,11.66,archive
Well-01,2025-01-24,12.31,12.28,12.35,archive
Well-01,2025-01-25,11.71,11.68,11.75,archive
Well-01,2025-01-26,11.74,11.71,11.78,archive
Well-01,2025-01-27,11.69,11.66,11.73,archive
Well-01,2025-01-28,11.68,11.65,11.72,archive
Well-01,2025-01-29,11.66,11.63,11.7,archive
Well-01,2025-01-30,11.66,11.63,11.7,archive
Well-01,2025-01-31,11.68,11.65,11.72,archive
Well-01,2025-02-01,11.69,11.66,11.73,archive
Well-01,2025-02-02,11.66,11.63,11.7,archive
Well-01,2025-02-03,11.7,11.67,11.74,archive
Well-01,2025-02-04,11.69,11.66,11.73,archive
Well-01,2025-02-05,11.72,11.69,11.76,archive
Well-01,2025-02-06,11.67,11.64,11.71,archive
Well-01,2025-02-07,11.61,11.58,11.65,archive
Well-01,2025-02-08,11.57,11.54,11.61,archive
Well-01,2025-02-09,11.57,11.54,11.61,archive
Well-01,2025-02-10,11.5,11.47,11.54,archive
Well-01,2025-02-11,11.46,11.43,11.5,archive
Well-01,2025-02-12,11.48,11.45,11.52,archive
Well-01,2025-02-13,11.4,11.37,11.44,archive
Well-01,2025-02-14,11.37,11.34,11.41,archive
Well-01,2025-02-15,11.45,11.42,11.49,archive
Well-01,2025-02-16,11.46,11.43,11.5,archive
Well-01,2025-02-17,11.53,11.5,11.57,archive
Well-01,2025-02-18,11.53,11.5,11.57,archive
Well-01,2025-02-19,11.48,11.45,11.52,archive
Well-01,2025-02-20,11.53,11.5,11.57,archive
Well-01,2025-02-21,11.62,11.59,11.66,archive
Well-01,2025-02-22,11.67,11.64,11.71,archive
Well-01,2025-02-23,11.63,11.6,11.67,archive
Well-01,2025-02-24,11.59,11.56,11.63,archive
Well-01,2025-02-25,11.57,11.54,11.61,archive
Well-01,2025-02-26,11.65,11.62,11.69,archive
Well-01,2025-02-27,11.64,11.61,11.68,archive
Well-01,2025-02-28,11.7,11.67,11.74,archive
Well-01,2025-03-01,11.61,11.58,11.65,archive
Well-01,2025-03-02,11.56,11.53,11.6,archive
Well-01,2025-03-03,11.67,11.64,11.71,archive
Well-01,2025-03-04,11.69,11.66,11.73,archive
Well-01,2025-03-05,11.7,11.67,11.74,archive
Well-01,2025-03-06,11.69,11.66,11.73,archive
Well-01,2025-03-07,11.63,11.6,11.67,archive
Well-01,2025-03-08,11.69,11.66,11.73,archive
Well-01,2025-03-09,11.67,11.64,11.71,archive
Well-01,2025-03-10,11.65,11.62,11.69,archive
Well-01,2025-03-11,11.68,11.65,11.72,archive
Well-01,2025-03-12,11.79,11.76,11.83,archive
Well-01,2025-03-13,11.73,11.7,11.77,archive
Well-01,2025-03-14,11.76,11.73,11.8,archive
Well-01,2025-03-15,11.73,11.7,11.77,archive
Well-01,2025-03-16,11.69,11.66,11.73,archive
Well-01,2025-03-17,11.67,11.64,11.71,archive
Well-01,2025-03-18,11.68,11.65,11.72,archive
Well-01,2025-03-19,11.75,11.72,11.79,archive
Well-01,2025-03-20,11.68,11.65,11.72,archive
Well-01,2025-03-21,11.63,11.6,11.67,archive
Well-01,2025-03-22,11.67,11.64,11.71,archive
Well-01,2025-03-23,11.64,11.61,11.68,archive
Well-01,2025-03-24,11.58,11.55,11.62,archive
Well-01,2025-03-25,11.51,11.48,11.55,archive
Well-01,2025-03-26,11.5,11.47,11.54,archive
Well-01,2025-03-27,11.51,11.48,11.55,archive
Well-01,2025-03-28,11.49,11.46,11.53,archive
Well-01,2025-03-29,11.49,11.46,11.53,archive
Well-01,2025-03-30,11.48,11.45,11.52,archive
Well-01,2025-03-31,11.53,11.5,11.57,archive
Well-01,2025-04-01,11.49,11.46,11.53,archive
Well-01,2025-04-02,11.53,11.5,11.57,archive
Well-01,2025-04-03,11.59,11.56,11.63,archive
Well-01,2025-04-04,11.62,11.59,11.66,archive
Well-01,2025-04-05,11.64,11.61,11.68,archive
Well-01,2025-04-06,11.56,11.53,11.6,archive
Well-01,2025-04-07,11.56,11.53,11.6,archive
Well-01,2025-04-08,11.55,11.52,11.59,archive
Well-01,2025-04-09,11.54,11.51,11.58,archive
Well-01,2025-04-10,11.47,11.44,11.51,archive
Well-01,2025-04-11,11.39,11.36,11.43,archive
Well-01,2025-04-12,11.33,11.3,11.37,archive
Well-01,2025-04-13,11.32,11.29,11.36,archive
Well-01,2025-04-14,11.31,11.28,11.35,archive
Well-01,2025-04-15,11.24,11.21,11.28,archive
Well-01,2025-04-16,11.27,11.24,11.31,archive
Well-01,2025-04-17,11.2,11.17,11.24,archive
Well-01,2025-04-18,11.21,11.18,11.25,archive
Well-01,2025-04-19,11.21,11.18,11.25,archive
Well-01,2025-04-20,11.19,11.16,11.23,archive
Well-01,2025-04-21,11.18,11.15,11.22,archive
Well-01,2025-04-22,11.11,11.08,11.15,archive
Well-01,2025-04-23,11.01,10.98,11.05,archive
Well-01,2025-04-24,11.04,11.01,11.08,archive
Well-01,2025-04-25,10.97,10.94,11.01,archive
Well-01,2025-04-26,10.87,10.84,10.91,archive
Well-01,2025-04-27,10.82,10.79,10.86,archive
Well-01,2025-04-28,10.76,10.73,10.8,archive
Well-01,2025-04-29,10.86,10.83,10.9,archive
Well-01,2025-04-30,10.87,10.84,10.91,archive
Well-01,2025-05-01,10.87,10.84,10.91,archive
Well-01,2025-05-02,10.85,10.82,10.89,archive
Well-01,2025-05-03,10.75,10.72,10.79,archive
Well-01,2025-05-04,10.78,10.75,10.82,archive
Well-01,2025-05-05,10.81,10.78,10.85,archive
Well-01,2025-05-06,10.87,10.84,10.91,archive
Well-01,2025-05-07,10.75,10.72,10.79,archive
Well-01,2025-05-08,10.8,10.77,10.84,archive
Well-01,2025-05-09,10.75,10.72,10.79,archive
Well-01,2025-05-10,10.65,10.62,10.69,archive
Well-01,2025-05-11,10.58,10.55,10.62,archive
Well-01,2025-05-12,10.61,10.58,10.65,archive
Well-01,2025-05-13,10.59,10.56,10.63,archive
Well-01,2025-05-14,10.67,10.64,10.71,archive
Well-01,2025-05-15,10.58,10.55,10.62,archive
Well-01,2025-05-16,10.54,10.51,10.58,archive
Well-01,2025-05-17,10.51,10.48,10.55,archive
Well-01,2025-05-18,10.43,10.4,10.47,archive
Well-01,2025-05-19,10.47,10.44,10.51,archive
Well-01,2025-05-20,10.47,10.44,10.51,archive
Well-01,2025-05-21,10.41,10.38,10.45,archive
Well-01,2025-05-22,10.43,10.4,10.47,archive
Well-01,2025-05-23,10.44,10.41,10.48,archive
Well-01,2025-05-24,10.43,10.4,10.47,archive
Well-01,2025-05-25,10.46,10.43,10.5,archive
Well-01,2025-05-26,10.41,10.38,10.45,archive
Well-01,2025-05-27,10.44,10.41,10.48,archive
Well-01,2025-05-28,10.39,10.36,10.43,archive
Well-01,2025-05-29,10.4,10.37,10.44,archive
Well-01,2025-05-30,10.37,10.34,10.41,archive
Well-01,2025-05-31,10.36,10.33,10.4,archive
Well-01,2025-06-01,10.3,10.27,10.34,archive
Well-01,2025-06-02,10.36,10.33,10.4,archive
Well-01,2025-06-03,10.35,10.32,10.39,archive
Well-01,2025-06-04,10.31,10.28,10.35,archive
Well-01,2025-06-05,10.22,10.19,10.26,archive
Well-01,2025-06-06,10.2,10.17,10.24,archive
Well-01,2025-06-07,10.23,10.2,10.27,archive
Well-01,2025-06-08,10.24,10.21,10.28,archive
Well-01,2025-06-09,10.19,10.16,10.23,archive
Well-01,2025-06-10,10.15,10.12,10.19,archive
Well-01,2025-06-11,10.13,10.1,10.17,archive
Well-01,2025-06-12,10.13,10.1,10.17,archive
Well-01,2025-06-13,10.05,10.02,10.09,archive
Well-01,2025-06-14,10.04,10.01,10.08,archive
Well-01,2025-06-15,10.04,10.01,10.08,archive
Well-01,2025-06-16,10.09,10.06,10.13,archive
Well-01,2025-06-17,10.05,10.02,10.09,archive
Well-01,2025-06-18,10.04,10.01,10.08,archive
Well-01,2025-06-19,9.94,9.91,9.98,archive
Well-01,2025-06-20,9.87,9.84,9.91,archive
Well-01,2025-06-21,9.8,9.77,9.84,archive
Well-01,2025-06-22,9.7,9.67,9.74,archive
Well-01,2025-06-23,9.68,9.65,9.72,archive
Well-01,2025-06-24,9.67,9.64,9.71,archive
Well-01,2025-06-25,9.7,9.67,9.74,archive
Well-01,2025-06-26,9.69,9.66,9.73,archive
Well-01,2025-06-27,9.69,9.66,9.73,archive
Well-01,2025-06-28,9.72,9.69,9.76,archive
Well-01,2025-06-29,9.67,9.64,9.71,archive
Well-01,2025-06-30,9.64,9.61,9.68,archive
Well-01,2025-07-01,9.64,9.61,9.68,archive
Well-01,2025-07-02,9.66,9.63,9.7,archive
Well-01,2025-07-03,9.68,9.65,9.72,archive
Well-01,2025-07-04,9.71,9.68,9.75,archive
Well-01,2025-07-05,9.7,9.67,9.74,archive
Well-01,2025-07-06,9.7,9.67,9.74,archive
Well-01,2025-07-07,9.63,9.6,9.67,archive
Well-01,2025-07-08,9.65,9.62,9.69,archive
Well-01,2025-07-09,9.55,9.52,9.59,archive
Well-01,2025-07-10,9.49,9.46,9.53,archive
Well-01,2025-07-11,9.52,9.49,9.56,archive
Well-01,2025-07-12,9.58,9.55,9.62,archive
Well-01,2025-07-13,9.53,9.5,9.57,archive
Well-01,2025-07-14,9.54,9.51,9.58,archive
Well-01,2025-07-15,9.54,9.51,9.58,archive
Well-01,2025-07-16,9.55,9.52,9.59,archive
Well-01,2025-07-17,9.57,9.54,9.61,archive
Well-01,2025-07-18,9.57,9.54,9.61,archive
Well-01,2025-07-19,9.6,9.57,9.64,archive
Well-01,2025-07-20,9.53,9.5,9.57,archive
Well-01,2025-07-21,9.56,9.53,9.6,archive
Well-01,2025-07-22,9.61,9.58,9.65,archive
Well-01,2025-07-23,9.58,9.55,9.62,archive
Well-01,2025-07-24,9.5,9.47,9.54,archive
Well-01,2025-07-25,9.44,9.41,9.48,archive
Well-01,2025-07-26,9.53,9.5,9.57,archive
Well-01,2025-07-27,9.47,9.44,9.51,archive
Well-01,2025-07-28,9.44,9.41,9.48,archive
Well-01,2025-07-29,9.52,9.49,9.56,archive
Well-01,2025-07-30,9.48,9.45,9.52,archive
Well-01,2025-07-31,9.46,9.43,9.5,archive
Well-01,2025-08-01,9.39,9.36,9.43,archive
Well-01,2025-08-02,9.43,9.4,9.47,archive
Well-01,2025-08-03,9.42,9.39,9.46,archive
Well-01,2025-08-04,9.4,9.37,9.44,archive
Well-01,2025-08-05,9.41,9.38,9.45,archive
Well-01,2025-08-06,9.43,9.4,9.47,archive
Well-01,2025-08-07,9.33,9.3,9.37,archive
Well-01,2025-08-08,9.24,9.21,9.28,archive
Well-01,2025-08-09,9.32,9.29,9.36,archive
Well-01,2025-08-10,9.31,9.28,9.35,archive
Well-01,2025-08-11,9.31,9.28,9.35,archive
Well-01,2025-08-12,9.32,9.29,9.36,archive
Well-01,2025-08-13,9.3,9.27,9.34,archive
Well-01,2025-08-14,9.36,9.33,9.4,archive
Well-01,2025-08-15,9.34,9.31,9.38,archive
Well-01,2025-08-16,9.28,9.25,9.32,archive
Well-01,2025-08-17,9.26,9.23,9.3,archive
Well-01,2025-08-18,9.09,9.06,9.13,archive
Well-01,2025-08-19,9.08,9.05,9.12,archive
Well-01,2025-08-20,9.1,9.07,9.14,archive
Well-01,2025-08-21,9.04,9.01,9.08,archive
Well-01,2025-08-22,9.05,9.02,9.09,archive
Well-01,2025-08-23,9.11,9.08,9.15,archive
Well-01,2025-08-24,9.17,9.14,9.21,archive
Well-01,2025-08-25,9.14,9.11,9.18,archive
Well-01,2025-08-26,9.2,9.17,9.24,archive
Well-01,2025-08-27,9.24,9.21,9.28,archive
Well-01,2025-08-28,9.25,9.22,9.29,archive
Well-01,2025-08-29,9.26,9.23,9.3,archive
Well-01,2025-08-30,9.29,9.26,9.33,archive
Well-01,2025-08-31,9.28,9.25,9.32,archive
Well-01,2025-09-01,9.22,9.19,9.26,archive
Well-01,2025-09-02,9.25,9.22,9.29,archive
Well-01,2025-09-03,9.19,9.16,9.23,archive
Well-01,2025-09-04,9.2,9.17,9.24,archive
Well-01,2025-09-05,9.18,9.15,9.22,archive
Well-01,2025-09-06,9.19,9.16,9.23,archive
Well-01,2025-09-07,9.29,9.26,9.33,archive
Well-01,2025-09-08,9.4,9.37,9.44,archive
Well-01,2025-09-09,9.49,9.46,9.53,archive
Well-01,2025-09-10,9.53,9.5,9.57,archive
Well-01,2025-09-11,9.53,9.5,9.57,archive
Well-01,2025-09-12,9.56,9.53,9.6,archive
Well-01,2025-09-13,9.53,9.5,9.57,archive
Well-01,2025-09-14,9.46,9.43,9.5,archive
Well-01,2025-09-15,9.49,9.46,9.53,archive
Well-01,2025-09-16,9.46,9.43,9.5,archive
Well-01,2025-09-17,9.45,9.42,9.49,archive
Well-01,2025-09-18,9.44,9.41,9.48,archive
Well-01,2025-09-19,9.4,9.37,9.44,archive
Well-01,2025-09-20,9.41,9.38,9.45,archive
Well-01,2025-09-21,9.37,9.34,9.41,archive
Well-01,2025-09-22,9.3,9.27,9.34,archive
Well-01,2025-09-23,9.32,9.29,9.36,archive
Well-01,2025-09-24,9.33,9.3,9.37,archive
Well-01,2025-09-25,9.31,9.28,9.35,archive
Well-01,2025-09-26,9.41,9.38,9.45,archive
Well-01,2025-09-27,9.41,9.38,9.45,archive
Well-01,2025-09-28,9.47,9.44,9.51,archive
Well-01,2025-09-29,9.56,9.53,9.6,archive
Well-01,2025-09-30,9.51,9.48,9.55,archive
Well-01,2025-10-01,9.46,9.43,9.5,archive
Well-01,2025-10-02,9.47,9.44,9.51,archive
Well-01,2025-10-03,9.51,9.48,9.55,archive
Well-01,2025-10-04,9.48,9.45,9.52,archive
Well-01,2025-10-05,9.45,9.42,9.49,archive
Well-01,2025-10-06,9.47,9.44,9.51,archive
Well-01,2025-10-07,9.53,9.5,9.57,archive
Well-01,2025-10-08,9.64,9.61,9.68,archive
Well-01,2025-10-09,9.58,9.55,9.62,archive
Well-01,2025-10-10,9.56,9.53,9.6,archive
Well-01,2025-10-11,9.58,9.55,9.62,archive
Well-01,2025-10-12,9.57,9.54,9.61,archive
Well-01,2025-10-13,9.59,9.56,9.63,archive
Well-01,2025-10-14,9.61,9.58,9.65,archive
Well-01,2025-10-15,9.64,9.61,9.68,archive
Well-01,2025-10-16,9.73,9.7,9.77,archive
Well-01,2025-10-17,9.81,9.78,9.85,archive
Well-01,2025-10-18,9.76,9.73,9.8,archive
Well-01,2025-10-19,9.78,9.75,9.82,archive
Well-01,2025-10-20,9.78,9.75,9.82,archive
Well-01,2025-10-21,9.73,9.7,9.77,archive
Well-01,2025-10-22,9.77,9.74,9.81,archive
Well-01,2025-10-23,9.71,9.68,9.75,archive
Well-01,2025-10-24,9.81,9.78,9.85,archive
Well-01,2025-10-25,9.77,9.74,9.81,archive
Well-01,2025-10-26,9.87,9.84,9.91,archive
Well-01,2025-10-27,9.89,9.86,9.93,archive
Well-01,2025-10-28,9.85,9.82,9.89,archive
Well-01,2025-10-29,9.75,9.72,9.79,archive
Well-01,2025-10-30,9.79,9.76,9.83,archive
Well-01,2025-10-31,9.8,9.77,9.84,archive
Well-01,2025-11-01,9.88,9.85,9.92,archive
Well-01,2025-11-02,9.88,9.85,9.92,archive
Well-01,2025-11-03,9.89,9.86,9.93,archive
Well-01,2025-11-04,9.98,9.95,10.02,archive
Well-01,2025-11-05,10.08,10.05,10.12,archive
Well-01,2025-11-06,10.09,10.06,10.13,archive
Well-01,2025-11-07,10.05,10.02,10.09,archive
Well-01,2025-11-08,10.1,10.07,10.14,archive
Well-01,2025-11-09,10.16,10.13,10.2,archive
Well-01,2025-11-10,10.15,10.12,10.19,archive
Well-01,2025-11-11,10.19,10.16,10.23,archive
Well-01,2025-11-12,10.17,10.14,10.21,archive
Well-01,2025-11-13,10.21,10.18,10.25,archive
Well-01,2025-11-14,10.22,10.19,10.26,archive
Well-01,2025-11-15,10.22,10.19,10.26,archive
Well-01,2025-11-16,10.23,10.2,10.27,archive
Well-01,2025-11-17,10.21,10.18,10.25,archive
Well-01,2025-11-18,10.21,10.18,10.25,archive
Well-01,2025-11-19,10.29,10.26,10.33,archive
Well-01,2025-11-20,10.32,10.29,10.36,archive
Well-01,2025-11-21,10.33,10.3,10.37,archive
Well-01,2025-11-22,10.38,10.35,10.42,archive
Well-01,2025-11-23,10.43,10.4,10.47,archive
Well-01,2025-11-24,10.41,10.38,10.45,archive
Well-01,2025-11-25,10.39,10.36,10.43,archive
Well-01,2025-11-26,10.36,10.33,10.4,archive
Well-01,2025-11-27,10.37,10.34,10.41,archive
Well-01,2025-11-28,10.42,10.39,10.46,archive
Well-01,2025-11-29,10.4,10.37,10.44,archive
Well-01,2025-11-30,10.61,10.58,10.65,archive
Well-01,2025-12-01,10.6,10.57,10.64,archive
Well-01,2025-12-02,10.55,10.52,10.59,archive
Well-01,2025-12-03,10.62,10.59,10.66,archive
Well-01,2025-12-04,10.74,10.71,10.78,archive
Well-01,2025-12-05,10.84,10.81,10.88,archive
Well-01,2025-12-06,10.79,10.76,10.83,archive
Well-01,2025-12-07,10.87,10.84,10.91,archive
Well-01,2025-12-08,10.88,10.85,10.92,archive
Well-01,2025-12-09,10.88,10.85,10.92,archive
Well-01,2025-12-10,10.9,10.87,10.94,archive
Well-01,2025-12-11,10.93,10.9,10.97,archive
Well-01,2025-12-12,10.96,10.93,11.0,archive
Well-01,2025-12-13,10.98,10.95,11.02,archive
Well-01,2025-12-14,10.99,10.96,11.03,archive
Well-01,2025-12-15,10.96,10.93,11.0,live
Well-01,2025-12-16,11.04,11.01,11.08,live
Well-01,2025-12-17,11.04,11.01,11.08,live
Well-01,2025-12-18,11.08,11.05,11.12,live
Well-01,2025-12-19,11.17,11.14,11.21,live
Well-01,2025-12-20,11.28,11.25,11.32,live
Well-01,2025-12-21,11.21,11.18,11.25,live
Well-01,2025-12-22,11.32,11.29,11.36,live
Well-01,2025-12-23,11.23,11.2,11.27,live
Well-01,2025-12-24,11.19,11.16,11.23,live
Well-01,2025-12-25,11.24,11.21,11.28,live
Well-01,2025-12-26,11.22,11.19,11.26,live
Well-01,2025-12-27,11.25,11.22,11.29,live
Well-01,2025-12-28,11.31,11.28,11.35,live
Well-01,2025-12-29,11.3,11.27,11.34,live
Well-01,2025-12-30,11.33,11.3,11.37,live
Well-01,2025-12-31,11.3,11.27,11.34,live
Well-01,2026-01-01,11.37,11.34,11.41,live
Well-01,2026-01-02,11.42,11.39,11.46,live
Well-01,2026-01-03,11.36,11.33,11.4,live
Well-01,2026-01-04,12.58,12.55,12.62,live
Well-01,2026-01-05,11.33,11.3,11.37,live
Well-01,2026-01-06,11.34,11.31,11.38,live
Well-01,2026-01-07,11.4,11.37,11.44,live
Well-01,2026-01-08,11.33,11.3,11.37,live
Well-01,2026-01-09,11.35,11.32,11.39,live
Well-01,2026-01-10,11.34,11.31,11.38,live
Well-01,2026-01-11,11.43,11.4,11.47,live
Well-01,2026-01-12,11.42,11.39,11.46,live
Well-01,2026-01-13,11.47,11.44,11.51,live
Well-01,2026-01-14,11.51,11.48,11.55,live
Well-01,2026-01-15,11.56,11.53,11.6,live
Well-01,2026-01-16,11.6,11.57,11.64,live
Well-01,2026-01-17,11.54,11.51,11.58,live
Well-01,2026-01-18,11.56,11.53,11.6,live
Well-01,2026-01-19,11.63,11.6,11.67,live
Well-01,2026-01-20,11.71,11.68,11.75,live
Well-01,2026-01-21,11.79,11.76,11.83,live
Well-01,2026-01-22,11.81,11.78,11.85,live
Well-01,2026-01-23,11.76,11.73,11.8,live
Well-01,2026-01-24,11.78,11.75,11.82,live
Well-01,2026-01-25,11.73,11.7,11.77,live
Well-01,2026-01-26,11.73,11.7,11.77,live
Well-01,2026-01-27,11.66,11.63,11.7,live
Well-01,2026-01-28,11.72,11.69,11.76,live
Well-01,2026-01-29,11.75,11.72,11.79,live
Well-01,2026-01-30,11.8,11.77,11.84,live
Well-01,2026-01-31,11.8,11.77,11.84,live
Well-01,2026-02-01,11.8,11.77,11.84,live
Well-01,2026-02-02,11.81,11.78,11.85,live
Well-01,2026-02-03,11.89,11.86,11.93,live
Well-01,2026-02-04,11.96,11.93,12.0,live
Well-01,2026-02-05,11.88,11.85,11.92,live
Well-01,2026-02-06,11.89,11.86,11.93,live
Well-01,2026-02-07,11.81,11.78,11.85,live
Well-01,2026-02-08,11.86,11.83,11.9,live
Well-01,2026-02-09,11.86,11.83,11.9,live
Well-01,2026-02-10,11.74,11.71,11.78,live
Well-01,2026-02-11,11.74,11.71,11.78,live
Well-01,2026-02-12,11.71,11.68,11.75,live
Well-01,2026-02-13,11.67,11.64,11.71,live
Well-01,2026-02-14,11.71,11.68,11.75,live
Well-01,2026-02-15,11.77,11.74,11.81,live
Well-01,2026-02-16,11.77,11.74,11.81,live
Well-01,2026-02-17,11.85,11.82,11.89,live
Well-01,2026-02-18,11.84,11.81,11.88,live
Well-01,2026-02-19,11.88,11.85,11.92,live
Well-01,2026-02-20,11.84,11.81,11.88,live
Well-01,2026-02-21,11.76,11.73,11.8,live
Well-01,2026-02-22,11.79,11.76,11.83,live
Well-01,2026-02-23,11.78,11.75,11.82,live
Well-01,2026-02-24,11.76,11.73,11.8,live
Well-01,2026-02-25,11.78,11.75,11.82,live
Well-01,2026-02-26,11.76,11.73,11.8,live
Well-01,2026-02-27,11.76,11.73,11.8,live
Well-01,2026-02-28,11.69,11.66,11.73,live
Well-01,2026-03-01,11.69,11.66,11.73,live
Well-01,2026-03-02,11.64,11.61,11.68,live
Well-01,2026-03-03,11.68,11.65,11.72,live
Well-01,2026-03-04,11.75,11.72,11.79,live
Well-01,2026-03-05,11.76,11.73,11.8,live
Well-01,2026-03-06,11.79,11.76,11.83,live
Well-01,2026-03-07,11.75,11.72,11.79,live
Well-01,2026-03-08,11.67,11.64,11.71,live
Well-01,2026-03-09,11.68,11.65,11.72,live
Well-01,2026-03-10,11.7,11.67,11.74,live
Well-01,2026-03-11,12.53,12.5,12.57,live
Well-01,2026-03-12,11.55,11.52,11.59,live
Well-01,2026-03-13,11.56,11.53,11.6,live
Well-01,2026-03-14,11.49,11.46,11.53,live
Well-01,2026-03-15,11.48,11.45,11.52,live
Well-01,2026-03-16,11.51,11.48,11.55,live
Well-01,2026-03-17,11.52,11.49,11.56,live
Well-01,2026-03-18,11.52,11.49,11.56,live
Well-01,2026-03-19,11.54,11.51,11.58,live
Well-01,2026-03-20,11.57,11.54,11.61,live
Well-01,2026-03-21,11.52,11.49,11.56,live
Well-01,2026-03-22,11.58,11.55,11.62,live
Well-01,2026-03-23,11.62,11.59,11.66,live
Well-01,2026-03-24,11.64,11.61,11.68,live
Well-01,2026-03-25,11.61,11.58,11.65,live
Well-01,2026-03-26,11.68,11.65,11.72,live
Well-01,2026-03-27,11.68,11.65,11.72,live
Well-01,2026-03-28,11.7,11.67,11.74,live
Well-01,2026-03-29,11.73,11.7,11.77,live
Well-01,2026-03-30,11.77,11.74,11.81,live
Well-01,2026-03-31,11.66,11.63,11.7,live
Well-01,2026-04-01,11.65,11.62,11.69,live
Well-01,2026-04-02,11.63,11.6,11.67,live
Well-01,2026-04-03,11.67,11.64,11.71,live
Well-01,2026-04-04,11.69,11.66,11.73,live
Well-01,2026-04-05,11.67,11.64,11.71,live
Well-01,2026-04-06,11.61,11.58,11.65,live
Well-01,2026-04-07,11.54,11.51,11.58,live
Well-01,2026-04-08,11.59,11.56,11.63,live
Well-01,2026-04-09,11.6,11.57,11.64,live
Well-01,2026-04-10,11.49,11.46,11.53,live
Well-01,2026-04-11,11.46,11.43,11.5,live
Well-01,2026-04-12,11.4,11.37,11.44,live
Well-01,2026-04-13,11.5,11.47,11.54,live
Well-01,2026-04-14,11.51,11.48,11.55,live
Well-01,2026-04-15,11.45,11.42,11.49,live
Well-01,2026-04-16,11.46,11.43,11.5,live
Well-01,2026-04-17,11.41,11.38,11.45,live
Well-01,2026-04-18,11.36,11.33,11.4,live
Well-01,2026-04-19,11.35,11.32,11.39,live
Well-01,2026-04-20,11.37,11.34,11.41,live
Well-01,2026-04-21,11.32,11.29,11.36,live
Well-01,2026-04-22,11.32,11.29,11.36,live
Well-01,2026-04-23,11.35,11.32,11.39,live
Well-01,2026-04-24,11.3,11.27,11.34,live
Well-01,2026-04-25,11.22,11.19,11.26,live
Well-01,2026-04-26,11.18,11.15,11.22,live
Well-01,2026-04-27,11.22,11.19,11.26,live
Well-01,2026-04-28,11.24,11.21,11.28,live
Well-01,2026-04-29,11.21,11.18,11.25,live
Well-01,2026-04-30,11.17,11.14,11.21,live
Well-01,2026-05-01,11.21,11.18,11.25,live
Well-01,2026-05-02,11.13,11.1,11.17,live
Well-01,2026-05-03,11.07,11.04,11.11,live
Well-01,2026-05-04,11.02,10.99,11.06,live
Well-01,2026-05-05,11.0,10.97,11.04,live
Well-01,2026-05-06,11.05,11.02,11.09,live
Well-01,2026-05-07,10.98,10.95,11.02,live
Well-01,2026-05-08,10.94,10.91,10.98,live
Well-01,2026-05-09,10.93,10.9,10.97,live
Well-01,2026-05-10,10.99,10.96,11.03,live
Well-01,2026-05-11,11.03,11.0,11.07,live
Well-01,2026-05-12,10.96,10.93,11.0,live
Well-01,2026-05-13,10.99,10.96,11.03,live
Well-01,2026-05-14,10.95,10.92,10.99,live
Well-01,2026-05-15,10.84,10.81,10.88,live
Well-01,2026-05-16,10.78,10.75,10.82,live
Well-01,2026-05-17,10.7,10.67,10.74,live
Well-01,2026-05-18,10.68,10.65,10.72,live
Well-01,2026-05-19,10.7,10.67,10.74,live
Well-01,2026-05-20,10.63,10.6,10.67,live
Well-01,2026-05-21,10.54,10.51,10.58,live
Well-01,2026-05-22,10.51,10.48,10.55,live
Well-01,2026-05-23,10.46,10.43,10.5,live
Well-01,2026-05-24,10.49,10.46,10.53,live
Well-01,2026-05-25,10.43,10.4,10.47,live
Well-01,2026-05-26,10.35,10.32,10.39,live
Well-01,2026-05-27,10.3,10.27,10.34,live
Well-01,2026-05-28,10.28,10.25,10.32,live
Well-01,2026-05-29,10.39,10.36,10.43,live
Well-01,2026-05-30,10.4,10.37,10.44,live
Well-01,2026-05-31,10.36,10.33,10.4,live
Well-01,2026-06-01,10.26,10.23,10.3,live
Well-01,2026-06-02,10.33,10.3,10.37,live
Well-01,2026-06-03,10.37,10.34,10.41,live
Well-01,2026-06-04,10.34,10.31,10.38,live
Well-01,2026-06-05,10.27,10.24,10.31,live
Well-01,2026-06-06,10.24,10.21,10.28,live
Well-01,2026-06-07,10.16,10.13,10.2,live
Well-01,2026-06-08,10.1,10.07,10.14,live
Well-01,2026-06-09,10.06,10.03,10.1,live
Well-01,2026-06-10,9.95,9.92,9.99,live
Well-01,2026-06-11,9.98,9.95,10.02,live
Well-01,2026-06-12,9.97,9.94,10.01,live
Well-01,2026-06-13,9.98,9.95,10.02,live
Well-01,2026-06-14,10.0,9.97,10.04,live
Well-01,2026-06-15,9.99,9.96,10.03,live
Well-01,2026-06-16,9.98,9.95,10.02,live
Well-01,2026-06-17,9.95,9.92,9.99,live
Well-01,2026-06-18,9.99,9.96,10.03,live
Well-01,2026-06-19,10.05,10.02,10.09,live
Well-01,2026-06-20,10.04,10.01,10.08,live
Well-01,2026-06-21,9.94,9.91,9.98,live
Well-01,2026-06-22,9.93,9.9,9.97,live
Well-01,2026-06-23,9.85,9.82,9.89,live
Well-01,2026-06-24,9.89,9.86,9.93,live
Well-01,2026-06-25,9.85,9.82,9.89,live
Well-01,2026-06-26,9.86,9.83,9.9,live
Well-01,2026-06-27,9.9,9.87,9.94,live
Well-01,2026-06-28,9.84,9.81,9.88,live
Well-01,2026-06-29,9.85,9.82,9.89,live
Well-01,2026-06-30,9.85,9.82,9.89,live
Well-01,2026-07-01,9.78,9.75,9.82,live
Well-01,2026-07-02,9.79,9.76,9.83,live
Well-01,2026-07-03,9.75,9.72,9.79,live
Well-01,2026-07-04,9.7,9.67,9.74,live
Well-01,2026-07-05,9.76,9.73,9.8,live
Well-01,2026-07-06,9.8,9.77,9.84,live
Well-01,2026-07-07,9.77,9.74,9.81,live
Well-01,2026-07-08,9.82,9.79,9.86,live
Well-01,2026-07-09,9.75,9.72,9.79,live
Well-01,2026-07-10,9.7,9.67,9.74,live
Well-01,2026-07-11,9.66,9.63,9.7,live
Well-01,2026-07-12,9.63,9.6,9.67,live
Well-01,2026-07-13,9.62,9.59,9.66,live
Well-01,2026-07-14,9.6,9.57,9.64,live
Well-01,2026-07-15,9.57,9.54,9.61,live
Well-01,2026-07-16,9.64,9.61,9.68,live
Well-01,2026-07-17,9.67,9.64,9.71,live
Well-01,2026-07-18,9.67,9.64,9.71,live
Well-01,2026-07-19,9.58,9.55,9.62,live
Well-01,2026-07-20,9.6,9.57,9.64,live
Well-01,2026-07-21,9.58,9.55,9.62,live
Well-01,2026-07-22,9.54,9.51,9.58,live
Well-01,2026-07-23,9.48,9.45,9.52,live
Well-01,2026-07-24,9.51,9.48,9.55,live
Well-01,2026-07-25,9.49,9.46,9.53,live
Well-01,2026-07-26,9.47,9.44,9.51,live
Well-01,2026-07-27,9.49,9.46,9.53,live
Well-01,2026-07-28,9.51,9.48,9.55,live
Well-01,2026-07-29,9.48,9.45,9.52,live
Well-01,2026-07-30,9.49,9.46,9.53,live
Well-01,2026-07-31,9.44,9.41,9.48,live
Well-01,2026-08-01,9.43,9.4,9.47,live
Well-01,2026-08-02,9.38,9.35,9.42,live
Well-01,2026-08-03,9.35,9.32,9.39,live
Well-01,2026-08-04,9.3,9.27,9.34,live
Well-01,2026-08-05,9.26,9.23,9.3,live
Well-01,2026-08-06,9.22,9.19,9.26,live
Well-01,2026-08-07,9.23,9.2,9.27,live
Well-01,2026-08-08,9.23,9.2,9.27,live
Well-01,2026-08-09,9.22,9.19,9.26,live
Well-01,2026-08-10,9.29,9.26,9.33,live
Well-01,2026-08-11,9.27,9.24,9.31,live
Well-01,2026-08-12,9.27,9.24,9.31,live
Well-01,2026-08-13,9.21,9.18,9.25,live
Well-01,2026-08-14,9.21,9.18,9.25,live
Well-01,2026-08-15,9.26,9.23,9.3,live
Well-01,2026-08-16,9.28,9.25,9.32,live
Well-01,2026-08-17,9.29,9.26,9.33,live
Well-01,2026-08-18,9.27,9.24,9.31,live
Well-01,2026-08-19,9.28,9.25,9.32,live
Well-01,2026-08-20,9.26,9.23,9.3,live
Well-01,2026-08-21,9.2,9.17,9.24,live
Well-01,2026-08-22,9.22,9.19,9.26,live
Well-01,2026-08-23,9.23,9.2,9.27,live
Well-01,2026-08-24,9.3,9.27,9.34,live
Well-01,2026-08-25,9.28,9.25,9.32,live
Well-01,2026-08-26,9.25,9.22,9.29,live
Well-01,2026-08-27,9.35,9.32,9.39,live
Well-01,2026-08-28,9.39,9.36,9.43,live
Well-01,2026-08-29,9.37,9.34,9.41,live
Well-01,2026-08-30,9.37,9.34,9.41,live
Well-01,2026-08-31,9.38,9.35,9.42,live
Well-01,2026-09-01,9.37,9.34,9.41,live
Well-01,2026-09-02,9.35,9.32,9.39,live
Well-01,2026-09-03,9.38,9.35,9.42,live
Well-01,2026-09-04,9.44,9.41,9.48,live
Well-01,2026-09-05,9.52,9.49,9.56,live
Well-01,2026-09-06,9.49,9.46,9.53,live
Well-01,2026-09-07,9.49,9.46,9.53,live
Well-01,2026-09-08,9.49,9.46,9.53,live
Well-01,2026-09-09,9.42,9.39,9.46,live
Well-01,2026-09-10,9.5,9.47,9.54,live
Well-01,2026-09-11,9.58,9.55,9.62,live
Well-01,2026-09-12,9.6,9.57,9.64,live
Well-01,2026-09-13,9.56,9.53,9.6,live
Well-01,2026-09-14,9.5,9.47,9.54,live
Well-01,2026-09-15,9.43,9.4,9.47,live
Well-01,2026-09-16,9.38,9.35,9.42,live
Well-01,2026-09-17,9.38,9.35,9.42,live
Well-01,2026-09-18,9.34,9.31,9.38,live
Well-01,2026-09-19,9.45,9.42,9.49,live
Well-01,2026-09-20,9.51,9.48,9.55,live
Well-01,2026-09-21,9.62,9.59,9.66,live
Well-01,2026-09-22,9.6,9.57,9.64,live
Well-01,2026-09-23,9.64,9.61,9.68,live
Well-01,2026-09-24,9.68,9.65,9.72,live
Well-02,2022-06-01,10.86,10.83,10.9,archive
Well-02,2022-06-02,10.79,10.76,10.83,archive
Well-02,2022-06-03,10.72,10.69,10.76,archive
Well-02,2022-06-04,10.65,10.62,10.69,archive
Well-02,2022-06-05,10.56,10.53,10.6,archive
Well-02,2022-06-06,10.57,10.54,10.61,archive
Well-02,2022-06-07,10.57,10.54,10.61,archive
Well-02,2022-06-08,10.52,10.49,10.56,archive
Well-02,2022-06-09,10.54,10.51,10.58,archive
Well-02,2022-06-10,10.56,10.53,10.6,archive
Well-02,2022-06-11,10.51,10.48,10.55,archive
Well-02,2022-06-12,10.47,10.44,10.51,archive
Well-02,2022-06-13,10.52,10.49,10.56,archive
Well-02,2022-06-14,10.45,10.42,10.49,archive
Well-02,2022-06-15,10.38,10.35,10.42,archive
Well-02,2022-06-16,10.46,10.43,10.5,archive
Well-02,2022-06-17,10.5,10.47,10.54,archive
Well-02,2022-06-18,10.38,10.35,10.42,archive
Well-02,2022-06-19,10.36,10.33,10.4,archive
Well-02,2022-06-20,10.33,10.3,10.37,archive
Well-02,2022-06-21,10.3,10.27,10.34,archive
Well-02,2022-06-22,10.26,10.23,10.3,archive
Well-02,2022-06-23,10.16,10.13,10.2,archive
Well-02,2022-06-24,10.23,10.2,10.27,archive
Well-02,2022-06-25,10.22,10.19,10.26,archive
Well-02,2022-06-26,10.25,10.22,10.29,archive
Well-02,2022-06-27,10.19,10.16,10.23,archive
Well-02,2022-06-28,10.18,10.15,10.22,archive
Well-02,2022-06-29,10.08,10.05,10.12,archive
Well-02,2022-06-30,10.04,10.01,10.08,archive
Well-02,2022-07-01,9.98,9.95,10.02,archive
Well-02,2022-07-02,10.02,9.99,10.06,archive
Well-02,2022-07-03,9.99,9.96,10.03,archive
Well-02,2022-07-04,9.97,9.94,10.01,archive
Well-02,2022-07-05,9.93,9.9,9.97,archive
Well-02,2022-07-06,9.89,9.86,9.93,archive
Well-02,2022-07-07,9.89,9.86,9.93,archive
Well-02,2022-07-08,9.88,9.85,9.92,archive
Well-02,2022-07-09,9.77,9.74,9.81,archive
Well-02,2022-07-10,9.75,9.72,9.79,archive
Well-02,2022-07-11,9.73,9.7,9.77,archive
Well-02,2022-07-12,9.82,9.79,9.86,archive
Well-02,2022-07-13,9.77,9.74,9.81,archive
Well-02,2022-07-14,9.78,9.75,9.82,archive
Well-02,2022-07-15,9.74,9.71,9.78,archive
Well-02,2022-07-16,9.76,9.73,9.8,archive
Well-02,2022-07-17,9.72,9.69,9.76,archive
Well-02,2022-07-18,9.72,9.69,9.76,archive
Well-02,2022-07-19,9.73,9.7,9.77,archive
Well-02,2022-07-20,9.72,9.69,9.76,archive
Well-02,2022-07-21,9.67,9.64,9.71,archive
Well-02,2022-07-22,9.61,9.58,9.65,archive
Well-02,2022-07-23,9.53,9.5,9.57,archive
Well-02,2022-07-24,9.51,9.48,9.55,archive
Well-02,2022-07-25,9.49,9.46,9.53,archive
Well-02,2022-07-26,9.43,9.4,9.47,archive
Well-02,2022-07-27,9.45,9.42,9.49,archive
Well-02,2022-07-28,9.52,9.49,9.56,archive
Well-02,2022-07-29,9.51,9.48,9.55,archive
Well-02,2022-07-30,9.53,9.5,9.57,archive
Well-02,2022-07-31,9.46,9.43,9.5,archive
Well-02,2022-08-01,9.44,9.41,9.48,archive
Well-02,2022-08-02,9.47,9.44,9.51,archive
Well-02,2022-08-03,9.43,9.4,9.47,archive
Well-02,2022-08-04,9.34,9.31,9.38,archive
Well-02,2022-08-05,9.27,9.24,9.31,archive
Well-02,2022-08-06,9.24,9.21,9.28,archive
Well-02,2022-08-07,9.21,9.18,9.25,archive
Well-02,2022-08-08,9.18,9.15,9.22,archive
Well-02,2022-08-09,9.24,9.21,9.28,archive
Well-02,2022-08-10,9.21,9.18,9.25,archive
Well-02,2022-08-11,9.18,9.15,9.22,archive
Well-02,2022-08-12,9.22,9.19,9.26,archive
Well-02,2022-08-13,9.18,9.15,9.22,archive
Well-02,2022-08-14,9.23,9.2,9.27,archive
Well-02,2022-08-15,9.2,9.17,9.24,archive
Well-02,2022-08-16,9.26,9.23,9.3,archive
Well-02,2022-08-17,9.16,9.13,9.2,archive
Well-02,2022-08-18,9.14,9.11,9.18,archive
Well-02,2022-08-19,9.18,9.15,9.22,archive
Well-02,2022-08-20,9.12,9.09,9.16,archive
Well-02,2022-08-21,9.06,9.03,9.1,archive
Well-02,2022-08-22,9.01,8.98,9.05,archive
Well-02,2022-08-23,9.05,9.02,9.09,archive
Well-02,2022-08-24,9.02,8.99,9.06,archive
Well-02,2022-08-25,9.0,8.97,9.04,archive
Well-02,2022-08-26,9.04,9.01,9.08,archive
Well-02,2022-08-27,9.09,9.06,9.13,archive
Well-02,2022-08-28,9.12,9.09,9.16,archive
Well-02,2022-08-29,9.25,9.22,9.29,archive
Well-02,2022-08-30,9.31,9.28,9.35,archive
Well-02,2022-08-31,9.28,9.25,9.32,archive
Well-02,2022-09-01,9.31,9.28,9.35,archive
Well-02,2022-09-02,9.25,9.22,9.29,archive
Well-02,2022-09-03,9.24,9.21,9.28,archive
Well-02,2022-09-04,9.23,9.2,9.27,archive
Well-02,2022-09-05,9.23,9.2,9.27,archive
Well-02,2022-09-06,9.3,9.27,9.34,archive
Well-02,2022-09-07,9.33,9.3,9.37,archive
Well-02,2022-09-08,9.27,9.24,9.31,archive
Well-02,2022-09-09,9.3,9.27,9.34,archive
Well-02,2022-09-10,9.31,9.28,9.35,archive
Well-02,2022-09-11,9.42,9.39,9.46,archive
Well-02,2022-09-12,9.5,9.47,9.54,archive
Well-02,2022-09-13,9.41,9.38,9.45,archive
Well-02,2022-09-14,9.4,9.37,9.44,archive
Well-02,2022-09-15,9.39,9.36,9.43,archive
Well-02,2022-09-16,9.35,9.32,9.39,archive
Well-02,2022-09-17,9.38,9.35,9.42,archive
Well-02,2022-09-18,9.4,9.37,9.44,archive
Well-02,2022-09-19,9.36,9.33,9.4,archive
Well-02,2022-09-20,9.35,9.32,9.39,archive
Well-02,2022-09-21,9.36,9.33,9.4,archive
Well-02,2022-09-22,9.44,9.41,9.48,archive
Well-02,2022-09-23,9.47,9.44,9.51,archive
Well-02,2022-09-24,9.45,9.42,9.49,archive
Well-02,2022-09-25,9.44,9.41,9.48,archive
Well-02,2022-09-26,9.38,9.35,9.42,archive
Well-02,2022-09-27,9.38,9.35,9.42,archive
Well-02,2022-09-28,9.43,9.4,9.47,archive
Well-02,2022-09-29,9.51,9.48,9.55,archive
Well-02,2022-09-30,9.5,9.47,9.54,archive
Well-02,2022-10-01,9.46,9.43,9.5,archive
Well-02,2022-10-02,9.49,9.46,9.53,archive
Well-02,2022-10-03,9.51,9.48,9.55,archive
Well-02,2022-10-04,9.5,9.47,9.54,archive
Well-02,2022-10-05,9.55,9.52,9.59,archive
Well-02,2022-10-06,9.54,9.51,9.58,archive
Well-02,2022-10-07,9.57,9.54,9.61,archive
Well-02,2022-10-08,9.58,9.55,9.62,archive
Well-02,2022-10-09,9.61,9.58,9.65,archive
Well-02,2022-10-10,9.62,9.59,9.66,archive
Well-02,2022-10-11,9.67,9.64,9.71,archive
Well-02,2022-10-12,9.74,9.71,9.78,archive
Well-02,2022-10-13,9.73,9.7,9.77,archive
Well-02,2022-10-14,9.86,9.83,9.9,archive
Well-02,2022-10-15,9.81,9.78,9.85,archive
Well-02,2022-10-16,9.81,9.78,9.85,archive
Well-02,2022-10-17,9.82,9.79,9.86,archive
Well-02,2022-10-18,9.82,9.79,9.86,archive
Well-02,2022-10-19,9.87,9.84,9.91,archive
Well-02,2022-10-20,9.94,9.91,9.98,archive
Well-02,2022-10-21,9.98,9.95,10.02,archive
Well-02,2022-10-22,10.01,9.98,10.05,archive
Well-02,2022-10-23,10.0,9.97,10.04,archive
Well-02,2022-10-24,10.06,10.03,10.1,archive
Well-02,2022-10-25,10.1,10.07,10.14,archive
Well-02,2022-10-26,10.1,10.07,10.14,archive
Well-02,2022-10-27,10.14,10.11,10.18,archive
Well-02,2022-10-28,10.27,10.24,10.31,archive
Well-02,2022-10-29,10.33,10.3,10.37,archive
Well-02,2022-10-30,10.41,10.38,10.45,archive
Well-02,2022-10-31,10.33,10.3,10.37,archive
Well-02,2022-11-01,10.42,10.39,10.46,archive
Well-02,2022-11-02,10.44,10.41,10.48,archive
Well-02,2022-11-03,10.4,10.37,10.44,archive
Well-02,2022-11-04,10.4,10.37,10.44,archive
Well-02,2022-11-05,10.44,10.41,10.48,archive
Well-02,2022-11-06,10.43,10.4,10.47,archive
Well-02,2022-11-07,10.4,10.37,10.44,archive
Well-02,2022-11-08,10.46,10.43,10.5,archive
Well-02,2022-11-09,10.43,10.4,10.47,archive
Well-02,2022-11-10,10.46,10.43,10.5,archive
Well-02,2022-11-11,10.45,10.42,10.49,archive
Well-02,2022-11-12,10.46,10.43,10.5,archive
Well-02,2022-11-13,10.45,10.42,10.49,archive
Well-02,2022-11-14,10.48,10.45,10.52,archive
Well-02,2022-11-15,10.52,10.49,10.56,archive
Well-02,2022-11-16,10.48,10.45,10.52,archive
Well-02,2022-11-17,10.48,10.45,10.52,archive
Well-02,2022-11-18,10.49,10.46,10.53,archive
Well-02,2022-11-19,10.55,10.52,10.59,archive
Well-02,2022-11-20,10.59,10.56,10.63,archive
Well-02,2022-11-21,10.68,10.65,10.72,archive
Well-02,2022-11-22,10.76,10.73,10.8,archive
Well-02,2022-11-23,10.89,10.86,10.93,archive
Well-02,2022-11-24,10.97,10.94,11.01,archive
Well-02,2022-11-25,11.05,11.02,11.09,archive
Well-02,2022-11-26,11.11,11.08,11.15,archive
Well-02,2022-11-27,11.04,11.01,11.08,archive
Well-02,2022-11-28,10.99,10.96,11.03,archive
Well-02,2022-11-29,10.98,10.95,11.02,archive
Well-02,2022-11-30,10.96,10.93,11.0,archive
Well-02,2022-12-01,11.03,11.0,11.07,archive
Well-02,2022-12-02,11.11,11.08,11.15,archive
Well-02,2022-12-03,11.15,11.12,11.19,archive
Well-02,2022-12-04,11.13,11.1,11.17,archive
Well-02,2022-12-05,11.23,11.2,11.27,archive
Well-02,2022-12-06,11.22,11.19,11.26,archive
Well-02,2022-12-07,11.24,11.21,11.28,archive
Well-02,2022-12-08,11.32,11.29,11.36,archive
Well-02,2022-12-09,11.36,11.33,11.4,archive
Well-02,2022-12-10,11.39,11.36,11.43,archive
Well-02,2022-12-11,11.38,11.35,11.42,archive
Well-02,2022-12-12,11.46,11.43,11.5,archive
Well-02,2022-12-13,11.4,11.37,11.44,archive
Well-02,2022-12-14,11.38,11.35,11.42,archive
Well-02,2022-12-15,11.49,11.46,11.53,archive
Well-02,2022-12-16,11.51,11.48,11.55,archive
Well-02,2022-12-17,11.6,11.57,11.64,archive
Well-02,2022-12-18,11.52,11.49,11.56,archive
Well-02,2022-12-19,11.55,11.52,11.59,archive
Well-02,2022-12-20,11.59,11.56,11.63,archive
Well-02,2022-12-21,11.59,11.56,11.63,archive
Well-02,2022-12-22,11.56,11.53,11.6,archive
Well-02,2022-12-23,11.66,11.63,11.7,archive
Well-02,2022-12-24,11.74,11.71,11.78,archive
Well-02,2022-12-25,11.78,11.75,11.82,archive
Well-02,2022-12-26,11.88,11.85,11.92,archive
Well-02,2022-12-27,11.88,11.85,11.92,archive
Well-02,2022-12-28,11.85,11.82,11.89,archive
Well-02,2022-12-29,11.93,11.9,11.97,archive
Well-02,2022-12-30,11.91,11.88,11.95,archive
Well-02,2022-12-31,11.96,11.93,12.0,archive
Well-02,2023-01-01,11.98,11.95,12.02,archive
Well-02,2023-01-02,11.97,11.94,12.01,archive
Well-02,2023-01-03,11.91,11.88,11.95,archive
Well-02,2023-01-04,11.92,11.89,11.96,archive
Well-02,2023-01-05,12.09,12.06,12.13,archive
Well-02,2023-01-06,12.08,12.05,12.12,archive
Well-02,2023-01-07,12.16,12.13,12.2,archive
Well-02,2023-01-08,12.2,12.17,12.24,archive
Well-02,2023-01-09,12.29,12.26,12.33,archive
Well-02,2023-01-10,12.34,12.31,12.38,archive
Well-02,2023-01-11,12.43,12.4,12.47,archive
Well-02,2023-01-12,12.48,12.45,12.52,archive
Well-02,2023-01-13,12.52,12.49,12.56,archive
Well-02,2023-01-14,12.52,12.49,12.56,archive
Well-02,2023-01-15,13.85,13.82,13.89,archive
Well-02,2023-01-16,12.55,12.52,12.59,archive
Well-02,2023-01-17,12.55,12.52,12.59,archive
Well-02,2023-01-18,12.54,12.51,12.58,archive
Well-02,2023-01-19,12.52,12.49,12.56,archive
Well-02,2023-01-20,12.54,12.51,12.58,archive
Well-02,2023-01-21,12.65,12.62,12.69,archive
Well-02,2023-01-22,12.68,12.65,12.72,archive
Well-02,2023-01-23,12.62,12.59,12.66,archive
Well-02,2023-01-24,12.6,12.57,12.64,archive
Well-02,2023-01-25,13.2,13.17,13.24,archive
Well-02,2023-01-26,12.62,12.59,12.66,archive
Well-02,2023-01-27,12.7,12.67,12.74,archive
Well-02,2023-01-28,12.72,12.69,12.76,archive
Well-02,2023-01-29,12.74,12.71,12.78,archive
Well-02,2023-01-30,12.79,12.76,12.83,archive
Well-02,2023-01-31,12.89,12.86,12.93,archive
Well-02,2023-02-01,12.92,12.89,12.96,archive
Well-02,2023-02-02,13.02,12.99,13.06,archive
Well-02,2023-02-03,13.0,12.97,13.04,archive
Well-02,2023-02-04,13.0,12.97,13.04,archive
Well-02,2023-02-05,12.93,12.9,12.97,archive
Well-02,2023-02-06,12.97,12.94,13.01,archive
Well-02,2023-02-07,13.01,12.98,13.05,archive
Well-02,2023-02-08,13.01,12.98,13.05,archive
Well-02,2023-02-09,12.9,12.87,12.94,archive
Well-02,2023-02-10,12.83,12.8,12.87,archive
Well-02,2023-02-11,12.84,12.81,12.88,archive
Well-02,2023-02-12,12.87,12.84,12.91,archive
Well-02,2023-02-13,12.91,12.88,12.95,archive
Well-02,2023-02-14,12.93,12.9,12.97,archive
Well-02,2023-02-15,12.88,12.85,12.92,archive
Well-02,2023-02-16,12.89,12.86,12.93,archive
Well-02,2023-02-17,12.89,12.86,12.93,archive
Well-02,2023-02-18,12.96,12.93,13.0,archive
Well-02,2023-02-19,12.95,12.92,12.99,archive
Well-02,2023-02-20,12.92,12.89,12.96,archive
Well-02,2023-02-21,12.94,12.91,12.98,archive
Well-02,2023-02-22,12.98,12.95,13.02,archive
Well-02,2023-02-23,13.07,13.04,13.11,archive
Well-02,2023-02-24,13.11,13.08,13.15,archive
Well-02,2023-02-25,12.99,12.96,13.03,archive
Well-02,2023-02-26,12.88,12.85,12.92,archive
Well-02,2023-02-27,12.94,12.91,12.98,archive
Well-02,2023-02-28,12.94,12.91,12.98,archive
Well-02,2023-03-01,12.95,12.92,12.99,archive
Well-02,2023-03-02,12.98,12.95,13.02,archive
Well-02,2023-03-03,12.93,12.9,12.97,archive
Well-02,2023-03-04,12.9,12.87,12.94,archive
Well-02,2023-03-05,12.89,12.86,12.93,archive
Well-02,2023-03-06,12.9,12.87,12.94,archive
Well-02,2023-03-07,12.87,12.84,12.91,archive
Well-02,2023-03-08,12.9,12.87,12.94,archive
Well-02,2023-03-09,12.84,12.81,12.88,archive
Well-02,2023-03-10,12.8,12.77,12.84,archive
Well-02,2023-03-11,12.94,12.91,12.98,archive
Well-02,2023-03-12,12.92,12.89,12.96,archive
Well-02,2023-03-13,12.87,12.84,12.91,archive
Well-02,2023-03-14,12.86,12.83,12.9,archive
Well-02,2023-03-15,12.79,12.76,12.83,archive
Well-02,2023-03-16,12.85,12.82,12.89,archive
Well-02,2023-03-17,12.76,12.73,12.8,archive
Well-02,2023-03-18,12.64,12.61,12.68,archive
Well-02,2023-03-19,12.6,12.57,12.64,archive
Well-02,2023-03-20,13.48,13.45,13.52,archive
Well-02,2023-03-21,12.66,12.63,12.7,archive
Well-02,2023-03-22,12.7,12.67,12.74,archive
Well-02,2023-03-23,12.71,12.68,12.75,archive
Well-02,2023-03-24,12.68,12.65,12.72,archive
Well-02,2023-03-25,12.59,12.56,12.63,archive
Well-02,2023-03-26,12.62,12.59,12.66,archive
Well-02,2023-03-27,12.64,12.61,12.68,archive
Well-02,2023-03-28,12.57,12.54,12.61,archive
Well-02,2023-03-29,12.48,12.45,12.52,archive
Well-02,2023-03-30,12.48,12.45,12.52,archive
Well-02,2023-03-31,12.49,12.46,12.53,archive
Well-02,2023-04-01,12.46,12.43,12.5,archive
Well-02,2023-04-02,12.48,12.45,12.52,archive
Well-02,2023-04-03,12.42,12.39,12.46,archive
Well-02,2023-04-04,12.48,12.45,12.52,archive
Well-02,2023-04-05,12.49,12.46,12.53,archive
Well-02,2023-04-06,12.51,12.48,12.55,archive
Well-02,2023-04-07,12.6,12.57,12.64,archive
Well-02,2023-04-08,12.57,12.54,12.61,archive
Well-02,2023-04-09,12.44,12.41,12.48,archive
Well-02,2023-04-10,12.45,12.42,12.49,archive
Well-02,2023-04-11,12.36,12.33,12.4,archive
Well-02,2023-04-12,12.4,12.37,12.44,archive
Well-02,2023-04-13,12.29,12.26,12.33,archive
Well-02,2023-04-14,12.18,12.15,12.22,archive
Well-02,2023-04-15,12.17,12.14,12.21,archive
Well-02,2023-04-16,12.16,12.13,12.2,archive
Well-02,2023-04-17,12.05,12.02,12.09,archive
Well-02,2023-04-18,11.97,11.94,12.01,archive
Well-02,2023-04-19,11.95,11.92,11.99,archive
Well-02,2023-04-20,11.91,11.88,11.95,archive
Well-02,2023-04-21,11.85,11.82,11.89,archive
Well-02,2023-04-22,11.95,11.92,11.99,archive
Well-02,2023-04-23,11.94,11.91,11.98,archive
Well-02,2023-04-24,11.86,11.83,11.9,archive
Well-02,2023-04-25,11.87,11.84,11.91,archive
Well-02,2023-04-26,11.77,11.74,11.81,archive
Well-02,2023-04-27,11.85,11.82,11.89,archive
Well-02,2023-04-28,11.83,11.8,11.87,archive
Well-02,2023-04-29,11.72,11.69,11.76,archive
Well-02,2023-04-30,11.64,11.61,11.68,archive
Well-02,2023-05-01,11.65,11.62,11.69,archive
Well-02,2023-05-02,11.74,11.71,11.78,archive
Well-02,2023-05-03,11.77,11.74,11.81,archive
Well-02,2023-05-04,11.8,11.77,11.84,archive
Well-02,2023-05-05,11.77,11.74,11.81,archive
Well-02,2023-05-06,11.73,11.7,11.77,archive
Well-02,2023-05-07,11.75,11.72,11.79,archive
Well-02,2023-05-08,11.71,11.68,11.75,archive
Well-02,2023-05-09,11.72,11.69,11.76,archive
Well-02,2023-05-10,11.71,11.68,11.75,archive
Well-02,2023-05-11,11.62,11.59,11.66,archive
Well-02,2023-05-12,11.57,11.54,11.61,archive
Well-02,2023-05-13,11.51,11.48,11.55,archive
Well-02,2023-05-14,11.51,11.48,11.55,archive
Well-02,2023-05-15,11.49,11.46,11.53,archive
Well-02,2023-05-16,11.41,11.38,11.45,archive
Well-02,2023-05-17,11.4,11.37,11.44,archive
Well-02,2023-05-18,11.38,11.35,11.42,archive
Well-02,2023-05-19,11.38,11.35,11.42,archive
Well-02,2023-05-20,11.37,11.34,11.41,archive
Well-02,2023-05-21,11.35,11.32,11.39,archive
Well-02,2023-05-22,11.44,11.41,11.48,archive
Well-02,2023-05-23,11.33,11.3,11.37,archive
Well-02,2023-05-24,11.35,11.32,11.39,archive
Well-02,2023-05-25,11.26,11.23,11.3,archive
Well-02,2023-05-26,11.22,11.19,11.26,archive
Well-02,2023-05-27,11.21,11.18,11.25,archive
Well-02,2023-05-28,11.22,11.19,11.26,archive
Well-02,2023-05-29,11.1,11.07,11.14,archive
Well-02,2023-05-30,11.04,11.01,11.08,archive
Well-02,2023-05-31,11.04,11.01,11.08,archive
Well-02,2023-06-01,11.06,11.03,11.1,archive
Well-02,2023-06-02,10.99,10.96,11.03,archive
Well-02,2023-06-03,10.97,10.94,11.01,archive
Well-02,2023-06-04,10.86,10.83,10.9,archive
Well-02,2023-06-05,10.85,10.82,10.89,archive
Well-02,2023-06-06,10.83,10.8,10.87,archive
Well-02,2023-06-07,10.75,10.72,10.79,archive
Well-02,2023-06-08,10.69,10.66,10.73,archive
Well-02,2023-06-09,10.69,10.66,10.73,archive
Well-02,2023-06-10,10.64,10.61,10.68,archive
Well-02,2023-06-11,10.57,10.54,10.61,archive
Well-02,2023-06-12,10.65,10.62,10.69,archive
Well-02,2023-06-13,10.59,10.56,10.63,archive
Well-02,2023-06-14,10.59,10.56,10.63,archive
Well-02,2023-06-15,10.49,10.46,10.53,archive
Well-02,2023-06-16,10.38,10.35,10.42,archive
Well-02,2023-06-17,10.39,10.36,10.43,archive
Well-02,2023-06-18,10.39,10.36,10.43,archive
Well-02,2023-06-19,10.38,10.35,10.42,archive
Well-02,2023-06-20,10.27,10.24,10.31,archive
Well-02,2023-06-21,10.18,10.15,10.22,archive
Well-02,2023-06-22,10.19,10.16,10.23,archive
Well-02,2023-06-23,10.28,10.25,10.32,archive
Well-02,2023-06-24,10.28,10.25,10.32,archive
Well-02,2023-06-25,10.21,10.18,10.25,archive
Well-02,2023-06-26,10.08,10.05,10.12,archive
Well-02,2023-06-27,9.92,9.89,9.96,archive
Well-02,2023-06-28,9.97,9.94,10.01,archive
Well-02,2023-06-29,9.83,9.8,9.87,archive
Well-02,2023-06-30,9.78,9.75,9.82,archive
Well-02,2023-07-01,9.71,9.68,9.75,archive
Well-02,2023-07-02,9.79,9.76,9.83,archive
Well-02,2023-07-03,9.85,9.82,9.89,archive
Well-02,2023-07-04,9.84,9.81,9.88,archive
Well-02,2023-07-05,9.89,9.86,9.93,archive
Well-02,2023-07-06,9.84,9.81,9.88,archive
Well-02,2023-07-07,9.85,9.82,9.89,archive
Well-02,2023-07-08,9.8,9.77,9.84,archive
Well-02,2023-07-09,9.8,9.77,9.84,archive
Well-02,2023-07-10,9.87,9.84,9.91,archive
Well-02,2023-07-11,9.99,9.96,10.03,archive
Well-02,2023-07-12,9.88,9.85,9.92,archive
Well-02,2023-07-13,9.9,9.87,9.94,archive
Well-02,2023-07-14,9.94,9.91,9.98,archive
Well-02,2023-07-15,9.85,9.82,9.89,archive
Well-02,2023-07-16,9.84,9.81,9.88,archive
Well-02,2023-07-17,9.8,9.77,9.84,archive
Well-02,2023-07-18,9.76,9.73,9.8,archive
Well-02,2023-07-19,9.71,9.68,9.75,archive
Well-02,2023-07-20,9.72,9.69,9.76,archive
Well-02,2023-07-21,9.67,9.64,9.71,archive
Well-02,2023-07-22,9.63,9.6,9.67,archive
Well-02,2023-07-23,9.53,9.5,9.57,archive
Well-02,2023-07-24,9.49,9.46,9.53,archive
Well-02,2023-07-25,9.45,9.42,9.49,archive
Well-02,2023-07-26,9.38,9.35,9.42,archive
Well-02,2023-07-27,9.34,9.31,9.38,archive
Well-02,2023-07-28,9.26,9.23,9.3,archive
Well-02,2023-07-29,9.16,9.13,9.2,archive
Well-02,2023-07-30,9.1,9.07,9.14,archive
Well-02,2023-07-31,9.07,9.04,9.11,archive
Well-02,2023-08-01,9.06,9.03,9.1,archive
Well-02,2023-08-02,9.03,9.0,9.07,archive
Well-02,2023-08-03,9.05,9.02,9.09,archive
Well-02,2023-08-04,9.07,9.04,9.11,archive
Well-02,2023-08-05,9.12,9.09,9.16,archive
Well-02,2023-08-06,9.12,9.09,9.16,archive
Well-02,2023-08-07,9.09,9.06,9.13,archive
Well-02,2023-08-08,9.15,9.12,9.19,archive
Well-02,2023-08-09,9.13,9.1,9.17,archive
Well-02,2023-08-10,9.06,9.03,9.1,archive
Well-02,2023-08-11,9.08,9.05,9.12,archive
Well-02,2023-08-12,9.01,8.98,9.05,archive
Well-02,2023-08-13,8.97,8.94,9.01,archive
Well-02,2023-08-14,8.94,8.91,8.98,archive
Well-02,2023-08-15,8.97,8.94,9.01,archive
Well-02,2023-08-16,9.02,8.99,9.06,archive
Well-02,2023-08-17,8.96,8.93,9.0,archive
Well-02,2023-08-18,8.84,8.81,8.88,archive
Well-02,2023-08-19,8.87,8.84,8.91,archive
Well-02,2023-08-20,8.89,8.86,8.93,archive
Well-02,2023-08-21,8.9,8.87,8.94,archive
Well-02,2023-08-22,8.95,8.92,8.99,archive
Well-02,2023-08-23,9.02,8.99,9.06,archive
Well-02,2023-08-24,9.02,8.99,9.06,archive
Well-02,2023-08-25,9.01,8.98,9.05,archive
Well-02,2023-08-26,9.03,9.0,9.07,archive
Well-02,2023-08-27,9.07,9.04,9.11,archive
Well-02,2023-08-28,9.08,9.05,9.12,archive
Well-02,2023-08-29,9.11,9.08,9.15,archive
Well-02,2023-08-30,9.09,9.06,9.13,archive
Well-02,2023-08-31,9.16,9.13,9.2,archive
Well-02,2023-09-01,9.15,9.12,9.19,archive
Well-02,2023-09-02,9.06,9.03,9.1,archive
Well-02,2023-09-03,9.17,9.14,9.21,archive
Well-02,2023-09-04,9.12,9.09,9.16,archive
Well-02,2023-09-05,9.09,9.06,9.13,archive
Well-02,2023-09-06,9.08,9.05,9.12,archive
Well-02,2023-09-07,9.12,9.09,9.16,archive
Well-02,2023-09-08,9.14,9.11,9.18,archive
Well-02,2023-09-09,9.04,9.01,9.08,archive
Well-02,2023-09-10,9.02,8.99,9.06,archive
Well-02,2023-09-11,9.09,9.06,9.13,archive
Well-02,2023-09-12,9.09,9.06,9.13,archive
Well-02,2023-09-13,9.07,9.04,9.11,archive
Well-02,2023-09-14,9.06,9.03,9.1,archive
Well-02,2023-09-15,9.08,9.05,9.12,archive
Well-02,2023-09-16,9.06,9.03,9.1,archive
Well-02,2023-09-17,9.09,9.06,9.13,archive
Well-02,2023-09-18,9.14,9.11,9.18,archive
Well-02,2023-09-19,9.11,9.08,9.15,archive
Well-02,2023-09-20,9.15,9.12,9.19,archive
Well-02,2023-09-21,9.25,9.22,9.29,archive
Well-02,2023-09-22,9.3,9.27,9.34,archive
Well-02,2023-09-23,9.31,9.28,9.35,archive
Well-02,2023-09-24,9.29,9.26,9.33,archive
Well-02,2023-09-25,9.3,9.27,9.34,archive
Well-02,2023-09-26,9.33,9.3,9.37,archive
Well-02,2023-09-27,9.32,9.29,9.36,archive
Well-02,2023-09-28,9.41,9.38,9.45,archive
Well-02,2023-09-29,9.4,9.37,9.44,archive
Well-02,2023-09-30,9.44,9.41,9.48,archive
Well-02,2023-10-01,9.42,9.39,9.46,archive
Well-02,2023-10-02,9.48,9.45,9.52,archive
Well-02,2023-10-03,9.52,9.49,9.56,archive
Well-02,2023-10-04,9.5,9.47,9.54,archive
Well-02,2023-10-05,9.58,9.55,9.62,archive
Well-02,2023-10-06,9.64,9.61,9.68,archive
Well-02,2023-10-07,9.6,9.57,9.64,archive
Well-02,2023-10-08,9.67,9.64,9.71,archive
Well-02,2023-10-09,9.63,9.6,9.67,archive
Well-02,2023-10-10,9.65,9.62,9.69,archive
Well-02,2023-10-11,9.61,9.58,9.65,archive
Well-02,2023-10-12,9.7,9.67,9.74,archive
Well-02,2023-10-13,9.76,9.73,9.8,archive
Well-02,2023-10-14,9.83,9.8,9.87,archive
Well-02,2023-10-15,9.83,9.8,9.87,archive
Well-02,2023-10-16,9.85,9.82,9.89,archive
Well-02,2023-10-17,9.8,9.77,9.84,archive
Well-02,2023-10-18,9.88,9.85,9.92,archive
Well-02,2023-10-19,9.84,9.81,9.88,archive
Well-02,2023-10-20,9.84,9.81,9.88,archive
Well-02,2023-10-21,9.83,9.8,9.87,archive
Well-02,2023-10-22,9.99,9.96,10.03,archive
Well-02,2023-10-23,10.08,10.05,10.12,archive
Well-02,2023-10-24,10.07,10.04,10.11,archive
Well-02,2023-10-25,10.04,10.01,10.08,archive
Well-02,2023-10-26,10.07,10.04,10.11,archive
Well-02,2023-10-27,10.04,10.01,10.08,archive
Well-02,2023-10-28,10.06,10.03,10.1,archive
Well-02,2023-10-29,10.08,10.05,10.12,archive
Well-02,2023-10-30,10.06,10.03,10.1,archive
Well-02,2023-10-31,10.1,10.07,10.14,archive
Well-02,2023-11-01,10.1,10.07,10.14,archive
Well-02,2023-11-02,10.2,10.17,10.24,archive
Well-02,2023-11-03,10.27,10.24,10.31,archive
Well-02,2023-11-04,10.27,10.24,10.31,archive
Well-02,2023-11-05,10.27,10.24,10.31,archive
Well-02,2023-11-06,10.32,10.29,10.36,archive
Well-02,2023-11-07,10.41,10.38,10.45,archive
Well-02,2023-11-08,10.47,10.44,10.51,archive
Well-02,2023-11-09,10.44,10.41,10.48,archive
Well-02,2023-11-10,10.45,10.42,10.49,archive
Well-02,2023-11-11,10.46,10.43,10.5,archive
Well-02,2023-11-12,10.45,10.42,10.49,archive
Well-02,2023-11-13,10.36,10.33,10.4,archive
Well-02,2023-11-14,11.72,11.69,11.76,archive
Well-02,2023-11-15,10.4,10.37,10.44,archive
Well-02,2023-11-16,10.41,10.38,10.45,archive
Well-02,2023-11-17,10.46,10.43,10.5,archive
Well-02,2023-11-18,10.48,10.45,10.52,archive
Well-02,2023-11-19,10.55,10.52,10.59,archive
Well-02,2023-11-20,10.61,10.58,10.65,archive
Well-02,2023-11-21,10.53,10.5,10.57,archive
Well-02,2023-11-22,10.61,10.58,10.65,archive
Well-02,2023-11-23,10.55,10.52,10.59,archive
Well-02,2023-11-24,10.64,10.61,10.68,archive
Well-02,2023-11-25,10.7,10.67,10.74,archive
Well-02,2023-11-26,10.72,10.69,10.76,archive
Well-02,2023-11-27,10.83,10.8,10.87,archive
Well-02,2023-11-28,10.87,10.84,10.91,archive
Well-02,2023-11-29,10.93,10.9,10.97,archive
Well-02,2023-11-30,10.94,10.91,10.98,archive
Well-02,2023-12-01,10.99,10.96,11.03,archive
Well-02,2023-12-02,10.96,10.93,11.0,archive
Well-02,2023-12-03,11.07,11.04,11.11,archive
Well-02,2023-12-04,11.12,11.09,11.16,archive
Well-02,2023-12-05,11.19,11.16,11.23,archive
Well-02,2023-12-06,11.27,11.24,11.31,archive
Well-02,2023-12-07,11.35,11.32,11.39,archive
Well-02,2023-12-08,11.37,11.34,11.41,archive
Well-02,2023-12-09,11.36,11.33,11.4,archive
Well-02,2023-12-10,11.55,11.52,11.59,archive
Well-02,2023-12-11,11.58,11.55,11.62,archive
Well-02,2023-12-12,11.68,11.65,11.72,archive
Well-02,2023-12-13,11.68,11.65,11.72,archive
Well-02,2023-12-14,11.71,11.68,11.75,archive
Well-02,2023-12-15,11.78,11.75,11.82,archive
Well-02,2023-12-16,11.8,11.77,11.84,archive
Well-02,2023-12-17,12.89,12.86,12.93,archive
Well-02,2023-12-18,11.8,11.77,11.84,archive
Well-02,2023-12-19,11.75,11.72,11.79,archive
Well-02,2023-12-20,11.79,11.76,11.83,archive
Well-02,2023-12-21,11.83,11.8,11.87,archive
Well-02,2023-12-22,11.88,11.85,11.92,archive
Well-02,2023-12-23,11.92,11.89,11.96,archive
Well-02,2023-12-24,11.95,11.92,11.99,archive
Well-02,2023-12-25,11.92,11.89,11.96,archive
Well-02,2023-12-26,11.95,11.92,11.99,archive
Well-02,2023-12-27,11.95,11.92,11.99,archive
Well-02,2023-12-28,12.0,11.97,12.04,archive
Well-02,2023-12-29,12.01,11.98,12.05,archive
Well-02,2023-12-30,12.02,11.99,12.06,archive
Well-02,2023-12-31,12.12,12.09,12.16,archive
Well-02,2024-01-01,12.19,12.16,12.23,archive
Well-02,2024-01-02,12.18,12.15,12.22,archive
Well-02,2024-01-03,12.2,12.17,12.24,archive
Well-02,2024-01-04,12.21,12.18,12.25,archive
Well-02,2024-01-05,12.12,12.09,12.16,archive
Well-02,2024-01-06,12.15,12.12,12.19,archive
Well-02,2024-01-07,12.13,12.1,12.17,archive
Well-02,2024-01-08,12.13,12.1,12.17,archive
Well-02,2024-01-09,12.19,12.16,12.23,archive
Well-02,2024-01-10,12.28,12.25,12.32,archive
Well-02,2024-01-11,12.25,12.22,12.29,archive
Well-02,2024-01-12,12.24,12.21,12.28,archive
Well-02,2024-01-13,12.34,12.31,12.38,archive
Well-02,2024-01-14,12.43,12.4,12.47,archive
Well-02,2024-01-15,12.4,12.37,12.44,archive
Well-02,2024-01-16,12.41,12.38,12.45,archive
Well-02,2024-01-17,12.35,12.32,12.39,archive
Well-02,2024-01-18,12.37,12.34,12.41,archive
Well-02,2024-01-19,12.38,12.35,12.42,archive
Well-02,2024-01-20,12.47,12.44,12.51,archive
Well-02,2024-01-21,12.49,12.46,12.53,archive
Well-02,2024-01-22,12.55,12.52,12.59,archive
Well-02,2024-01-23,12.56,12.53,12.6,archive
Well-02,2024-01-24,12.57,12.54,12.61,archive
Well-02,2024-01-25,12.63,12.6,12.67,archive
Well-02,2024-01-26,12.64,12.61,12.68,archive
Well-02,2024-01-27,12.64,12.61,12.68,archive
Well-02,2024-01-28,12.68,12.65,12.72,archive
Well-02,2024-01-29,12.63,12.6,12.67,archive
Well-02,2024-01-30,12.66,12.63,12.7,archive
Well-02,2024-01-31,12.71,12.68,12.75,archive
Well-02,2024-02-01,12.69,12.66,12.73,archive
Well-02,2024-02-02,12.71,12.68,12.75,archive
Well-02,2024-02-03,12.73,12.7,12.77,archive
Well-02,2024-02-04,12.66,12.63,12.7,archive
Well-02,2024-02-05,12.68,12.65,12.72,archive
Well-02,2024-02-06,12.76,12.73,12.8,archive
Well-02,2024-02-07,13.65,13.62,13.69,archive
Well-02,2024-02-08,12.92,12.89,12.96,archive
Well-02,2024-02-09,12.99,12.96,13.03,archive
Well-02,2024-02-10,12.97,12.94,13.01,archive
Well-02,2024-02-11,14.37,14.34,14.41,archive
Well-02,2024-02-12,13.02,12.99,13.06,archive
Well-02,2024-02-13,12.96,12.93,13.0,archive
Well-02,2024-02-14,12.99,12.96,13.03,archive
Well-02,2024-02-15,12.97,12.94,13.01,archive
Well-02,2024-02-16,12.97,12.94,13.01,archive
Well-02,2024-02-17,13.02,12.99,13.06,archive
Well-02,2024-02-18,13.0,12.97,13.04,archive
Well-02,2024-02-19,12.98,12.95,13.02,archive
Well-02,2024-02-20,13.02,12.99,13.06,archive
Well-02,2024-02-21,13.11,13.08,13.15,archive
Well-02,2024-02-22,13.03,13.0,13.07,archive
Well-02,2024-02-23,13.07,13.04,13.11,archive
Well-02,2024-02-24,13.11,13.08,13.15,archive
Well-02,2024-02-25,13.04,13.01,13.08,archive
Well-02,2024-02-26,13.03,13.0,13.07,archive
Well-02,2024-02-27,14.52,14.49,14.56,archive
Well-02,2024-02-28,12.92,12.89,12.96,archive
Well-02,2024-02-29,12.84,12.81,12.88,archive
Well-02,2024-03-01,12.82,12.79,12.86,archive
Well-02,2024-03-02,12.75,12.72,12.79,archive
Well-02,2024-03-03,12.81,12.78,12.85,archive
Well-02,2024-03-04,12.84,12.81,12.88,archive
Well-02,2024-03-05,12.88,12.85,12.92,archive
Well-02,2024-03-06,12.97,12.94,13.01,archive
Well-02,2024-03-07,12.92,12.89,12.96,archive
Well-02,2024-03-08,12.84,12.81,12.88,archive
Well-02,2024-03-09,12.81,12.78,12.85,archive
Well-02,2024-03-10,12.78,12.75,12.82,archive
Well-02,2024-03-11,12.8,12.77,12.84,archive
Well-02,2024-03-12,12.8,12.77,12.84,archive
Well-02,2024-03-13,12.77,12.74,12.81,archive
Well-02,2024-03-14,12.79,12.76,12.83,archive
Well-02,2024-03-15,12.78,12.75,12.82,archive
Well-02,2024-03-16,12.75,12.72,12.79,archive
Well-02,2024-03-17,12.71,12.68,12.75,archive
Well-02,2024-03-18,12.66,12.63,12.7,archive
Well-02,2024-03-19,13.35,13.32,13.39,archive
Well-02,2024-03-20,12.57,12.54,12.61,archive
Well-02,2024-03-21,12.54,12.51,12.58,archive
Well-02,2024-03-22,12.49,12.46,12.53,archive
Well-02,2024-03-23,12.48,12.45,12.52,archive
Well-02,2024-03-24,12.38,12.35,12.42,archive
Well-02,2024-03-25,12.41,12.38,12.45,archive
Well-02,2024-03-26,12.47,12.44,12.51,archive
Well-02,2024-03-27,12.48,12.45,12.52,archive
Well-02,2024-03-28,12.53,12.5,12.57,archive
Well-02,2024-03-29,12.52,12.49,12.56,archive
Well-02,2024-03-30,12.54,12.51,12.58,archive
Well-02,2024-03-31,12.57,12.54,12.61,archive
Well-02,2024-04-01,12.49,12.46,12.53,archive
Well-02,2024-04-02,12.58,12.55,12.62,archive
Well-02,2024-04-03,12.49,12.46,12.53,archive
Well-02,2024-04-04,12.44,12.41,12.48,archive
Well-02,2024-04-05,12.39,12.36,12.43,archive
Well-02,2024-04-06,12.29,12.26,12.33,archive
Well-02,2024-04-07,12.25,12.22,12.29,archive
Well-02,2024-04-08,12.29,12.26,12.33,archive
Well-02,2024-04-09,12.26,12.23,12.3,archive
Well-02,2024-04-10,12.34,12.31,12.38,archive
Well-02,2024-04-11,12.33,12.3,12.37,archive
Well-02,2024-04-12,12.3,12.27,12.34,archive
Well-02,2024-04-13,12.3,12.27,12.34,archive
Well-02,2024-04-14,12.38,12.35,12.42,archive
Well-02,2024-04-15,12.28,12.25,12.32,archive
Well-02,2024-04-16,12.23,12.2,12.27,archive
Well-02,2024-04-17,12.29,12.26,12.33,archive
Well-02,2024-04-18,12.31,12.28,12.35,archive
Well-02,2024-04-19,12.29,12.26,12.33,archive
Well-02,2024-04-20,12.34,12.31,12.38,archive
Well-02,2024-04-21,12.39,12.36,12.43,archive
Well-02,2024-04-22,12.27,12.24,12.31,archive
Well-02,2024-04-23,12.22,12.19,12.26,archive
Well-02,2024-04-24,12.15,12.12,12.19,archive
Well-02,2024-04-25,12.0,11.97,12.04,archive
Well-02,2024-04-26,11.94,11.91,11.98,archive
Well-02,2024-04-27,11.9,11.87,11.94,archive
Well-02,2024-04-28,11.84,11.81,11.88,archive
Well-02,2024-04-29,11.86,11.83,11.9,archive
Well-02,2024-04-30,11.82,11.79,11.86,archive
Well-02,2024-05-01,11.76,11.73,11.8,archive
Well-02,2024-05-02,11.77,11.74,11.81,archive
Well-02,2024-05-03,11.78,11.75,11.82,archive
Well-02,2024-05-04,11.75,11.72,11.79,archive
Well-02,2024-05-05,11.63,11.6,11.67,archive
Well-02,2024-05-06,11.5,11.47,11.54,archive
Well-02,2024-05-07,11.43,11.4,11.47,archive
Well-02,2024-05-08,11.37,11.34,11.41,archive
Well-02,2024-05-09,11.33,11.3,11.37,archive
Well-02,2024-05-10,11.29,11.26,11.33,archive
Well-02,2024-05-11,11.38,11.35,11.42,archive
Well-02,2024-05-12,11.4,11.37,11.44,archive
Well-02,2024-05-13,11.38,11.35,11.42,archive
Well-02,2024-05-14,11.29,11.26,11.33,archive
Well-02,2024-05-15,11.28,11.25,11.32,archive
Well-02,2024-05-16,11.27,11.24,11.31,archive
Well-02,2024-05-17,11.35,11.32,11.39,archive
Well-02,2024-05-18,11.33,11.3,11.37,archive
Well-02,2024-05-19,11.32,11.29,11.36,archive
Well-02,2024-05-20,11.29,11.26,11.33,archive
Well-02,2024-05-21,11.28,11.25,11.32,archive
Well-02,2024-05-22,11.31,11.28,11.35,archive
Well-02,2024-05-23,11.29,11.26,11.33,archive
Well-02,2024-05-24,11.27,11.24,11.31,archive
Well-02,2024-05-25,11.22,11.19,11.26,archive
Well-02,2024-05-26,11.08,11.05,11.12,archive
Well-02,2024-05-27,11.05,11.02,11.09,archive
Well-02,2024-05-28,11.06,11.03,11.1,archive
Well-02,2024-05-29,10.97,10.94,11.01,archive
Well-02,2024-05-30,10.95,10.92,10.99,archive
Well-02,2024-05-31,10.88,10.85,10.92,archive
Well-02,2024-06-01,10.79,10.76,10.83,archive
Well-02,2024-06-02,10.77,10.74,10.81,archive
Well-02,2024-06-03,10.71,10.68,10.75,archive
Well-02,2024-06-04,10.6,10.57,10.64,archive
Well-02,2024-06-05,10.67,10.64,10.71,archive
Well-02,2024-06-06,10.68,10.65,10.72,archive
Well-02,2024-06-07,10.64,10.61,10.68,archive
Well-02,2024-06-08,10.67,10.64,10.71,archive
Well-02,2024-06-09,10.74,10.71,10.78,archive
Well-02,2024-06-10,10.65,10.62,10.69,archive
Well-02,2024-06-11,10.72,10.69,10.76,archive
Well-02,2024-06-12,10.67,10.64,10.71,archive
Well-02,2024-06-13,10.68,10.65,10.72,archive
Well-02,2024-06-14,10.66,10.63,10.7,archive
Well-02,2024-06-15,10.56,10.53,10.6,archive
Well-02,2024-06-16,10.61,10.58,10.65,archive
Well-02,2024-06-17,10.61,10.58,10.65,archive
Well-02,2024-06-18,10.54,10.51,10.58,archive
Well-02,2024-06-19,10.44,10.41,10.48,archive
Well-02,2024-06-20,10.35,10.32,10.39,archive
Well-02,2024-06-21,10.31,10.28,10.35,archive
Well-02,2024-06-22,10.26,10.23,10.3,archive
Well-02,2024-06-23,10.29,10.26,10.33,archive
Well-02,2024-06-24,10.26,10.23,10.3,archive
Well-02,2024-06-25,10.22,10.19,10.26,archive
Well-02,2024-06-26,10.23,10.2,10.27,archive
Well-02,2024-06-27,10.17,10.14,10.21,archive
Well-02,2024-06-28,10.1,10.07,10.14,archive
Well-02,2024-06-29,10.2,10.17,10.24,archive
Well-02,2024-06-30,10.13,10.1,10.17,archive
Well-02,2024-07-01,10.0,9.97,10.04,archive
Well-02,2024-07-02,9.98,9.95,10.02,archive
Well-02,2024-07-03,10.02,9.99,10.06,archive
Well-02,2024-07-04,9.94,9.91,9.98,archive
Well-02,2024-07-05,9.91,9.88,9.95,archive
Well-02,2024-07-06,9.92,9.89,9.96,archive
Well-02,2024-07-07,9.86,9.83,9.9,archive
Well-02,2024-07-08,9.76,9.73,9.8,archive
Well-02,2024-07-09,9.76,9.73,9.8,archive
Well-02,2024-07-10,9.75,9.72,9.79,archive
Well-02,2024-07-11,9.71,9.68,9.75,archive
Well-02,2024-07-12,9.69,9.66,9.73,archive
Well-02,2024-07-13,9.67,9.64,9.71,archive
Well-02,2024-07-14,9.59,9.56,9.63,archive
Well-02,2024-07-15,9.55,9.52,9.59,archive
Well-02,2024-07-16,9.55,9.52,9.59,archive
Well-02,2024-07-17,9.56,9.53,9.6,archive
Well-02,2024-07-18,9.6,9.57,9.64,archive
Well-02,2024-07-19,9.62,9.59,9.66,archive
Well-02,2024-07-20,9.54,9.51,9.58,archive
Well-02,2024-07-21,9.52,9.49,9.56,archive
Well-02,2024-07-22,9.55,9.52,9.59,archive
Well-02,2024-07-23,9.42,9.39,9.46,archive
Well-02,2024-07-24,9.42,9.39,9.46,archive
Well-02,2024-07-25,9.46,9.43,9.5,archive
Well-02,2024-07-26,9.49,9.46,9.53,archive
Well-02,2024-07-27,9.5,9.47,9.54,archive
Well-02,2024-07-28,9.46,9.43,9.5,archive
Well-02,2024-07-29,9.47,9.44,9.51,archive
Well-02,2024-07-30,9.52,9.49,9.56,archive
Well-02,2024-07-31,9.57,9.54,9.61,archive
Well-02,2024-08-01,9.53,9.5,9.57,archive
Well-02,2024-08-02,9.52,9.49,9.56,archive
Well-02,2024-08-03,9.51,9.48,9.55,archive
Well-02,2024-08-04,9.43,9.4,9.47,archive
Well-02,2024-08-05,9.46,9.43,9.5,archive
Well-02,2024-08-06,9.4,9.37,9.44,archive
Well-02,2024-08-07,9.34,9.31,9.38,archive
Well-02,2024-08-08,9.3,9.27,9.34,archive
Well-02,2024-08-09,9.3,9.27,9.34,archive
Well-02,2024-08-10,9.29,9.26,9.33,archive
Well-02,2024-08-11,9.24,9.21,9.28,archive
Well-02,2024-08-12,9.3,9.27,9.34,archive
Well-02,2024-08-13,9.24,9.21,9.28,archive
Well-02,2024-08-14,9.25,9.22,9.29,archive
Well-02,2024-08-15,9.22,9.19,9.26,archive
Well-02,2024-08-16,9.29,9.26,9.33,archive
Well-02,2024-08-17,9.22,9.19,9.26,archive
Well-02,2024-08-18,9.22,9.19,9.26,archive
Well-02,2024-08-19,9.12,9.09,9.16,archive
Well-02,2024-08-20,9.11,9.08,9.15,archive
Well-02,2024-08-21,9.14,9.11,9.18,archive
Well-02,2024-08-22,9.09,9.06,9.13,archive
Well-02,2024-08-23,9.07,9.04,9.11,archive
Well-02,2024-08-24,9.14,9.11,9.18,archive
Well-02,2024-08-25,9.06,9.03,9.1,archive
Well-02,2024-08-26,9.12,9.09,9.16,archive
Well-02,2024-08-27,9.18,9.15,9.22,archive
Well-02,2024-08-28,9.12,9.09,9.16,archive
Well-02,2024-08-29,9.09,9.06,9.13,archive
Well-02,2024-08-30,9.11,9.08,9.15,archive
Well-02,2024-08-31,9.09,9.06,9.13,archive
Well-02,2024-09-01,9.1,9.07,9.14,archive
Well-02,2024-09-02,9.08,9.05,9.12,archive
Well-02,2024-09-03,9.07,9.04,9.11,archive
Well-02,2024-09-04,9.08,9.05,9.12,archive
Well-02,2024-09-05,9.14,9.11,9.18,archive
Well-02,2024-09-06,9.08,9.05,9.12,archive
Well-02,2024-09-07,9.09,9.06,9.13,archive
Well-02,2024-09-08,9.03,9.0,9.07,archive
Well-02,2024-09-09,9.08,9.05,9.12,archive
Well-02,2024-09-10,9.07,9.04,9.11,archive
Well-02,2024-09-11,9.13,9.1,9.17,archive
Well-02,2024-09-12,9.12,9.09,9.16,archive
Well-02,2024-09-13,9.12,9.09,9.16,archive
Well-02,2024-09-14,9.16,9.13,9.2,archive
Well-02,2024-09-15,9.11,9.08,9.15,archive
Well-02,2024-09-16,9.06,9.03,9.1,archive
Well-02,2024-09-17,9.08,9.05,9.12,archive
Well-02,2024-09-18,9.1,9.07,9.14,archive
Well-02,2024-09-19,9.03,9.0,9.07,archive
Well-02,2024-09-20,9.04,9.01,9.08,archive
Well-02,2024-09-21,9.07,9.04,9.11,archive
Well-02,2024-09-22,9.23,9.2,9.27,archive
Well-02,2024-09-23,9.24,9.21,9.28,archive
Well-02,2024-09-24,9.35,9.32,9.39,archive
Well-02,2024-09-25,9.41,9.38,9.45,archive
Well-02,2024-09-26,9.45,9.42,9.49,archive
Well-02,2024-09-27,9.49,9.46,9.53,archive
Well-02,2024-09-28,9.54,9.51,9.58,archive
Well-02,2024-09-29,9.56,9.53,9.6,archive
Well-02,2024-09-30,9.58,9.55,9.62,archive
Well-02,2024-10-01,9.48,9.45,9.52,archive
Well-02,2024-10-02,9.42,9.39,9.46,archive
Well-02,2024-10-03,9.49,9.46,9.53,archive
Well-02,2024-10-04,9.54,9.51,9.58,archive
Well-02,2024-10-05,9.55,9.52,9.59,archive
Well-02,2024-10-06,9.62,9.59,9.66,archive
Well-02,2024-10-07,9.54,9.51,9.58,archive
Well-02,2024-10-08,9.52,9.49,9.56,archive
Well-02,2024-10-09,9.6,9.57,9.64,archive
Well-02,2024-10-10,9.63,9.6,9.67,archive
Well-02,2024-10-11,9.73,9.7,9.77,archive
Well-02,2024-10-12,9.82,9.79,9.86,archive
Well-02,2024-10-13,9.98,9.95,10.02,archive
Well-02,2024-10-14,10.01,9.98,10.05,archive
Well-02,2024-10-15,10.06,10.03,10.1,archive
Well-02,2024-10-16,10.06,10.03,10.1,archive
Well-02,2024-10-17,10.15,10.12,10.19,archive
Well-02,2024-10-18,10.17,10.14,10.21,archive
Well-02,2024-10-19,10.24,10.21,10.28,archive
Well-02,2024-10-20,10.19,10.16,10.23,archive
Well-02,2024-10-21,10.23,10.2,10.27,archive
Well-02,2024-10-22,10.21,10.18,10.25,archive
Well-02,2024-10-23,10.17,10.14,10.21,archive
Well-02,2024-10-24,10.21,10.18,10.25,archive
Well-02,2024-10-25,10.2,10.17,10.24,archive
Well-02,2024-10-26,10.22,10.19,10.26,archive
Well-02,2024-10-27,10.17,10.14,10.21,archive
Well-02,2024-10-28,10.21,10.18,10.25,archive
Well-02,2024-10-29,10.3,10.27,10.34,archive
Well-02,2024-10-30,10.25,10.22,10.29,archive
Well-02,2024-10-31,10.32,10.29,10.36,archive
Well-02,2024-11-01,10.36,10.33,10.4,archive
Well-02,2024-11-02,10.42,10.39,10.46,archive
Well-02,2024-11-03,10.4,10.37,10.44,archive
Well-02,2024-11-04,10.41,10.38,10.45,archive
Well-02,2024-11-05,10.38,10.35,10.42,archive
Well-02,2024-11-06,10.54,10.51,10.58,archive
Well-02,2024-11-07,10.53,10.5,10.57,archive
Well-02,2024-11-08,10.58,10.55,10.62,archive
Well-02,2024-11-09,10.57,10.54,10.61,archive
Well-02,2024-11-10,10.6,10.57,10.64,archive
Well-02,2024-11-11,10.54,10.51,10.58,archive
Well-02,2024-11-12,10.49,10.46,10.53,archive
Well-02,2024-11-13,10.51,10.48,10.55,archive
Well-02,2024-11-14,10.55,10.52,10.59,archive
Well-02,2024-11-15,10.63,10.6,10.67,archive
Well-02,2024-11-16,10.66,10.63,10.7,archive
Well-02,2024-11-17,10.77,10.74,10.81,archive
Well-02,2024-11-18,10.78,10.75,10.82,archive
Well-02,2024-11-19,10.86,10.83,10.9,archive
Well-02,2024-11-20,10.98,10.95,11.02,archive
Well-02,2024-11-21,10.97,10.94,11.01,archive
Well-02,2024-11-22,11.1,11.07,11.14,archive
Well-02,2024-11-23,11.1,11.07,11.14,archive
Well-02,2024-11-24,11.05,11.02,11.09,archive
Well-02,2024-11-25,11.06,11.03,11.1,archive
Well-02,2024-11-26,11.11,11.08,11.15,archive
Well-02,2024-11-27,11.19,11.16,11.23,archive
Well-02,2024-11-28,11.17,11.14,11.21,archive
Well-02,2024-11-29,11.11,11.08,11.15,archive
Well-02,2024-11-30,11.18,11.15,11.22,archive
Well-02,2024-12-01,11.19,11.16,11.23,archive
Well-02,2024-12-02,11.24,11.21,11.28,archive
Well-02,2024-12-03,11.31,11.28,11.35,archive
Well-02,2024-12-04,11.39,11.36,11.43,archive
Well-02,2024-12-05,11.3,11.27,11.34,archive
Well-02,2024-12-06,11.37,11.34,11.41,archive
Well-02,2024-12-07,11.35,11.32,11.39,archive
Well-02,2024-12-08,11.31,11.28,11.35,archive
Well-02,2024-12-09,11.36,11.33,11.4,archive
Well-02,2024-12-10,11.38,11.35,11.42,archive
Well-02,2024-12-11,11.48,11.45,11.52,archive
Well-02,2024-12-12,11.5,11.47,11.54,archive
Well-02,2024-12-13,11.51,11.48,11.55,archive
Well-02,2024-12-14,11.6,11.57,11.64,archive
Well-02,2024-12-15,11.64,11.61,11.68,archive
Well-02,2024-12-16,11.69,11.66,11.73,archive
Well-02,2024-12-17,11.73,11.7,11.77,archive
Well-02,2024-12-18,11.82,11.79,11.86,archive
Well-02,2024-12-19,11.89,11.86,11.93,archive
Well-02,2024-12-20,11.96,11.93,12.0,archive
Well-02,2024-12-21,11.94,11.91,11.98,archive
Well-02,2024-12-22,11.97,11.94,12.01,archive
Well-02,2024-12-23,11.95,11.92,11.99,archive
Well-02,2024-12-24,11.95,11.92,11.99,archive
Well-02,2024-12-25,12.05,12.02,12.09,archive
Well-02,2024-12-26,12.02,11.99,12.06,archive
Well-02,2024-12-27,12.01,11.98,12.05,archive
Well-02,2024-12-28,12.09,12.06,12.13,archive
Well-02,2024-12-29,12.13,12.1,12.17,archive
Well-02,2024-12-30,12.22,12.19,12.26,archive
Well-02,2024-12-31,12.23,12.2,12.27,archive
Well-02,2025-01-01,12.25,12.22,12.29,archive
Well-02,2025-01-02,12.3,12.27,12.34,archive
Well-02,2025-01-03,12.38,12.35,12.42,archive
Well-02,2025-01-04,12.43,12.4,12.47,archive
Well-02,2025-01-05,12.46,12.43,12.5,archive
Well-02,2025-01-06,12.5,12.47,12.54,archive
Well-02,2025-01-07,12.39,12.36,12.43,archive
Well-02,2025-01-08,12.44,12.41,12.48,archive
Well-02,2025-01-09,12.49,12.46,12.53,archive
Well-02,2025-01-10,12.49,12.46,12.53,archive
Well-02,2025-01-11,12.41,12.38,12.45,archive
Well-02,2025-01-12,12.41,12.38,12.45,archive
Well-02,2025-01-13,12.38,12.35,12.42,archive
Well-02,2025-01-14,12.38,12.35,12.42,archive
Well-02,2025-01-15,12.38,12.35,12.42,archive
Well-02,2025-01-16,12.36,12.33,12.4,archive
Well-02,2025-01-17,12.51,12.48,12.55,archive
Well-02,2025-01-18,12.58,12.55,12.62,archive
Well-02,2025-01-19,12.53,12.5,12.57,archive
Well-02,2025-01-20,12.53,12.5,12.57,archive
Well-02,2025-01-21,12.64,12.61,12.68,archive
Well-02,2025-01-22,12.54,12.51,12.58,archive
Well-02,2025-01-23,12.51,12.48,12.55,archive
Well-02,2025-01-24,12.52,12.49,12.56,archive
Well-02,2025-01-25,12.47,12.44,12.51,archive
Well-02,2025-01-26,12.52,12.49,12.56,archive
Well-02,2025-01-27,12.55,12.52,12.59,archive
Well-02,2025-01-28,12.56,12.53,12.6,archive
Well-02,2025-01-29,12.57,12.54,12.61,archive
Well-02,2025-01-30,12.54,12.51,12.58,archive
Well-02,2025-01-31,13.09,13.06,13.13,archive
Well-02,2025-02-01,12.62,12.59,12.66,archive
Well-02,2025-02-02,12.67,12.64,12.71,archive
Well-02,2025-02-03,12.77,12.74,12.81,archive
Well-02,2025-02-04,12.77,12.74,12.81,archive
Well-02,2025-02-05,13.44,13.41,13.48,archive
Well-02,2025-02-06,12.75,12.72,12.79,archive
Well-02,2025-02-07,12.75,12.72,12.79,archive
Well-02,2025-02-08,12.68,12.65,12.72,archive
Well-02,2025-02-09,12.7,12.67,12.74,archive
Well-02,2025-02-10,12.71,12.68,12.75,archive
Well-02,2025-02-11,12.74,12.71,12.78,archive
Well-02,2025-02-12,12.71,12.68,12.75,archive
Well-02,2025-02-13,12.81,12.78,12.85,archive
Well-02,2025-02-14,12.82,12.79,12.86,archive
Well-02,2025-02-15,12.77,12.74,12.81,archive
Well-02,2025-02-16,12.87,12.84,12.91,archive
Well-02,2025-02-17,12.89,12.86,12.93,archive
Well-02,2025-02-18,12.85,12.82,12.89,archive
Well-02,2025-02-19,12.93,12.9,12.97,archive
Well-02,2025-02-20,12.98,12.95,13.02,archive
Well-02,2025-02-21,13.01,12.98,13.05,archive
Well-02,2025-02-22,12.98,12.95,13.02,archive
Well-02,2025-02-23,12.96,12.93,13.0,archive
Well-02,2025-02-24,12.98,12.95,13.02,archive
Well-02,2025-02-25,13.01,12.98,13.05,archive
Well-02,2025-02-26,13.0,12.97,13.04,archive
Well-02,2025-02-27,13.02,12.99,13.06,archive
Well-02,2025-02-28,12.99,12.96,13.03,archive
Well-02,2025-03-01,12.97,12.94,13.01,archive
Well-02,2025-03-02,13.02,12.99,13.06,archive
Well-02,2025-03-03,13.0,12.97,13.04,archive
Well-02,2025-03-04,12.96,12.93,13.0,archive
Well-02,2025-03-05,12.87,12.84,12.91,archive
Well-02,2025-03-06,12.86,12.83,12.9,archive
Well-02,2025-03-07,12.83,12.8,12.87,archive
Well-02,2025-03-08,12.82,12.79,12.86,archive
Well-02,2025-03-09,12.8,12.77,12.84,archive
Well-02,2025-03-10,12.8,12.77,12.84,archive
Well-02,2025-03-11,12.85,12.82,12.89,archive
Well-02,2025-03-12,12.82,12.79,12.86,archive
Well-02,2025-03-13,12.89,12.86,12.93,archive
Well-02,2025-03-14,12.8,12.77,12.84,archive
Well-02,2025-03-15,12.75,12.72,12.79,archive
Well-02,2025-03-16,12.77,12.74,12.81,archive
Well-02,2025-03-17,12.83,12.8,12.87,archive
Well-02,2025-03-18,12.83,12.8,12.87,archive
Well-02,2025-03-19,12.79,12.76,12.83,archive
Well-02,2025-03-20,12.85,12.82,12.89,archive
Well-02,2025-03-21,12.89,12.86,12.93,archive
Well-02,2025-03-22,12.86,12.83,12.9,archive
Well-02,2025-03-23,12.77,12.74,12.81,archive
Well-02,2025-03-24,12.85,12.82,12.89,archive
Well-02,2025-03-25,12.82,12.79,12.86,archive
Well-02,2025-03-26,12.87,12.84,12.91,archive
Well-02,2025-03-27,12.88,12.85,12.92,archive
Well-02,2025-03-28,12.8,12.77,12.84,archive
Well-02,2025-03-29,12.75,12.72,12.79,archive
Well-02,2025-03-30,12.73,12.7,12.77,archive
Well-02,2025-03-31,12.77,12.74,12.81,archive
Well-02,2025-04-01,12.7,12.67,12.74,archive
Well-02,2025-04-02,12.67,12.64,12.71,archive
Well-02,2025-04-03,12.61,12.58,12.65,archive
Well-02,2025-04-04,12.66,12.63,12.7,archive
Well-02,2025-04-05,12.67,12.64,12.71,archive
Well-02,2025-04-06,12.64,12.61,12.68,archive
Well-02,2025-04-07,12.54,12.51,12.58,archive
Well-02,2025-04-08,12.41,12.38,12.45,archive
Well-02,2025-04-09,12.43,12.4,12.47,archive
Well-02,2025-04-10,12.36,12.33,12.4,archive
Well-02,2025-04-11,12.34,12.31,12.38,archive
Well-02,2025-04-12,12.22,12.19,12.26,archive
Well-02,2025-04-13,12.23,12.2,12.27,archive
Well-02,2025-04-14,12.17,12.14,12.21,archive
Well-02,2025-04-15,12.14,12.11,12.18,archive
Well-02,2025-04-16,12.14,12.11,12.18,archive
Well-02,2025-04-17,12.1,12.07,12.14,archive
Well-02,2025-04-18,11.96,11.93,12.0,archive
Well-02,2025-04-19,12.03,12.0,12.07,archive
Well-02,2025-04-20,12.06,12.03,12.1,archive
Well-02,2025-04-21,12.02,11.99,12.06,archive
Well-02,2025-04-22,12.11,12.08,12.15,archive
Well-02,2025-04-23,12.09,12.06,12.13,archive
Well-02,2025-04-24,12.02,11.99,12.06,archive
Well-02,2025-04-25,12.06,12.03,12.1,archive
Well-02,2025-04-26,11.99,11.96,12.03,archive
Well-02,2025-04-27,11.9,11.87,11.94,archive
Well-02,2025-04-28,11.86,11.83,11.9,archive
Well-02,2025-04-29,11.81,11.78,11.85,archive
Well-02,2025-04-30,11.8,11.77,11.84,archive
Well-02,2025-05-01,11.73,11.7,11.77,archive
Well-02,2025-05-02,11.73,11.7,11.77,archive
Well-02,2025-05-03,11.62,11.59,11.66,archive
Well-02,2025-05-04,11.68,11.65,11.72,archive
Well-02,2025-05-05,11.7,11.67,11.74,archive
Well-02,2025-05-06,11.6,11.57,11.64,archive
Well-02,2025-05-07,11.61,11.58,11.65,archive
Well-02,2025-05-08,11.56,11.53,11.6,archive
Well-02,2025-05-09,11.57,11.54,11.61,archive
Well-02,2025-05-10,11.47,11.44,11.51,archive
Well-02,2025-05-11,11.39,11.36,11.43,archive
Well-02,2025-05-12,11.28,11.25,11.32,archive
Well-02,2025-05-13,11.31,11.28,11.35,archive
Well-02,2025-05-14,11.44,11.41,11.48,archive
Well-02,2025-05-15,11.38,11.35,11.42,archive
Well-02,2025-05-16,11.33,11.3,11.37,archive
Well-02,2025-05-17,11.3,11.27,11.34,archive
Well-02,2025-05-18,11.27,11.24,11.31,archive
Well-02,2025-05-19,11.17,11.14,11.21,archive
Well-02,2025-05-20,11.11,11.08,11.15,archive
Well-02,2025-05-21,11.09,11.06,11.13,archive
Well-02,2025-05-22,11.05,11.02,11.09,archive
Well-02,2025-05-23,11.02,10.99,11.06,archive
Well-02,2025-05-24,10.86,10.83,10.9,archive
Well-02,2025-05-25,10.91,10.88,10.95,archive
Well-02,2025-05-26,10.81,10.78,10.85,archive
Well-02,2025-05-27,10.76,10.73,10.8,archive
Well-02,2025-05-28,10.69,10.66,10.73,archive
Well-02,2025-05-29,10.62,10.59,10.66,archive
Well-02,2025-05-30,10.58,10.55,10.62,archive
Well-02,2025-05-31,10.62,10.59,10.66,archive
Well-02,2025-06-01,10.64,10.61,10.68,archive
Well-02,2025-06-02,10.63,10.6,10.67,archive
Well-02,2025-06-03,10.55,10.52,10.59,archive
Well-02,2025-06-04,10.48,10.45,10.52,archive
Well-02,2025-06-05,10.44,10.41,10.48,archive
Well-02,2025-06-06,10.48,10.45,10.52,archive
Well-02,2025-06-07,10.55,10.52,10.59,archive
Well-02,2025-06-08,10.53,10.5,10.57,archive
Well-02,2025-06-09,10.4,10.37,10.44,archive
Well-02,2025-06-10,10.4,10.37,10.44,archive
Well-02,2025-06-11,10.38,10.35,10.42,archive
Well-02,2025-06-12,10.28,10.25,10.32,archive
Well-02,2025-06-13,10.26,10.23,10.3,archive
Well-02,2025-06-14,10.27,10.24,10.31,archive
Well-02,2025-06-15,10.24,10.21,10.28,archive
Well-02,2025-06-16,10.26,10.23,10.3,archive
Well-02,2025-06-17,10.34,10.31,10.38,archive
Well-02,2025-06-18,10.26,10.23,10.3,archive
Well-02,2025-06-19,10.26,10.23,10.3,archive
Well-02,2025-06-20,10.2,10.17,10.24,archive
Well-02,2025-06-21,10.23,10.2,10.27,archive
Well-02,2025-06-22,10.18,10.15,10.22,archive
Well-02,2025-06-23,10.14,10.11,10.18,archive
Well-02,2025-06-24,10.14,10.11,10.18,archive
Well-02,2025-06-25,10.11,10.08,10.15,archive
Well-02,2025-06-26,10.04,10.01,10.08,archive
Well-02,2025-06-27,9.98,9.95,10.02,archive
Well-02,2025-06-28,10.0,9.97,10.04,archive
Well-02,2025-06-29,9.97,9.94,10.01,archive
Well-02,2025-06-30,9.84,9.81,9.88,archive
Well-02,2025-07-01,9.87,9.84,9.91,archive
Well-02,2025-07-02,9.81,9.78,9.85,archive
Well-02,2025-07-03,9.78,9.75,9.82,archive
Well-02,2025-07-04,9.73,9.7,9.77,archive
Well-02,2025-07-05,9.77,9.74,9.81,archive
Well-02,2025-07-06,9.75,9.72,9.79,archive
Well-02,2025-07-07,9.71,9.68,9.75,archive
Well-02,2025-07-08,9.7,9.67,9.74,archive
Well-02,2025-07-09,9.72,9.69,9.76,archive
Well-02,2025-07-10,9.68,9.65,9.72,archive
Well-02,2025-07-11,9.66,9.63,9.7,archive
Well-02,2025-07-12,9.62,9.59,9.66,archive
Well-02,2025-07-13,9.66,9.63,9.7,archive
Well-02,2025-07-14,9.63,9.6,9.67,archive
Well-02,2025-07-15,9.68,9.65,9.72,archive
Well-02,2025-07-16,9.64,9.61,9.68,archive
Well-02,2025-07-17,9.63,9.6,9.67,archive
Well-02,2025-07-18,9.67,9.64,9.71,archive
Well-02,2025-07-19,9.55,9.52,9.59,archive
Well-02,2025-07-20,9.53,9.5,9.57,archive
Well-02,2025-07-21,9.46,9.43,9.5,archive
Well-02,2025-07-22,9.41,9.38,9.45,archive
Well-02,2025-07-23,9.44,9.41,9.48,archive
Well-02,2025-07-24,9.43,9.4,9.47,archive
Well-02,2025-07-25,9.46,9.43,9.5,archive
Well-02,2025-07-26,9.46,9.43,9.5,archive
Well-02,2025-07-27,9.47,9.44,9.51,archive
Well-02,2025-07-28,9.47,9.44,9.51,archive
Well-02,2025-07-29,9.41,9.38,9.45,archive
Well-02,2025-07-30,9.32,9.29,9.36,archive
Well-02,2025-07-31,9.21,9.18,9.25,archive
Well-02,2025-08-01,9.22,9.19,9.26,archive
Well-02,2025-08-02,9.21,9.18,9.25,archive
Well-02,2025-08-03,9.14,9.11,9.18,archive
Well-02,2025-08-04,9.05,9.02,9.09,archive
Well-02,2025-08-05,9.02,8.99,9.06,archive
Well-02,2025-08-06,9.1,9.07,9.14,archive
Well-02,2025-08-07,9.14,9.11,9.18,archive
Well-02,2025-08-08,9.13,9.1,9.17,archive
Well-02,2025-08-09,9.05,9.02,9.09,archive
Well-02,2025-08-10,9.02,8.99,9.06,archive
Well-02,2025-08-11,9.04,9.01,9.08,archive
Well-02,2025-08-12,9.03,9.0,9.07,archive
Well-02,2025-08-13,9.08,9.05,9.12,archive
Well-02,2025-08-14,9.09,9.06,9.13,archive
Well-02,2025-08-15,9.1,9.07,9.14,archive
Well-02,2025-08-16,9.08,9.05,9.12,archive
Well-02,2025-08-17,9.11,9.08,9.15,archive
Well-02,2025-08-18,9.15,9.12,9.19,archive
Well-02,2025-08-19,9.13,9.1,9.17,archive
Well-02,2025-08-20,9.16,9.13,9.2,archive
Well-02,2025-08-21,9.22,9.19,9.26,archive
Well-02,2025-08-22,9.28,9.25,9.32,archive
Well-02,2025-08-23,9.35,9.32,9.39,archive
Well-02,2025-08-24,9.3,9.27,9.34,archive
Well-02,2025-08-25,9.33,9.3,9.37,archive
Well-02,2025-08-26,9.35,9.32,9.39,archive
Well-02,2025-08-27,9.29,9.26,9.33,archive
Well-02,2025-08-28,9.29,9.26,9.33,archive
Well-02,2025-08-29,9.34,9.31,9.38,archive
Well-02,2025-08-30,9.3,9.27,9.34,archive
Well-02,2025-08-31,9.38,9.35,9.42,archive
Well-02,2025-09-01,9.34,9.31,9.38,archive
Well-02,2025-09-02,9.4,9.37,9.44,archive
Well-02,2025-09-03,9.4,9.37,9.44,archive
Well-02,2025-09-04,9.36,9.33,9.4,archive
Well-02,2025-09-05,9.36,9.33,9.4,archive
Well-02,2025-09-06,9.46,9.43,9.5,archive
Well-02,2025-09-07,9.37,9.34,9.41,archive
Well-02,2025-09-08,9.34,9.31,9.38,archive
Well-02,2025-09-09,9.32,9.29,9.36,archive
Well-02,2025-09-10,9.3,9.27,9.34,archive
Well-02,2025-09-11,9.3,9.27,9.34,archive
Well-02,2025-09-12,9.36,9.33,9.4,archive
Well-02,2025-09-13,9.32,9.29,9.36,archive
Well-02,2025-09-14,9.37,9.34,9.41,archive
Well-02,2025-09-15,9.46,9.43,9.5,archive
Well-02,2025-09-16,9.48,9.45,9.52,archive
Well-02,2025-09-17,9.44,9.41,9.48,archive
Well-02,2025-09-18,9.43,9.4,9.47,archive
Well-02,2025-09-19,9.43,9.4,9.47,archive
Well-02,2025-09-20,9.38,9.35,9.42,archive
Well-02,2025-09-21,9.42,9.39,9.46,archive
Well-02,2025-09-22,9.42,9.39,9.46,archive
Well-02,2025-09-23,9.4,9.37,9.44,archive
Well-02,2025-09-24,9.42,9.39,9.46,archive
Well-02,2025-09-25,9.39,9.36,9.43,archive
Well-02,2025-09-26,9.4,9.37,9.44,archive
Well-02,2025-09-27,9.37,9.34,9.41,archive
Well-02,2025-09-28,9.35,9.32,9.39,archive
Well-02,2025-09-29,9.37,9.34,9.41,archive
Well-02,2025-09-30,9.42,9.39,9.46,archive
Well-02,2025-10-01,9.5,9.47,9.54,archive
Well-02,2025-10-02,9.47,9.44,9.51,archive
Well-02,2025-10-03,9.55,9.52,9.59,archive
Well-02,2025-10-04,9.54,9.51,9.58,archive
Well-02,2025-10-05,9.55,9.52,9.59,archive
Well-02,2025-10-06,9.68,9.65,9.72,archive
Well-02,2025-10-07,9.73,9.7,9.77,archive
Well-02,2025-10-08,9.7,9.67,9.74,archive
Well-02,2025-10-09,9.62,9.59,9.66,archive
Well-02,2025-10-10,9.67,9.64,9.71,archive
Well-02,2025-10-11,9.67,9.64,9.71,archive
Well-02,2025-10-12,9.61,9.58,9.65,archive
Well-02,2025-10-13,9.56,9.53,9.6,archive
Well-02,2025-10-14,9.57,9.54,9.61,archive
Well-02,2025-10-15,9.57,9.54,9.61,archive
Well-02,2025-10-16,9.63,9.6,9.67,archive
Well-02,2025-10-17,9.62,9.59,9.66,archive
Well-02,2025-10-18,9.75,9.72,9.79,archive
Well-02,2025-10-19,9.83,9.8,9.87,archive
Well-02,2025-10-20,9.79,9.76,9.83,archive
Well-02,2025-10-21,9.82,9.79,9.86,archive
Well-02,2025-10-22,9.75,9.72,9.79,archive
Well-02,2025-10-23,9.78,9.75,9.82,archive
Well-02,2025-10-24,9.83,9.8,9.87,archive
Well-02,2025-10-25,9.79,9.76,9.83,archive
Well-02,2025-10-26,9.88,9.85,9.92,archive
Well-02,2025-10-27,9.9,9.87,9.94,archive
Well-02,2025-10-28,9.94,9.91,9.98,archive
Well-02,2025-10-29,9.97,9.94,10.01,archive
Well-02,2025-10-30,10.03,10.0,10.07,archive
Well-02,2025-10-31,10.19,10.16,10.23,archive
Well-02,2025-11-01,10.14,10.11,10.18,archive
Well-02,2025-11-02,10.2,10.17,10.24,archive
Well-02,2025-11-03,10.17,10.14,10.21,archive
Well-02,2025-11-04,10.24,10.21,10.28,archive
Well-02,2025-11-05,10.35,10.32,10.39,archive
Well-02,2025-11-06,10.44,10.41,10.48,archive
Well-02,2025-11-07,10.44,10.41,10.48,archive
Well-02,2025-11-08,10.44,10.41,10.48,archive
Well-02,2025-11-09,10.47,10.44,10.51,archive
Well-02,2025-11-10,10.49,10.46,10.53,archive
Well-02,2025-11-11,10.5,10.47,10.54,archive
Well-02,2025-11-12,10.55,10.52,10.59,archive
Well-02,2025-11-13,10.57,10.54,10.61,archive
Well-02,2025-11-14,10.71,10.68,10.75,archive
Well-02,2025-11-15,10.8,10.77,10.84,archive
Well-02,2025-11-16,10.75,10.72,10.79,archive
Well-02,2025-11-17,10.75,10.72,10.79,archive
Well-02,2025-11-18,10.74,10.71,10.78,archive
Well-02,2025-11-19,10.74,10.71,10.78,archive
Well-02,2025-11-20,10.81,10.78,10.85,archive
Well-02,2025-11-21,10.83,10.8,10.87,archive
Well-02,2025-11-22,10.94,10.91,10.98,archive
Well-02,2025-11-23,10.95,10.92,10.99,archive
Well-02,2025-11-24,10.94,10.91,10.98,archive
Well-02,2025-11-25,11.02,10.99,11.06,archive
Well-02,2025-11-26,11.05,11.02,11.09,archive
Well-02,2025-11-27,10.97,10.94,11.01,archive
Well-02,2025-11-28,11.03,11.0,11.07,archive
Well-02,2025-11-29,11.06,11.03,11.1,archive
Well-02,2025-11-30,11.15,11.12,11.19,archive
Well-02,2025-12-01,11.17,11.14,11.21,archive
Well-02,2025-12-02,11.25,11.22,11.29,archive
Well-02,2025-12-03,11.26,11.23,11.3,archive
Well-02,2025-12-04,11.29,11.26,11.33,archive
Well-02,2025-12-05,11.25,11.22,11.29,archive
Well-02,2025-12-06,11.27,11.24,11.31,archive
Well-02,2025-12-07,11.28,11.25,11.32,archive
Well-02,2025-12-08,11.38,11.35,11.42,archive
Well-02,2025-12-09,11.39,11.36,11.43,archive
Well-02,2025-12-10,11.46,11.43,11.5,archive
Well-02,2025-12-11,11.41,11.38,11.45,archive
Well-02,2025-12-12,11.51,11.48,11.55,archive
Well-02,2025-12-13,11.53,11.5,11.57,archive
Well-02,2025-12-14,11.55,11.52,11.59,archive
Well-02,2025-12-15,11.54,11.51,11.58,live
Well-02,2025-12-16,11.57,11.54,11.61,live
Well-02,2025-12-17,11.63,11.6,11.67,live
Well-02,2025-12-18,11.71,11.68,11.75,live
Well-02,2025-12-19,11.71,11.68,11.75,live
Well-02,2025-12-20,11.81,11.78,11.85,live
Well-02,2025-12-21,11.8,11.77,11.84,live
Well-02,2025-12-22,11.85,11.82,11.89,live
Well-02,2025-12-23,11.98,11.95,12.02,live
Well-02,2025-12-24,12.11,12.08,12.15,live
Well-02,2025-12-25,12.08,12.05,12.12,live
Well-02,2025-12-26,12.12,12.09,12.16,live
Well-02,2025-12-27,12.1,12.07,12.14,live
Well-02,2025-12-28,12.2,12.17,12.24,live
Well-02,2025-12-29,12.14,12.11,12.18,live
Well-02,2025-12-30,12.1,12.07,12.14,live
Well-02,2025-12-31,12.17,12.14,12.21,live
Well-02,2026-01-01,12.18,12.15,12.22,live
Well-02,2026-01-02,12.33,12.3,12.37,live
Well-02,2026-01-03,12.37,12.34,12.41,live
Well-02,2026-01-04,12.43,12.4,12.47,live
Well-02,2026-01-05,12.41,12.38,12.45,live
Well-02,2026-01-06,12.45,12.42,12.49,live
Well-02,2026-01-07,12.53,12.5,12.57,live
Well-02,2026-01-08,12.58,12.55,12.62,live
Well-02,2026-01-09,13.53,13.5,13.57,live
Well-02,2026-01-10,12.67,12.64,12.71,live
Well-02,2026-01-11,12.66,12.63,12.7,live
Well-02,2026-01-12,12.66,12.63,12.7,live
Well-02,2026-01-13,12.67,12.64,12.71,live
Well-02,2026-01-14,12.74,12.71,12.78,live
Well-02,2026-01-15,12.81,12.78,12.85,live
Well-02,2026-01-16,12.86,12.83,12.9,live
Well-02,2026-01-17,13.95,13.92,13.99,live
Well-02,2026-01-18,12.91,12.88,12.95,live
Well-02,2026-01-19,12.97,12.94,13.01,live
Well-02,2026-01-20,13.0,12.97,13.04,live
Well-02,2026-01-21,13.11,13.08,13.15,live
Well-02,2026-01-22,13.15,13.12,13.19,live
Well-02,2026-01-23,13.23,13.2,13.27,live
Well-02,2026-01-24,13.23,13.2,13.27,live
Well-02,2026-01-25,13.25,13.22,13.29,live
Well-02,2026-01-26,13.22,13.19,13.26,live
Well-02,2026-01-27,13.17,13.14,13.21,live
Well-02,2026-01-28,13.21,13.18,13.25,live
Well-02,2026-01-29,13.11,13.08,13.15,live
Well-02,2026-01-30,13.05,13.02,13.09,live
Well-02,2026-01-31,13.13,13.1,13.17,live
Well-02,2026-02-01,13.04,13.01,13.08,live
Well-02,2026-02-02,13.04,13.01,13.08,live
Well-02,2026-02-03,13.0,12.97,13.04,live
Well-02,2026-02-04,13.04,13.01,13.08,live
Well-02,2026-02-05,12.99,12.96,13.03,live
Well-02,2026-02-06,12.99,12.96,13.03,live
Well-02,2026-02-07,13.05,13.02,13.09,live
Well-02,2026-02-08,13.09,13.06,13.13,live
Well-02,2026-02-09,13.06,13.03,13.1,live
Well-02,2026-02-10,13.06,13.03,13.1,live
Well-02,2026-02-11,13.1,13.07,13.14,live
Well-02,2026-02-12,13.11,13.08,13.15,live
Well-02,2026-02-13,12.99,12.96,13.03,live
Well-02,2026-02-14,12.91,12.88,12.95,live
Well-02,2026-02-15,12.86,12.83,12.9,live
Well-02,2026-02-16,12.88,12.85,12.92,live
Well-02,2026-02-17,12.82,12.79,12.86,live
Well-02,2026-02-18,12.79,12.76,12.83,live
Well-02,2026-02-19,12.8,12.77,12.84,live
Well-02,2026-02-20,12.88,12.85,12.92,live
Well-02,2026-02-21,12.9,12.87,12.94,live
Well-02,2026-02-22,12.83,12.8,12.87,live
Well-02,2026-02-23,12.86,12.83,12.9,live
Well-02,2026-02-24,12.9,12.87,12.94,live
Well-02,2026-02-25,12.89,12.86,12.93,live
Well-02,2026-02-26,12.88,12.85,12.92,live
Well-02,2026-02-27,12.89,12.86,12.93,live
Well-02,2026-02-28,12.86,12.83,12.9,live
Well-02,2026-03-01,12.83,12.8,12.87,live
Well-02,2026-03-02,12.86,12.83,12.9,live
Well-02,2026-03-03,12.93,12.9,12.97,live
Well-02,2026-03-04,12.97,12.94,13.01,live
Well-02,2026-03-05,12.95,12.92,12.99,live
Well-02,2026-03-06,12.99,12.96,13.03,live
Well-02,2026-03-07,12.9,12.87,12.94,live
Well-02,2026-03-08,12.85,12.82,12.89,live
Well-02,2026-03-09,12.82,12.79,12.86,live
Well-02,2026-03-10,12.84,12.81,12.88,live
Well-02,2026-03-11,12.79,12.76,12.83,live
Well-02,2026-03-12,12.75,12.72,12.79,live
Well-02,2026-03-13,12.71,12.68,12.75,live
Well-02,2026-03-14,12.64,12.61,12.68,live
Well-02,2026-03-15,12.66,12.63,12.7,live
Well-02,2026-03-16,12.64,12.61,12.68,live
Well-02,2026-03-17,12.59,12.56,12.63,live
Well-02,2026-03-18,12.64,12.61,12.68,live
Well-02,2026-03-19,12.61,12.58,12.65,live
Well-02,2026-03-20,12.59,12.56,12.63,live
Well-02,2026-03-21,12.65,12.62,12.69,live
Well-02,2026-03-22,12.64,12.61,12.68,live
Well-02,2026-03-23,12.64,12.61,12.68,live
Well-02,2026-03-24,12.65,12.62,12.69,live
Well-02,2026-03-25,12.63,12.6,12.67,live
Well-02,2026-03-26,12.53,12.5,12.57,live
Well-02,2026-03-27,12.62,12.59,12.66,live
Well-02,2026-03-28,12.62,12.59,12.66,live
Well-02,2026-03-29,12.59,12.56,12.63,live
Well-02,2026-03-30,12.56,12.53,12.6,live
Well-02,2026-03-31,12.54,12.51,12.58,live
Well-02,2026-04-01,12.52,12.49,12.56,live
Well-02,2026-04-02,12.55,12.52,12.59,live
Well-02,2026-04-03,12.5,12.47,12.54,live
Well-02,2026-04-04,12.49,12.46,12.53,live
Well-02,2026-04-05,12.5,12.47,12.54,live
Well-02,2026-04-06,12.49,12.46,12.53,live
Well-02,2026-04-07,12.51,12.48,12.55,live
Well-02,2026-04-08,12.58,12.55,12.62,live
Well-02,2026-04-09,12.53,12.5,12.57,live
Well-02,2026-04-10,12.41,12.38,12.45,live
Well-02,2026-04-11,12.32,12.29,12.36,live
Well-02,2026-04-12,12.27,12.24,12.31,live
Well-02,2026-04-13,12.18,12.15,12.22,live
Well-02,2026-04-14,12.18,12.15,12.22,live
Well-02,2026-04-15,12.16,12.13,12.2,live
Well-02,2026-04-16,12.14,12.11,12.18,live
Well-02,2026-04-17,12.16,12.13,12.2,live
Well-02,2026-04-18,12.15,12.12,12.19,live
Well-02,2026-04-19,12.15,12.12,12.19,live
Well-02,2026-04-20,12.09,12.06,12.13,live
Well-02,2026-04-21,12.0,11.97,12.04,live
Well-02,2026-04-22,11.9,11.87,11.94,live
Well-02,2026-04-23,11.9,11.87,11.94,live
Well-02,2026-04-24,11.8,11.77,11.84,live
Well-02,2026-04-25,11.82,11.79,11.86,live
Well-02,2026-04-26,11.88,11.85,11.92,live
Well-02,2026-04-27,11.81,11.78,11.85,live
Well-02,2026-04-28,11.68,11.65,11.72,live
Well-02,2026-04-29,11.63,11.6,11.67,live
Well-02,2026-04-30,11.67,11.64,11.71,live
Well-02,2026-05-01,11.62,11.59,11.66,live
Well-02,2026-05-02,11.65,11.62,11.69,live
Well-02,2026-05-03,11.62,11.59,11.66,live
Well-02,2026-05-04,11.7,11.67,11.74,live
Well-02,2026-05-05,11.66,11.63,11.7,live
Well-02,2026-05-06,11.6,11.57,11.64,live
Well-02,2026-05-07,11.55,11.52,11.59,live
Well-02,2026-05-08,11.46,11.43,11.5,live
Well-02,2026-05-09,11.45,11.42,11.49,live
Well-02,2026-05-10,11.51,11.48,11.55,live
Well-02,2026-05-11,11.52,11.49,11.56,live
Well-02,2026-05-12,11.44,11.41,11.48,live
Well-02,2026-05-13,11.41,11.38,11.45,live
Well-02,2026-05-14,11.47,11.44,11.51,live
Well-02,2026-05-15,11.44,11.41,11.48,live
Well-02,2026-05-16,11.35,11.32,11.39,live
Well-02,2026-05-17,11.4,11.37,11.44,live
Well-02,2026-05-18,11.46,11.43,11.5,live
Well-02,2026-05-19,11.39,11.36,11.43,live
Well-02,2026-05-20,11.33,11.3,11.37,live
Well-02,2026-05-21,11.26,11.23,11.3,live
Well-02,2026-05-22,11.21,11.18,11.25,live
Well-02,2026-05-23,11.23,11.2,11.27,live
Well-02,2026-05-24,11.21,11.18,11.25,live
Well-02,2026-05-25,11.15,11.12,11.19,live
Well-02,2026-05-26,11.06,11.03,11.1,live
Well-02,2026-05-27,11.04,11.01,11.08,live
Well-02,2026-05-28,11.05,11.02,11.09,live
Well-02,2026-05-29,11.07,11.04,11.11,live
Well-02,2026-05-30,11.03,11.0,11.07,live
Well-02,2026-05-31,11.02,10.99,11.06,live
Well-02,2026-06-01,11.1,11.07,11.14,live
Well-02,2026-06-02,11.06,11.03,11.1,live
Well-02,2026-06-03,11.04,11.01,11.08,live
Well-02,2026-06-04,11.06,11.03,11.1,live
Well-02,2026-06-05,10.9,10.87,10.94,live
Well-02,2026-06-06,10.85,10.82,10.89,live
Well-02,2026-06-07,10.84,10.81,10.88,live
Well-02,2026-06-08,10.71,10.68,10.75,live
Well-02,2026-06-09,10.6,10.57,10.64,live
Well-02,2026-06-10,10.49,10.46,10.53,live
Well-02,2026-06-11,10.41,10.38,10.45,live
Well-02,2026-06-12,10.36,10.33,10.4,live
Well-02,2026-06-13,10.33,10.3,10.37,live
Well-02,2026-06-14,10.26,10.23,10.3,live
Well-02,2026-06-15,10.2,10.17,10.24,live
Well-02,2026-06-16,10.09,10.06,10.13,live
Well-02,2026-06-17,10.08,10.05,10.12,live
Well-02,2026-06-18,10.17,10.14,10.21,live
Well-02,2026-06-19,10.09,10.06,10.13,live
Well-02,2026-06-20,10.11,10.08,10.15,live
Well-02,2026-06-21,10.06,10.03,10.1,live
Well-02,2026-06-22,10.11,10.08,10.15,live
Well-02,2026-06-23,10.13,10.1,10.17,live
Well-02,2026-06-24,10.19,10.16,10.23,live
Well-02,2026-06-25,10.18,10.15,10.22,live
Well-02,2026-06-26,10.15,10.12,10.19,live
Well-02,2026-06-27,10.19,10.16,10.23,live
Well-02,2026-06-28,10.18,10.15,10.22,live
Well-02,2026-06-29,10.17,10.14,10.21,live
Well-02,2026-06-30,10.14,10.11,10.18,live
Well-02,2026-07-01,10.12,10.09,10.16,live
Well-02,2026-07-02,10.15,10.12,10.19,live
Well-02,2026-07-03,10.07,10.04,10.11,live
Well-02,2026-07-04,10.11,10.08,10.15,live
Well-02,2026-07-05,10.08,10.05,10.12,live
Well-02,2026-07-06,10.01,9.98,10.05,live
Well-02,2026-07-07,9.92,9.89,9.96,live
Well-02,2026-07-08,9.81,9.78,9.85,live
Well-02,2026-07-09,9.84,9.81,9.88,live
Well-02,2026-07-10,9.83,9.8,9.87,live
Well-02,2026-07-11,9.82,9.79,9.86,live
Well-02,2026-07-12,9.75,9.72,9.79,live
Well-02,2026-07-13,9.8,9.77,9.84,live
Well-02,2026-07-14,9.79,9.76,9.83,live
Well-02,2026-07-15,9.81,9.78,9.85,live
Well-02,2026-07-16,9.89,9.86,9.93,live
Well-02,2026-07-17,9.9,9.87,9.94,live
Well-02,2026-07-18,9.87,9.84,9.91,live
Well-02,2026-07-19,9.8,9.77,9.84,live
Well-02,2026-07-20,9.8,9.77,9.84,live
Well-02,2026-07-21,9.73,9.7,9.77,live
Well-02,2026-07-22,9.74,9.71,9.78,live
Well-02,2026-07-23,9.67,9.64,9.71,live
Well-02,2026-07-24,9.69,9.66,9.73,live
Well-02,2026-07-25,9.64,9.61,9.68,live
Well-02,2026-07-26,9.61,9.58,9.65,live
Well-02,2026-07-27,9.66,9.63,9.7,live
Well-02,2026-07-28,9.63,9.6,9.67,live
Well-02,2026-07-29,9.55,9.52,9.59,live
Well-02,2026-07-30,9.52,9.49,9.56,live
Well-02,2026-07-31,9.5,9.47,9.54,live
Well-02,2026-08-01,9.46,9.43,9.5,live
Well-02,2026-08-02,9.44,9.41,9.48,live
Well-02,2026-08-03,9.45,9.42,9.49,live
Well-02,2026-08-04,9.43,9.4,9.47,live
Well-02,2026-08-05,9.42,9.39,9.46,live
Well-02,2026-08-06,9.39,9.36,9.43,live
Well-02,2026-08-07,9.39,9.36,9.43,live
Well-02,2026-08-08,9.41,9.38,9.45,live
Well-02,2026-08-09,9.42,9.39,9.46,live
Well-02,2026-08-10,9.3,9.27,9.34,live
Well-02,2026-08-11,9.28,9.25,9.32,live
Well-02,2026-08-12,9.24,9.21,9.28,live
Well-02,2026-08-13,9.25,9.22,9.29,live
Well-02,2026-08-14,9.31,9.28,9.35,live
Well-02,2026-08-15,9.27,9.24,9.31,live
Well-02,2026-08-16,9.22,9.19,9.26,live
Well-02,2026-08-17,9.26,9.23,9.3,live
Well-02,2026-08-18,9.24,9.21,9.28,live
Well-02,2026-08-19,9.28,9.25,9.32,live
Well-02,2026-08-20,9.32,9.29,9.36,live
Well-02,2026-08-21,9.22,9.19,9.26,live
Well-02,2026-08-22,9.23,9.2,9.27,live
Well-02,2026-08-23,9.19,9.16,9.23,live
Well-02,2026-08-24,9.16,9.13,9.2,live
Well-02,2026-08-25,9.15,9.12,9.19,live
Well-02,2026-08-26,9.15,9.12,9.19,live
Well-02,2026-08-27,9.08,9.05,9.12,live
Well-02,2026-08-28,9.1,9.07,9.14,live
Well-02,2026-08-29,8.98,8.95,9.02,live
Well-02,2026-08-30,9.06,9.03,9.1,live
Well-02,2026-08-31,9.03,9.0,9.07,live
Well-02,2026-09-01,9.11,9.08,9.15,live
Well-02,2026-09-02,9.05,9.02,9.09,live
Well-02,2026-09-03,9.04,9.01,9.08,live
Well-02,2026-09-04,9.22,9.19,9.26,live
Well-02,2026-09-05,9.27,9.24,9.31,live
Well-02,2026-09-06,9.25,9.22,9.29,live
Well-02,2026-09-07,9.28,9.25,9.32,live
Well-02,2026-09-08,9.32,9.29,9.36,live
Well-02,2026-09-09,9.34,9.31,9.38,live
Well-02,2026-09-10,9.33,9.3,9.37,live
Well-02,2026-09-11,9.37,9.34,9.41,live
Well-02,2026-09-12,9.27,9.24,9.31,live
Well-02,2026-09-13,9.23,9.2,9.27,live
Well-02,2026-09-14,9.28,9.25,9.32,live
Well-02,2026-09-15,9.26,9.23,9.3,live
Well-02,2026-09-16,9.31,9.28,9.35,live
Well-02,2026-09-17,9.24,9.21,9.28,live
Well-02,2026-09-18,9.19,9.16,9.23,live
Well-02,2026-09-19,9.19,9.16,9.23,live
Well-02,2026-09-20,9.2,9.17,9.24,live
Well-02,2026-09-21,9.22,9.19,9.26,live
Well-02,2026-09-22,9.25,9.22,9.29,live
Well-02,2026-09-23,9.26,9.23,9.3,live
Well-02,2026-09-24,9.18,9.15,9.22,live
Well-03,2022-06-01,11.34,11.31,11.38,archive
Well-03,2022-06-02,11.34,11.31,11.38,archive
Well-03,2022-06-03,11.37,11.34,11.41,archive
Well-03,2022-06-04,11.38,11.35,11.42,archive
Well-03,2022-06-05,11.34,11.31,11.38,archive
Well-03,2022-06-06,11.28,11.25,11.32,archive
Well-03,2022-06-07,11.29,11.26,11.33,archive
Well-03,2022-06-08,11.13,11.1,11.17,archive
Well-03,2022-06-09,11.12,11.09,11.16,archive
Well-03,2022-06-10,11.05,11.02,11.09,archive
Well-03,2022-06-11,11.05,11.02,11.09,archive
Well-03,2022-06-12,10.91,10.88,10.95,archive
Well-03,2022-06-13,10.87,10.84,10.91,archive
Well-03,2022-06-14,10.81,10.78,10.85,archive
Well-03,2022-06-15,10.8,10.77,10.84,archive
Well-03,2022-06-16,10.76,10.73,10.8,archive
Well-03,2022-06-17,10.66,10.63,10.7,archive
Well-03,2022-06-18,10.58,10.55,10.62,archive
Well-03,2022-06-19,10.5,10.47,10.54,archive
Well-03,2022-06-20,10.49,10.46,10.53,archive
Well-03,2022-06-21,10.44,10.41,10.48,archive
Well-03,2022-06-22,10.44,10.41,10.48,archive
Well-03,2022-06-23,10.43,10.4,10.47,archive
Well-03,2022-06-24,10.34,10.31,10.38,archive
Well-03,2022-06-25,10.38,10.35,10.42,archive
Well-03,2022-06-26,10.39,10.36,10.43,archive
Well-03,2022-06-27,10.32,10.29,10.36,archive
Well-03,2022-06-28,10.13,10.1,10.17,archive
Well-03,2022-06-29,10.07,10.04,10.11,archive
Well-03,2022-06-30,9.95,9.92,9.99,archive
Well-03,2022-07-01,9.91,9.88,9.95,archive
Well-03,2022-07-02,9.88,9.85,9.92,archive
Well-03,2022-07-03,9.87,9.84,9.91,archive
Well-03,2022-07-04,9.87,9.84,9.91,archive
Well-03,2022-07-05,9.74,9.71,9.78,archive
Well-03,2022-07-06,9.81,9.78,9.85,archive
Well-03,2022-07-07,9.8,9.77,9.84,archive
Well-03,2022-07-08,9.78,9.75,9.82,archive
Well-03,2022-07-09,9.78,9.75,9.82,archive
Well-03,2022-07-10,9.79,9.76,9.83,archive
Well-03,2022-07-11,9.78,9.75,9.82,archive
Well-03,2022-07-12,9.73,9.7,9.77,archive
Well-03,2022-07-13,9.71,9.68,9.75,archive
Well-03,2022-07-14,9.64,9.61,9.68,archive
Well-03,2022-07-15,9.59,9.56,9.63,archive
Well-03,2022-07-16,9.57,9.54,9.61,archive
Well-03,2022-07-17,9.6,9.57,9.64,archive
Well-03,2022-07-18,9.6,9.57,9.64,archive
Well-03,2022-07-19,9.49,9.46,9.53,archive
Well-03,2022-07-20,9.41,9.38,9.45,archive
Well-03,2022-07-21,9.39,9.36,9.43,archive
Well-03,2022-07-22,9.49,9.46,9.53,archive
Well-03,2022-07-23,9.47,9.44,9.51,archive
Well-03,2022-07-24,9.42,9.39,9.46,archive
Well-03,2022-07-25,9.37,9.34,9.41,archive
Well-03,2022-07-26,9.38,9.35,9.42,archive
Well-03,2022-07-27,9.38,9.35,9.42,archive
Well-03,2022-07-28,9.35,9.32,9.39,archive
Well-03,2022-07-29,9.4,9.37,9.44,archive
Well-03,2022-07-30,9.42,9.39,9.46,archive
Well-03,2022-07-31,9.41,9.38,9.45,archive
Well-03,2022-08-01,9.43,9.4,9.47,archive
Well-03,2022-08-02,9.47,9.44,9.51,archive
Well-03,2022-08-03,9.44,9.41,9.48,archive
Well-03,2022-08-04,9.39,9.36,9.43,archive
Well-03,2022-08-05,9.33,9.3,9.37,archive
Well-03,2022-08-06,9.31,9.28,9.35,archive
Well-03,2022-08-07,9.19,9.16,9.23,archive
Well-03,2022-08-08,9.12,9.09,9.16,archive
Well-03,2022-08-09,9.17,9.14,9.21,archive
Well-03,2022-08-10,9.07,9.04,9.11,archive
Well-03,2022-08-11,9.04,9.01,9.08,archive
Well-03,2022-08-12,9.03,9.0,9.07,archive
Well-03,2022-08-13,9.04,9.01,9.08,archive
Well-03,2022-08-14,9.09,9.06,9.13,archive
Well-03,2022-08-15,9.13,9.1,9.17,archive
Well-03,2022-08-16,9.14,9.11,9.18,archive
Well-03,2022-08-17,9.23,9.2,9.27,archive
Well-03,2022-08-18,9.18,9.15,9.22,archive
Well-03,2022-08-19,9.17,9.14,9.21,archive
Well-03,2022-08-20,9.17,9.14,9.21,archive
Well-03,2022-08-21,9.09,9.06,9.13,archive
Well-03,2022-08-22,9.06,9.03,9.1,archive
Well-03,2022-08-23,9.1,9.07,9.14,archive
Well-03,2022-08-24,9.1,9.07,9.14,archive
Well-03,2022-08-25,9.22,9.19,9.26,archive
Well-03,2022-08-26,9.2,9.17,9.24,archive
Well-03,2022-08-27,9.17,9.14,9.21,archive
Well-03,2022-08-28,9.15,9.12,9.19,archive
Well-03,2022-08-29,9.14,9.11,9.18,archive
Well-03,2022-08-30,9.13,9.1,9.17,archive
Well-03,2022-08-31,9.05,9.02,9.09,archive
Well-03,2022-09-01,9.1,9.07,9.14,archive
Well-03,2022-09-02,9.08,9.05,9.12,archive
Well-03,2022-09-03,9.15,9.12,9.19,archive
Well-03,2022-09-04,9.2,9.17,9.24,archive
Well-03,2022-09-05,9.26,9.23,9.3,archive
Well-03,2022-09-06,9.2,9.17,9.24,archive
Well-03,2022-09-07,9.16,9.13,9.2,archive
Well-03,2022-09-08,9.2,9.17,9.24,archive
Well-03,2022-09-09,9.26,9.23,9.3,archive
Well-03,2022-09-10,9.32,9.29,9.36,archive
Well-03,2022-09-11,9.33,9.3,9.37,archive
Well-03,2022-09-12,9.28,9.25,9.32,archive
Well-03,2022-09-13,9.23,9.2,9.27,archive
Well-03,2022-09-14,9.25,9.22,9.29,archive
Well-03,2022-09-15,9.24,9.21,9.28,archive
Well-03,2022-09-16,9.18,9.15,9.22,archive
Well-03,2022-09-17,9.25,9.22,9.29,archive
Well-03,2022-09-18,9.2,9.17,9.24,archive
Well-03,2022-09-19,9.2,9.17,9.24,archive
Well-03,2022-09-20,9.2,9.17,9.24,archive
Well-03,2022-09-21,9.36,9.33,9.4,archive
Well-03,2022-09-22,9.36,9.33,9.4,archive
Well-03,2022-09-23,9.26,9.23,9.3,archive
Well-03,2022-09-24,9.29,9.26,9.33,archive
Well-03,2022-09-25,9.32,9.29,9.36,archive
Well-03,2022-09-26,9.42,9.39,9.46,archive
Well-03,2022-09-27,9.41,9.38,9.45,archive
Well-03,2022-09-28,9.48,9.45,9.52,archive
Well-03,2022-09-29,9.56,9.53,9.6,archive
Well-03,2022-09-30,9.63,9.6,9.67,archive
Well-03,2022-10-01,9.7,9.67,9.74,archive
Well-03,2022-10-02,9.61,9.58,9.65,archive
Well-03,2022-10-03,9.65,9.62,9.69,archive
Well-03,2022-10-04,9.67,9.64,9.71,archive
Well-03,2022-10-05,9.69,9.66,9.73,archive
Well-03,2022-10-06,9.79,9.76,9.83,archive
Well-03,2022-10-07,9.78,9.75,9.82,archive
Well-03,2022-10-08,9.79,9.76,9.83,archive
Well-03,2022-10-09,9.91,9.88,9.95,archive
Well-03,2022-10-10,9.88,9.85,9.92,archive
Well-03,2022-10-11,9.86,9.83,9.9,archive
Well-03,2022-10-12,9.97,9.94,10.01,archive
Well-03,2022-10-13,10.05,10.02,10.09,archive
Well-03,2022-10-14,10.13,10.1,10.17,archive
Well-03,2022-10-15,10.14,10.11,10.18,archive
Well-03,2022-10-16,10.2,10.17,10.24,archive
Well-03,2022-10-17,10.25,10.22,10.29,archive
Well-03,2022-10-18,10.33,10.3,10.37,archive
Well-03,2022-10-19,10.33,10.3,10.37,archive
Well-03,2022-10-20,10.33,10.3,10.37,archive
Well-03,2022-10-21,10.3,10.27,10.34,archive
Well-03,2022-10-22,10.38,10.35,10.42,archive
Well-03,2022-10-23,10.4,10.37,10.44,archive
Well-03,2022-10-24,10.39,10.36,10.43,archive
Well-03,2022-10-25,10.39,10.36,10.43,archive
Well-03,2022-10-26,10.36,10.33,10.4,archive
Well-03,2022-10-27,10.42,10.39,10.46,archive
Well-03,2022-10-28,10.42,10.39,10.46,archive
Well-03,2022-10-29,10.45,10.42,10.49,archive
Well-03,2022-10-30,10.53,10.5,10.57,archive
Well-03,2022-10-31,10.61,10.58,10.65,archive
Well-03,2022-11-01,10.63,10.6,10.67,archive
Well-03,2022-11-02,10.68,10.65,10.72,archive
Well-03,2022-11-03,10.83,10.8,10.87,archive
Well-03,2022-11-04,10.79,10.76,10.83,archive
Well-03,2022-11-05,10.82,10.79,10.86,archive
Well-03,2022-11-06,10.89,10.86,10.93,archive
Well-03,2022-11-07,10.92,10.89,10.96,archive
Well-03,2022-11-08,10.94,10.91,10.98,archive
Well-03,2022-11-09,11.05,11.02,11.09,archive
Well-03,2022-11-10,11.11,11.08,11.15,archive
Well-03,2022-11-11,11.05,11.02,11.09,archive
Well-03,2022-11-12,11.08,11.05,11.12,archive
Well-03,2022-11-13,11.04,11.01,11.08,archive
Well-03,2022-11-14,11.13,11.1,11.17,archive
Well-03,2022-11-15,11.15,11.12,11.19,archive
Well-03,2022-11-16,11.23,11.2,11.27,archive
Well-03,2022-11-17,11.33,11.3,11.37,archive
Well-03,2022-11-18,11.34,11.31,11.38,archive
Well-03,2022-11-19,11.4,11.37,11.44,archive
Well-03,2022-11-20,11.41,11.38,11.45,archive
Well-03,2022-11-21,11.45,11.42,11.49,archive
Well-03,2022-11-22,12.4,12.37,12.44,archive
Well-03,2022-11-23,11.59,11.56,11.63,archive
Well-03,2022-11-24,11.63,11.6,11.67,archive
Well-03,2022-11-25,11.64,11.61,11.68,archive
Well-03,2022-11-26,11.64,11.61,11.68,archive
Well-03,2022-11-27,11.82,11.79,11.86,archive
Well-03,2022-11-28,11.9,11.87,11.94,archive
Well-03,2022-11-29,11.89,11.86,11.93,archive
Well-03,2022-11-30,11.98,11.95,12.02,archive
Well-03,2022-12-01,12.06,12.03,12.1,archive
Well-03,2022-12-02,12.13,12.1,12.17,archive
Well-03,2022-12-03,12.23,12.2,12.27,archive
Well-03,2022-12-04,13.14,13.11,13.18,archive
Well-03,2022-12-05,12.34,12.31,12.38,archive
Well-03,2022-12-06,12.35,12.32,12.39,archive
Well-03,2022-12-07,12.34,12.31,12.38,archive
Well-03,2022-12-08,12.4,12.37,12.44,archive
Well-03,2022-12-09,12.39,12.36,12.43,archive
Well-03,2022-12-10,12.42,12.39,12.46,archive
Well-03,2022-12-11,12.4,12.37,12.44,archive
Well-03,2022-12-12,12.4,12.37,12.44,archive
Well-03,2022-12-13,12.52,12.49,12.56,archive
Well-03,2022-12-14,12.56,12.53,12.6,archive
Well-03,2022-12-15,12.54,12.51,12.58,archive
Well-03,2022-12-16,12.59,12.56,12.63,archive
Well-03,2022-12-17,12.65,12.62,12.69,archive
Well-03,2022-12-18,12.8,12.77,12.84,archive
Well-03,2022-12-19,12.8,12.77,12.84,archive
Well-03,2022-12-20,12.87,12.84,12.91,archive
Well-03,2022-12-21,12.93,12.9,12.97,archive
Well-03,2022-12-22,12.91,12.88,12.95,archive
Well-03,2022-12-23,12.95,12.92,12.99,archive
Well-03,2022-12-24,13.03,13.0,13.07,archive
Well-03,2022-12-25,12.93,12.9,12.97,archive
Well-03,2022-12-26,12.9,12.87,12.94,archive
Well-03,2022-12-27,12.86,12.83,12.9,archive
Well-03,2022-12-28,12.97,12.94,13.01,archive
Well-03,2022-12-29,12.96,12.93,13.0,archive
Well-03,2022-12-30,12.98,12.95,13.02,archive
Well-03,2022-12-31,12.97,12.94,13.01,archive
Well-03,2023-01-01,13.06,13.03,13.1,archive
Well-03,2023-01-02,13.14,13.11,13.18,archive
Well-03,2023-01-03,13.24,13.21,13.28,archive
Well-03,2023-01-04,13.26,13.23,13.3,archive
Well-03,2023-01-05,13.27,13.24,13.31,archive
Well-03,2023-01-06,13.39,13.36,13.43,archive
Well-03,2023-01-07,13.4,13.37,13.44,archive
Well-03,2023-01-08,13.39,13.36,13.43,archive
Well-03,2023-01-09,13.36,13.33,13.4,archive
Well-03,2023-01-10,13.35,13.32,13.39,archive
Well-03,2023-01-11,13.28,13.25,13.32,archive
Well-03,2023-01-12,13.26,13.23,13.3,archive
Well-03,2023-01-13,13.27,13.24,13.31,archive
Well-03,2023-01-14,13.38,13.35,13.42,archive
Well-03,2023-01-15,13.43,13.4,13.47,archive
Well-03,2023-01-16,13.48,13.45,13.52,archive
Well-03,2023-01-17,13.54,13.51,13.58,archive
Well-03,2023-01-18,13.59,13.56,13.63,archive
Well-03,2023-01-19,13.61,13.58,13.65,archive
Well-03,2023-01-20,13.61,13.58,13.65,archive
Well-03,2023-01-21,13.64,13.61,13.68,archive
Well-03,2023-01-22,13.67,13.64,13.71,archive
Well-03,2023-01-23,13.7,13.67,13.74,archive
Well-03,2023-01-24,13.73,13.7,13.77,archive
Well-03,2023-01-25,13.75,13.72,13.79,archive
Well-03,2023-01-26,13.83,13.8,13.87,archive
Well-03,2023-01-27,13.87,13.84,13.91,archive
Well-03,2023-01-28,13.87,13.84,13.91,archive
Well-03,2023-01-29,13.95,13.92,13.99,archive
Well-03,2023-01-30,13.99,13.96,14.03,archive
Well-03,2023-01-31,14.06,14.03,14.1,archive
Well-03,2023-02-01,14.09,14.06,14.13,archive
Well-03,2023-02-02,14.1,14.07,14.14,archive
Well-03,2023-02-03,14.14,14.11,14.18,archive
Well-03,2023-02-04,14.14,14.11,14.18,archive
Well-03,2023-02-05,14.15,14.12,14.19,archive
Well-03,2023-02-06,14.67,14.64,14.71,archive
Well-03,2023-02-07,14.16,14.13,14.2,archive
Well-03,2023-02-08,14.12,14.09,14.16,archive
Well-03,2023-02-09,14.12,14.09,14.16,archive
Well-03,2023-02-10,14.15,14.12,14.19,archive
Well-03,2023-02-11,14.17,14.14,14.21,archive
Well-03,2023-02-12,14.19,14.16,14.23,archive
Well-03,2023-02-13,14.2,14.17,14.24,archive
Well-03,2023-02-14,14.19,14.16,14.23,archive
Well-03,2023-02-15,14.11,14.08,14.15,archive
Well-03,2023-02-16,14.07,14.04,14.11,archive
Well-03,2023-02-17,14.1,14.07,14.14,archive
Well-03,2023-02-18,14.14,14.11,14.18,archive
Well-03,2023-02-19,14.11,14.08,14.15,archive
Well-03,2023-02-20,14.08,14.05,14.12,archive
Well-03,2023-02-21,14.14,14.11,14.18,archive
Well-03,2023-02-22,14.05,14.02,14.09,archive
Well-03,2023-02-23,13.98,13.95,14.02,archive
Well-03,2023-02-24,13.93,13.9,13.97,archive
Well-03,2023-02-25,14.01,13.98,14.05,archive
Well-03,2023-02-26,13.99,13.96,14.03,archive
Well-03,2023-02-27,13.98,13.95,14.02,archive
Well-03,2023-02-28,13.96,13.93,14.0,archive
Well-03,2023-03-01,13.99,13.96,14.03,archive
Well-03,2023-03-02,14.04,14.01,14.08,archive
Well-03,2023-03-03,14.12,14.09,14.16,archive
Well-03,2023-03-04,14.12,14.09,14.16,archive
Well-03,2023-03-05,14.11,14.08,14.15,archive
Well-03,2023-03-06,14.06,14.03,14.1,archive
Well-03,2023-03-07,14.03,14.0,14.07,archive
Well-03,2023-03-08,13.95,13.92,13.99,archive
Well-03,2023-03-09,14.03,14.0,14.07,archive
Well-03,2023-03-10,14.06,14.03,14.1,archive
Well-03,2023-03-11,14.09,14.06,14.13,archive
Well-03,2023-03-12,13.98,13.95,14.02,archive
Well-03,2023-03-13,13.94,13.91,13.98,archive
Well-03,2023-03-14,14.0,13.97,14.04,archive
Well-03,2023-03-15,14.01,13.98,14.05,archive
Well-03,2023-03-16,14.09,14.06,14.13,archive
Well-03,2023-03-17,13.99,13.96,14.03,archive
Well-03,2023-03-18,14.0,13.97,14.04,archive
Well-03,2023-03-19,13.94,13.91,13.98,archive
Well-03,2023-03-20,13.89,13.86,13.93,archive
Well-03,2023-03-21,13.86,13.83,13.9,archive
Well-03,2023-03-22,13.82,13.79,13.86,archive
Well-03,2023-03-23,13.8,13.77,13.84,archive
Well-03,2023-03-24,13.8,13.77,13.84,archive
Well-03,2023-03-25,13.81,13.78,13.85,archive
Well-03,2023-03-26,13.79,13.76,13.83,archive
Well-03,2023-03-27,13.72,13.69,13.76,archive
Well-03,2023-03-28,13.7,13.67,13.74,archive
Well-03,2023-03-29,13.6,13.57,13.64,archive
Well-03,2023-03-30,13.56,13.53,13.6,archive
Well-03,2023-03-31,13.6,13.57,13.64,archive
Well-03,2023-04-01,13.67,13.64,13.71,archive
Well-03,2023-04-02,13.69,13.66,13.73,archive
Well-03,2023-04-03,13.67,13.64,13.71,archive
Well-03,2023-04-04,13.69,13.66,13.73,archive
Well-03,2023-04-05,13.68,13.65,13.72,archive
Well-03,2023-04-06,13.57,13.54,13.61,archive
Well-03,2023-04-07,13.5,13.47,13.54,archive
Well-03,2023-04-08,13.51,13.48,13.55,archive
Well-03,2023-04-09,13.45,13.42,13.49,archive
Well-03,2023-04-10,13.42,13.39,13.46,archive
Well-03,2023-04-11,13.38,13.35,13.42,archive
Well-03,2023-04-12,13.35,13.32,13.39,archive
Well-03,2023-04-13,13.26,13.23,13.3,archive
Well-03,2023-04-14,13.27,13.24,13.31,archive
Well-03,2023-04-15,13.21,13.18,13.25,archive
Well-03,2023-04-16,13.26,13.23,13.3,archive
Well-03,2023-04-17,13.26,13.23,13.3,archive
Well-03,2023-04-18,13.25,13.22,13.29,archive
Well-03,2023-04-19,13.29,13.26,13.33,archive
Well-03,2023-04-20,13.31,13.28,13.35,archive
Well-03,2023-04-21,13.2,13.17,13.24,archive
Well-03,2023-04-22,13.04,13.01,13.08,archive
Well-03,2023-04-23,12.89,12.86,12.93,archive
Well-03,2023-04-24,12.82,12.79,12.86,archive
Well-03,2023-04-25,12.74,12.71,12.78,archive
Well-03,2023-04-26,12.75,12.72,12.79,archive
Well-03,2023-04-27,12.72,12.69,12.76,archive
Well-03,2023-04-28,12.78,12.75,12.82,archive
Well-03,2023-04-29,12.74,12.71,12.78,archive
Well-03,2023-04-30,12.72,12.69,12.76,archive
Well-03,2023-05-01,12.64,12.61,12.68,archive
Well-03,2023-05-02,12.64,12.61,12.68,archive
Well-03,2023-05-03,12.61,12.58,12.65,archive
Well-03,2023-05-04,12.62,12.59,12.66,archive
Well-03,2023-05-05,12.53,12.5,12.57,archive
Well-03,2023-05-06,12.51,12.48,12.55,archive
Well-03,2023-05-07,12.48,12.45,12.52,archive
Well-03,2023-05-08,12.49,12.46,12.53,archive
Well-03,2023-05-09,12.46,12.43,12.5,archive
Well-03,2023-05-10,12.41,12.38,12.45,archive
Well-03,2023-05-11,12.33,12.3,12.37,archive
Well-03,2023-05-12,12.18,12.15,12.22,archive
Well-03,2023-05-13,12.17,12.14,12.21,archive
Well-03,2023-05-14,12.09,12.06,12.13,archive
Well-03,2023-05-15,12.05,12.02,12.09,archive
Well-03,2023-05-16,11.99,11.96,12.03,archive
Well-03,2023-05-17,11.92,11.89,11.96,archive
Well-03,2023-05-18,11.9,11.87,11.94,archive
Well-03,2023-05-19,11.88,11.85,11.92,archive
Well-03,2023-05-20,11.91,11.88,11.95,archive
Well-03,2023-05-21,11.83,11.8,11.87,archive
Well-03,2023-05-22,11.79,11.76,11.83,archive
Well-03,2023-05-23,11.68,11.65,11.72,archive
Well-03,2023-05-24,11.68,11.65,11.72,archive
Well-03,2023-05-25,11.53,11.5,11.57,archive
Well-03,2023-05-26,11.54,11.51,11.58,archive
Well-03,2023-05-27,11.46,11.43,11.5,archive
Well-03,2023-05-28,11.4,11.37,11.44,archive
Well-03,2023-05-29,11.32,11.29,11.36,archive
Well-03,2023-05-30,11.28,11.25,11.32,archive
Well-03,2023-05-31,11.24,11.21,11.28,archive
Well-03,2023-06-01,11.21,11.18,11.25,archive
Well-03,2023-06-02,11.18,11.15,11.22,archive
Well-03,2023-06-03,11.14,11.11,11.18,archive
Well-03,2023-06-04,11.0,10.97,11.04,archive
Well-03,2023-06-05,10.93,10.9,10.97,archive
Well-03,2023-06-06,10.87,10.84,10.91,archive
Well-03,2023-06-07,10.9,10.87,10.94,archive
Well-03,2023-06-08,10.83,10.8,10.87,archive
Well-03,2023-06-09,10.78,10.75,10.82,archive
Well-03,2023-06-10,10.76,10.73,10.8,archive
Well-03,2023-06-11,10.64,10.61,10.68,archive
Well-03,2023-06-12,10.56,10.53,10.6,archive
Well-03,2023-06-13,10.56,10.53,10.6,archive
Well-03,2023-06-14,10.48,10.45,10.52,archive
Well-03,2023-06-15,10.33,10.3,10.37,archive
Well-03,2023-06-16,10.31,10.28,10.35,archive
Well-03,2023-06-17,10.32,10.29,10.36,archive
Well-03,2023-06-18,10.31,10.28,10.35,archive
Well-03,2023-06-19,10.27,10.24,10.31,archive
Well-03,2023-06-20,10.25,10.22,10.29,archive
Well-03,2023-06-21,10.2,10.17,10.24,archive
Well-03,2023-06-22,10.11,10.08,10.15,archive
Well-03,2023-06-23,10.16,10.13,10.2,archive
Well-03,2023-06-24,10.11,10.08,10.15,archive
Well-03,2023-06-25,10.04,10.01,10.08,archive
Well-03,2023-06-26,10.08,10.05,10.12,archive
Well-03,2023-06-27,10.08,10.05,10.12,archive
Well-03,2023-06-28,10.1,10.07,10.14,archive
Well-03,2023-06-29,10.12,10.09,10.16,archive
Well-03,2023-06-30,10.13,10.1,10.17,archive
Well-03,2023-07-01,9.99,9.96,10.03,archive
Well-03,2023-07-02,9.96,9.93,10.0,archive
Well-03,2023-07-03,9.9,9.87,9.94,archive
Well-03,2023-07-04,9.83,9.8,9.87,archive
Well-03,2023-07-05,9.76,9.73,9.8,archive
Well-03,2023-07-06,9.72,9.69,9.76,archive
Well-03,2023-07-07,9.66,9.63,9.7,archive
Well-03,2023-07-08,9.61,9.58,9.65,archive
Well-03,2023-07-09,9.64,9.61,9.68,archive
Well-03,2023-07-10,9.73,9.7,9.77,archive
Well-03,2023-07-11,9.66,9.63,9.7,archive
Well-03,2023-07-12,9.63,9.6,9.67,archive
Well-03,2023-07-13,9.58,9.55,9.62,archive
Well-03,2023-07-14,9.42,9.39,9.46,archive
Well-03,2023-07-15,9.39,9.36,9.43,archive
Well-03,2023-07-16,9.38,9.35,9.42,archive
Well-03,2023-07-17,9.37,9.34,9.41,archive
Well-03,2023-07-18,9.34,9.31,9.38,archive
Well-03,2023-07-19,9.32,9.29,9.36,archive
Well-03,2023-07-20,9.28,9.25,9.32,archive
Well-03,2023-07-21,9.23,9.2,9.27,archive
Well-03,2023-07-22,9.18,9.15,9.22,archive
Well-03,2023-07-23,9.28,9.25,9.32,archive
Well-03,2023-07-24,9.3,9.27,9.34,archive
Well-03,2023-07-25,9.28,9.25,9.32,archive
Well-03,2023-07-26,9.3,9.27,9.34,archive
Well-03,2023-07-27,9.28,9.25,9.32,archive
Well-03,2023-07-28,9.33,9.3,9.37,archive
Well-03,2023-07-29,9.31,9.28,9.35,archive
Well-03,2023-07-30,9.2,9.17,9.24,archive
Well-03,2023-07-31,9.19,9.16,9.23,archive
Well-03,2023-08-01,9.24,9.21,9.28,archive
Well-03,2023-08-02,9.24,9.21,9.28,archive
Well-03,2023-08-03,9.24,9.21,9.28,archive
Well-03,2023-08-04,9.27,9.24,9.31,archive
Well-03,2023-08-05,9.2,9.17,9.24,archive
Well-03,2023-08-06,9.17,9.14,9.21,archive
Well-03,2023-08-07,9.13,9.1,9.17,archive
Well-03,2023-08-08,9.13,9.1,9.17,archive
Well-03,2023-08-09,9.13,9.1,9.17,archive
Well-03,2023-08-10,9.14,9.11,9.18,archive
Well-03,2023-08-11,9.06,9.03,9.1,archive
Well-03,2023-08-12,8.91,8.88,8.95,archive
Well-03,2023-08-13,8.87,8.84,8.91,archive
Well-03,2023-08-14,8.89,8.86,8.93,archive
Well-03,2023-08-15,8.95,8.92,8.99,archive
Well-03,2023-08-16,8.94,8.91,8.98,archive
Well-03,2023-08-17,9.01,8.98,9.05,archive
Well-03,2023-08-18,8.99,8.96,9.03,archive
Well-03,2023-08-19,9.01,8.98,9.05,archive
Well-03,2023-08-20,8.98,8.95,9.02,archive
Well-03,2023-08-21,8.98,8.95,9.02,archive
Well-03,2023-08-22,9.0,8.97,9.04,archive
Well-03,2023-08-23,9.12,9.09,9.16,archive
Well-03,2023-08-24,9.16,9.13,9.2,archive
Well-03,2023-08-25,9.14,9.11,9.18,archive
Well-03,2023-08-26,9.1,9.07,9.14,archive
Well-03,2023-08-27,8.97,8.94,9.01,archive
Well-03,2023-08-28,8.95,8.92,8.99,archive
Well-03,2023-08-29,8.95,8.92,8.99,archive
Well-03,2023-08-30,9.0,8.97,9.04,archive
Well-03,2023-08-31,8.97,8.94,9.01,archive
Well-03,2023-09-01,8.93,8.9,8.97,archive
Well-03,2023-09-02,8.98,8.95,9.02,archive
Well-03,2023-09-03,9.02,8.99,9.06,archive
Well-03,2023-09-04,9.03,9.0,9.07,archive
Well-03,2023-09-05,9.04,9.01,9.08,archive
Well-03,2023-09-06,9.03,9.0,9.07,archive
Well-03,2023-09-07,9.05,9.02,9.09,archive
Well-03,2023-09-08,9.09,9.06,9.13,archive
Well-03,2023-09-09,9.09,9.06,9.13,archive
Well-03,2023-09-10,9.15,9.12,9.19,archive
Well-03,2023-09-11,9.17,9.14,9.21,archive
Well-03,2023-09-12,9.18,9.15,9.22,archive
Well-03,2023-09-13,9.16,9.13,9.2,archive
Well-03,2023-09-14,9.19,9.16,9.23,archive
Well-03,2023-09-15,9.25,9.22,9.29,archive
Well-03,2023-09-16,9.2,9.17,9.24,archive
Well-03,2023-09-17,9.12,9.09,9.16,archive
Well-03,2023-09-18,9.13,9.1,9.17,archive
Well-03,2023-09-19,9.14,9.11,9.18,archive
Well-03,2023-09-20,9.12,9.09,9.16,archive
Well-03,2023-09-21,9.13,9.1,9.17,archive
Well-03,2023-09-22,9.12,9.09,9.16,archive
Well-03,2023-09-23,9.18,9.15,9.22,archive
Well-03,2023-09-24,9.21,9.18,9.25,archive
Well-03,2023-09-25,9.28,9.25,9.32,archive
Well-03,2023-09-26,9.26,9.23,9.3,archive
Well-03,2023-09-27,9.22,9.19,9.26,archive
Well-03,2023-09-28,9.36,9.33,9.4,archive
Well-03,2023-09-29,9.29,9.26,9.33,archive
Well-03,2023-09-30,9.31,9.28,9.35,archive
Well-03,2023-10-01,9.36,9.33,9.4,archive
Well-03,2023-10-02,9.38,9.35,9.42,archive
Well-03,2023-10-03,9.47,9.44,9.51,archive
Well-03,2023-10-04,9.5,9.47,9.54,archive
Well-03,2023-10-05,9.48,9.45,9.52,archive
Well-03,2023-10-06,9.48,9.45,9.52,archive
Well-03,2023-10-07,9.58,9.55,9.62,archive
Well-03,2023-10-08,9.65,9.62,9.69,archive
Well-03,2023-10-09,9.65,9.62,9.69,archive
Well-03,2023-10-10,9.66,9.63,9.7,archive
Well-03,2023-10-11,9.63,9.6,9.67,archive
Well-03,2023-10-12,9.64,9.61,9.68,archive
Well-03,2023-10-13,9.69,9.66,9.73,archive
Well-03,2023-10-14,9.72,9.69,9.76,archive
Well-03,2023-10-15,9.83,9.8,9.87,archive
Well-03,2023-10-16,9.85,9.82,9.89,archive
Well-03,2023-10-17,9.85,9.82,9.89,archive
Well-03,2023-10-18,9.91,9.88,9.95,archive
Well-03,2023-10-19,9.94,9.91,9.98,archive
Well-03,2023-10-20,9.99,9.96,10.03,archive
Well-03,2023-10-21,10.11,10.08,10.15,archive
Well-03,2023-10-22,10.18,10.15,10.22,archive
Well-03,2023-10-23,10.24,10.21,10.28,archive
Well-03,2023-10-24,10.3,10.27,10.34,archive
Well-03,2023-10-25,10.4,10.37,10.44,archive
Well-03,2023-10-26,10.39,10.36,10.43,archive
Well-03,2023-10-27,10.34,10.31,10.38,archive
Well-03,2023-10-28,10.29,10.26,10.33,archive
Well-03,2023-10-29,10.42,10.39,10.46,archive
Well-03,2023-10-30,10.5,10.47,10.54,archive
Well-03,2023-10-31,10.53,10.5,10.57,archive
Well-03,2023-11-01,10.46,10.43,10.5,archive
Well-03,2023-11-02,10.52,10.49,10.56,archive
Well-03,2023-11-03,10.45,10.42,10.49,archive
Well-03,2023-11-04,10.55,10.52,10.59,archive
Well-03,2023-11-05,10.65,10.62,10.69,archive
Well-03,2023-11-06,10.72,10.69,10.76,archive
Well-03,2023-11-07,10.78,10.75,10.82,archive
Well-03,2023-11-08,10.78,10.75,10.82,archive
Well-03,2023-11-09,10.93,10.9,10.97,archive
Well-03,2023-11-10,11.0,10.97,11.04,archive
Well-03,2023-11-11,10.95,10.92,10.99,archive
Well-03,2023-11-12,11.08,11.05,11.12,archive
Well-03,2023-11-13,11.08,11.05,11.12,archive
Well-03,2023-11-14,11.12,11.09,11.16,archive
Well-03,2023-11-15,11.2,11.17,11.24,archive
Well-03,2023-11-16,11.17,11.14,11.21,archive
Well-03,2023-11-17,11.25,11.22,11.29,archive
Well-03,2023-11-18,11.33,11.3,11.37,archive
Well-03,2023-11-19,11.3,11.27,11.34,archive
Well-03,2023-11-20,11.39,11.36,11.43,archive
Well-03,2023-11-21,11.54,11.51,11.58,archive
Well-03,2023-11-22,11.57,11.54,11.61,archive
Well-03,2023-11-23,11.74,11.71,11.78,archive
Well-03,2023-11-24,11.75,11.72,11.79,archive
Well-03,2023-11-25,11.66,11.63,11.7,archive
Well-03,2023-11-26,11.66,11.63,11.7,archive
Well-03,2023-11-27,11.65,11.62,11.69,archive
Well-03,2023-11-28,11.7,11.67,11.74,archive
Well-03,2023-11-29,11.72,11.69,11.76,archive
Well-03,2023-11-30,11.75,11.72,11.79,archive
Well-03,2023-12-01,11.76,11.73,11.8,archive
Well-03,2023-12-02,11.8,11.77,11.84,archive
Well-03,2023-12-03,11.82,11.79,11.86,archive
Well-03,2023-12-04,11.82,11.79,11.86,archive
Well-03,2023-12-05,11.93,11.9,11.97,archive
Well-03,2023-12-06,12.01,11.98,12.05,archive
Well-03,2023-12-07,12.13,12.1,12.17,archive
Well-03,2023-12-08,12.14,12.11,12.18,archive
Well-03,2023-12-09,12.24,12.21,12.28,archive
Well-03,2023-12-10,12.32,12.29,12.36,archive
Well-03,2023-12-11,12.34,12.31,12.38,archive
Well-03,2023-12-12,12.37,12.34,12.41,archive
Well-03,2023-12-13,12.39,12.36,12.43,archive
Well-03,2023-12-14,12.47,12.44,12.51,archive
Well-03,2023-12-15,12.4,12.37,12.44,archive
Well-03,2023-12-16,12.37,12.34,12.41,archive
Well-03,2023-12-17,12.52,12.49,12.56,archive
Well-03,2023-12-18,12.61,12.58,12.65,archive
Well-03,2023-12-19,12.64,12.61,12.68,archive
Well-03,2023-12-20,12.7,12.67,12.74,archive
Well-03,2023-12-21,12.71,12.68,12.75,archive
Well-03,2023-12-22,12.71,12.68,12.75,archive
Well-03,2023-12-23,12.78,12.75,12.82,archive
Well-03,2023-12-24,12.93,12.9,12.97,archive
Well-03,2023-12-25,13.05,13.02,13.09,archive
Well-03,2023-12-26,13.09,13.06,13.13,archive
Well-03,2023-12-27,13.12,13.09,13.16,archive
Well-03,2023-12-28,13.19,13.16,13.23,archive
Well-03,2023-12-29,13.12,13.09,13.16,archive
Well-03,2023-12-30,13.29,13.26,13.33,archive
Well-03,2023-12-31,13.21,13.18,13.25,archive
Well-03,2024-01-01,13.15,13.12,13.19,archive
Well-03,2024-01-02,13.24,13.21,13.28,archive
Well-03,2024-01-03,13.27,13.24,13.31,archive
Well-03,2024-01-04,13.37,13.34,13.41,archive
Well-03,2024-01-05,13.46,13.43,13.5,archive
Well-03,2024-01-06,13.46,13.43,13.5,archive
Well-03,2024-01-07,13.5,13.47,13.54,archive
Well-03,2024-01-08,13.52,13.49,13.56,archive
Well-03,2024-01-09,13.5,13.47,13.54,archive
Well-03,2024-01-10,13.47,13.44,13.51,archive
Well-03,2024-01-11,13.49,13.46,13.53,archive
Well-03,2024-01-12,13.57,13.54,13.61,archive
Well-03,2024-01-13,13.52,13.49,13.56,archive
Well-03,2024-01-14,13.5,13.47,13.54,archive
Well-03,2024-01-15,13.54,13.51,13.58,archive
Well-03,2024-01-16,13.54,13.51,13.58,archive
Well-03,2024-01-17,13.65,13.62,13.69,archive
Well-03,2024-01-18,13.73,13.7,13.77,archive
Well-03,2024-01-19,13.71,13.68,13.75,archive
Well-03,2024-01-20,13.74,13.71,13.78,archive
Well-03,2024-01-21,13.64,13.61,13.68,archive
Well-03,2024-01-22,13.65,13.62,13.69,archive
Well-03,2024-01-23,13.76,13.73,13.8,archive
Well-03,2024-01-24,13.78,13.75,13.82,archive
Well-03,2024-01-25,13.81,13.78,13.85,archive
Well-03,2024-01-26,13.88,13.85,13.92,archive
Well-03,2024-01-27,13.97,13.94,14.01,archive
Well-03,2024-01-28,14.04,14.01,14.08,archive
Well-03,2024-01-29,14.0,13.97,14.04,archive
Well-03,2024-01-30,13.97,13.94,14.01,archive
Well-03,2024-01-31,13.91,13.88,13.95,archive
Well-03,2024-02-01,13.96,13.93,14.0,archive
Well-03,2024-02-02,13.96,13.93,14.0,archive
Well-03,2024-02-03,14.03,14.0,14.07,archive
Well-03,2024-02-04,13.99,13.96,14.03,archive
Well-03,2024-02-05,13.99,13.96,14.03,archive
Well-03,2024-02-06,13.97,13.94,14.01,archive
Well-03,2024-02-07,13.99,13.96,14.03,archive
Well-03,2024-02-08,14.05,14.02,14.09,archive
Well-03,2024-02-09,13.99,13.96,14.03,archive
Well-03,2024-02-10,14.06,14.03,14.1,archive
Well-03,2024-02-11,14.03,14.0,14.07,archive
Well-03,2024-02-12,14.04,14.01,14.08,archive
Well-03,2024-02-13,14.13,14.1,14.17,archive
Well-03,2024-02-14,14.17,14.14,14.21,archive
Well-03,2024-02-15,14.25,14.22,14.29,archive
Well-03,2024-02-16,14.06,14.03,14.1,archive
Well-03,2024-02-17,14.1,14.07,14.14,archive
Well-03,2024-02-18,14.03,14.0,14.07,archive
Well-03,2024-02-19,14.09,14.06,14.13,archive
Well-03,2024-02-20,14.11,14.08,14.15,archive
Well-03,2024-02-21,14.17,14.14,14.21,archive
Well-03,2024-02-22,14.17,14.14,14.21,archive
Well-03,2024-02-23,14.11,14.08,14.15,archive
Well-03,2024-02-24,14.14,14.11,14.18,archive
Well-03,2024-02-25,14.14,14.11,14.18,archive
Well-03,2024-02-26,14.13,14.1,14.17,archive
Well-03,2024-02-27,14.15,14.12,14.19,archive
Well-03,2024-02-28,14.13,14.1,14.17,archive
Well-03,2024-02-29,14.14,14.11,14.18,archive
Well-03,2024-03-01,14.15,14.12,14.19,archive
Well-03,2024-03-02,14.16,14.13,14.2,archive
Well-03,2024-03-03,14.14,14.11,14.18,archive
Well-03,2024-03-04,14.16,14.13,14.2,archive
Well-03,2024-03-05,14.18,14.15,14.22,archive
Well-03,2024-03-06,14.14,14.11,14.18,archive
Well-03,2024-03-07,14.09,14.06,14.13,archive
Well-03,2024-03-08,14.15,14.12,14.19,archive
Well-03,2024-03-09,14.23,14.2,14.27,archive
Well-03,2024-03-10,14.1,14.07,14.14,archive
Well-03,2024-03-11,14.26,14.23,14.3,archive
Well-03,2024-03-12,14.19,14.16,14.23,archive
Well-03,2024-03-13,14.17,14.14,14.21,archive
Well-03,2024-03-14,14.15,14.12,14.19,archive
Well-03,2024-03-15,14.16,14.13,14.2,archive
Well-03,2024-03-16,14.1,14.07,14.14,archive
Well-03,2024-03-17,14.12,14.09,14.16,archive
Well-03,2024-03-18,14.03,14.0,14.07,archive
Well-03,2024-03-19,13.96,13.93,14.0,archive
Well-03,2024-03-20,13.92,13.89,13.96,archive
Well-03,2024-03-21,13.88,13.85,13.92,archive
Well-03,2024-03-22,13.88,13.85,13.92,archive
Well-03,2024-03-23,13.79,13.76,13.83,archive
Well-03,2024-03-24,13.83,13.8,13.87,archive
Well-03,2024-03-25,13.79,13.76,13.83,archive
Well-03,2024-03-26,14.35,14.32,14.39,archive
Well-03,2024-03-27,13.71,13.68,13.75,archive
Well-03,2024-03-28,13.72,13.69,13.76,archive
Well-03,2024-03-29,13.65,13.62,13.69,archive
Well-03,2024-03-30,13.59,13.56,13.63,archive
Well-03,2024-03-31,13.59,13.56,13.63,archive
Well-03,2024-04-01,13.6,13.57,13.64,archive
Well-03,2024-04-02,13.53,13.5,13.57,archive
Well-03,2024-04-03,13.43,13.4,13.47,archive
Well-03,2024-04-04,13.47,13.44,13.51,archive
Well-03,2024-04-05,13.49,13.46,13.53,archive
Well-03,2024-04-06,13.59,13.56,13.63,archive
Well-03,2024-04-07,13.53,13.5,13.57,archive
Well-03,2024-04-08,13.49,13.46,13.53,archive
Well-03,2024-04-09,13.55,13.52,13.59,archive
Well-03,2024-04-10,13.43,13.4,13.47,archive
Well-03,2024-04-11,13.39,13.36,13.43,archive
Well-03,2024-04-12,13.35,13.32,13.39,archive
Well-03,2024-04-13,13.29,13.26,13.33,archive
Well-03,2024-04-14,13.32,13.29,13.36,archive
Well-03,2024-04-15,13.22,13.19,13.26,archive
Well-03,2024-04-16,13.25,13.22,13.29,archive
Well-03,2024-04-17,13.15,13.12,13.19,archive
Well-03,2024-04-18,13.12,13.09,13.16,archive
Well-03,2024-04-19,13.03,13.0,13.07,archive
Well-03,2024-04-20,12.96,12.93,13.0,archive
Well-03,2024-04-21,12.94,12.91,12.98,archive
Well-03,2024-04-22,12.91,12.88,12.95,archive
Well-03,2024-04-23,12.94,12.91,12.98,archive
Well-03,2024-04-24,12.84,12.81,12.88,archive
Well-03,2024-04-25,12.81,12.78,12.85,archive
Well-03,2024-04-26,12.89,12.86,12.93,archive
Well-03,2024-04-27,12.8,12.77,12.84,archive
Well-03,2024-04-28,12.76,12.73,12.8,archive
Well-03,2024-04-29,12.68,12.65,12.72,archive
Well-03,2024-04-30,12.63,12.6,12.67,archive
Well-03,2024-05-01,12.57,12.54,12.61,archive
Well-03,2024-05-02,12.58,12.55,12.62,archive
Well-03,2024-05-03,12.57,12.54,12.61,archive
Well-03,2024-05-04,12.56,12.53,12.6,archive
Well-03,2024-05-05,12.49,12.46,12.53,archive
Well-03,2024-05-06,12.47,12.44,12.51,archive
Well-03,2024-05-07,12.47,12.44,12.51,archive
Well-03,2024-05-08,12.54,12.51,12.58,archive
Well-03,2024-05-09,12.46,12.43,12.5,archive
Well-03,2024-05-10,12.42,12.39,12.46,archive
Well-03,2024-05-11,12.42,12.39,12.46,archive
Well-03,2024-05-12,12.31,12.28,12.35,archive
Well-03,2024-05-13,12.28,12.25,12.32,archive
Well-03,2024-05-14,12.32,12.29,12.36,archive
Well-03,2024-05-15,12.32,12.29,12.36,archive
Well-03,2024-05-16,12.24,12.21,12.28,archive
Well-03,2024-05-17,12.13,12.1,12.17,archive
Well-03,2024-05-18,12.08,12.05,12.12,archive
Well-03,2024-05-19,12.06,12.03,12.1,archive
Well-03,2024-05-20,11.96,11.93,12.0,archive
Well-03,2024-05-21,11.97,11.94,12.01,archive
Well-03,2024-05-22,11.95,11.92,11.99,archive
Well-03,2024-05-23,11.93,11.9,11.97,archive
Well-03,2024-05-24,11.85,11.82,11.89,archive
Well-03,2024-05-25,11.83,11.8,11.87,archive
Well-03,2024-05-26,11.74,11.71,11.78,archive
Well-03,2024-05-27,11.6,11.57,11.64,archive
Well-03,2024-05-28,11.55,11.52,11.59,archive
Well-03,2024-05-29,11.44,11.41,11.48,archive
Well-03,2024-05-30,11.45,11.42,11.49,archive
Well-03,2024-05-31,11.48,11.45,11.52,archive
Well-03,2024-06-01,11.51,11.48,11.55,archive
Well-03,2024-06-02,11.4,11.37,11.44,archive
Well-03,2024-06-03,11.39,11.36,11.43,archive
Well-03,2024-06-04,11.23,11.2,11.27,archive
Well-03,2024-06-05,11.19,11.16,11.23,archive
Well-03,2024-06-06,11.24,11.21,11.28,archive
Well-03,2024-06-07,11.08,11.05,11.12,archive
Well-03,2024-06-08,10.99,10.96,11.03,archive
Well-03,2024-06-09,10.87,10.84,10.91,archive
Well-03,2024-06-10,10.76,10.73,10.8,archive
Well-03,2024-06-11,10.78,10.75,10.82,archive
Well-03,2024-06-12,10.74,10.71,10.78,archive
Well-03,2024-06-13,10.71,10.68,10.75,archive
Well-03,2024-06-14,10.58,10.55,10.62,archive
Well-03,2024-06-15,10.47,10.44,10.51,archive
Well-03,2024-06-16,10.49,10.46,10.53,archive
Well-03,2024-06-17,10.5,10.47,10.54,archive
Well-03,2024-06-18,10.51,10.48,10.55,archive
Well-03,2024-06-19,10.54,10.51,10.58,archive
Well-03,2024-06-20,10.52,10.49,10.56,archive
Well-03,2024-06-21,10.44,10.41,10.48,archive
Well-03,2024-06-22,10.36,10.33,10.4,archive
Well-03,2024-06-23,10.4,10.37,10.44,archive
Well-03,2024-06-24,10.32,10.29,10.36,archive
Well-03,2024-06-25,10.23,10.2,10.27,archive
Well-03,2024-06-26,10.16,10.13,10.2,archive
Well-03,2024-06-27,10.12,10.09,10.16,archive
Well-03,2024-06-28,10.07,10.04,10.11,archive
Well-03,2024-06-29,10.06,10.03,10.1,archive
Well-03,2024-06-30,10.01,9.98,10.05,archive
Well-03,2024-07-01,10.0,9.97,10.04,archive
Well-03,2024-07-02,9.91,9.88,9.95,archive
Well-03,2024-07-03,9.94,9.91,9.98,archive
Well-03,2024-07-04,9.89,9.86,9.93,archive
Well-03,2024-07-05,9.8,9.77,9.84,archive
Well-03,2024-07-06,9.8,9.77,9.84,archive
Well-03,2024-07-07,9.81,9.78,9.85,archive
Well-03,2024-07-08,9.81,9.78,9.85,archive
Well-03,2024-07-09,9.81,9.78,9.85,archive
Well-03,2024-07-10,9.8,9.77,9.84,archive
Well-03,2024-07-11,9.78,9.75,9.82,archive
Well-03,2024-07-12,9.75,9.72,9.79,archive
Well-03,2024-07-13,9.81,9.78,9.85,archive
Well-03,2024-07-14,9.76,9.73,9.8,archive
Well-03,2024-07-15,9.68,9.65,9.72,archive
Well-03,2024-07-16,9.7,9.67,9.74,archive
Well-03,2024-07-17,9.76,9.73,9.8,archive
Well-03,2024-07-18,9.79,9.76,9.83,archive
Well-03,2024-07-19,9.82,9.79,9.86,archive
Well-03,2024-07-20,9.8,9.77,9.84,archive
Well-03,2024-07-21,9.76,9.73,9.8,archive
Well-03,2024-07-22,9.69,9.66,9.73,archive
Well-03,2024-07-23,9.66,9.63,9.7,archive
Well-03,2024-07-24,9.63,9.6,9.67,archive
Well-03,2024-07-25,9.55,9.52,9.59,archive
Well-03,2024-07-26,9.51,9.48,9.55,archive
Well-03,2024-07-27,9.44,9.41,9.48,archive
Well-03,2024-07-28,9.36,9.33,9.4,archive
Well-03,2024-07-29,9.32,9.29,9.36,archive
Well-03,2024-07-30,9.2,9.17,9.24,archive
Well-03,2024-07-31,9.07,9.04,9.11,archive
Well-03,2024-08-01,9.05,9.02,9.09,archive
Well-03,2024-08-02,9.16,9.13,9.2,archive
Well-03,2024-08-03,9.15,9.12,9.19,archive
Well-03,2024-08-04,9.19,9.16,9.23,archive
Well-03,2024-08-05,9.2,9.17,9.24,archive
Well-03,2024-08-06,9.12,9.09,9.16,archive
Well-03,2024-08-07,9.13,9.1,9.17,archive
Well-03,2024-08-08,9.02,8.99,9.06,archive
Well-03,2024-08-09,9.08,9.05,9.12,archive
Well-03,2024-08-10,9.16,9.13,9.2,archive
Well-03,2024-08-11,9.13,9.1,9.17,archive
Well-03,2024-08-12,9.07,9.04,9.11,archive
Well-03,2024-08-13,9.15,9.12,9.19,archive
Well-03,2024-08-14,9.2,9.17,9.24,archive
Well-03,2024-08-15,9.11,9.08,9.15,archive
Well-03,2024-08-16,9.07,9.04,9.11,archive
Well-03,2024-08-17,9.0,8.97,9.04,archive
Well-03,2024-08-18,9.02,8.99,9.06,archive
Well-03,2024-08-19,8.99,8.96,9.03,archive
Well-03,2024-08-20,8.98,8.95,9.02,archive
Well-03,2024-08-21,9.06,9.03,9.1,archive
Well-03,2024-08-22,9.01,8.98,9.05,archive
Well-03,2024-08-23,9.1,9.07,9.14,archive
Well-03,2024-08-24,9.04,9.01,9.08,archive
Well-03,2024-08-25,8.99,8.96,9.03,archive
Well-03,2024-08-26,9.05,9.02,9.09,archive
Well-03,2024-08-27,9.03,9.0,9.07,archive
Well-03,2024-08-28,9.12,9.09,9.16,archive
Well-03,2024-08-29,9.08,9.05,9.12,archive
Well-03,2024-08-30,9.16,9.13,9.2,archive
Well-03,2024-08-31,9.22,9.19,9.26,archive
Well-03,2024-09-01,9.24,9.21,9.28,archive
Well-03,2024-09-02,9.34,9.31,9.38,archive
Well-03,2024-09-03,9.29,9.26,9.33,archive
Well-03,2024-09-04,9.16,9.13,9.2,archive
Well-03,2024-09-05,9.15,9.12,9.19,archive
Well-03,2024-09-06,9.19,9.16,9.23,archive
Well-03,2024-09-07,9.23,9.2,9.27,archive
Well-03,2024-09-08,9.19,9.16,9.23,archive
Well-03,2024-09-09,9.14,9.11,9.18,archive
Well-03,2024-09-10,9.11,9.08,9.15,archive
Well-03,2024-09-11,9.06,9.03,9.1,archive
Well-03,2024-09-12,9.12,9.09,9.16,archive
Well-03,2024-09-13,9.14,9.11,9.18,archive
Well-03,2024-09-14,9.1,9.07,9.14,archive
Well-03,2024-09-15,9.15,9.12,9.19,archive
Well-03,2024-09-16,9.12,9.09,9.16,archive
Well-03,2024-09-17,9.19,9.16,9.23,archive
Well-03,2024-09-18,9.28,9.25,9.32,archive
Well-03,2024-09-19,9.28,9.25,9.32,archive
Well-03,2024-09-20,9.28,9.25,9.32,archive
Well-03,2024-09-21,9.28,9.25,9.32,archive
Well-03,2024-09-22,9.32,9.29,9.36,archive
Well-03,2024-09-23,9.34,9.31,9.38,archive
Well-03,2024-09-24,9.4,9.37,9.44,archive
Well-03,2024-09-25,9.43,9.4,9.47,archive
Well-03,2024-09-26,9.5,9.47,9.54,archive
Well-03,2024-09-27,9.52,9.49,9.56,archive
Well-03,2024-09-28,9.59,9.56,9.63,archive
Well-03,2024-09-29,9.55,9.52,9.59,archive
Well-03,2024-09-30,9.58,9.55,9.62,archive
Well-03,2024-10-01,9.61,9.58,9.65,archive
Well-03,2024-10-02,9.58,9.55,9.62,archive
Well-03,2024-10-03,9.62,9.59,9.66,archive
Well-03,2024-10-04,9.61,9.58,9.65,archive
Well-03,2024-10-05,9.64,9.61,9.68,archive
Well-03,2024-10-06,9.68,9.65,9.72,archive
Well-03,2024-10-07,9.79,9.76,9.83,archive
Well-03,2024-10-08,9.83,9.8,9.87,archive
Well-03,2024-10-09,9.91,9.88,9.95,archive
Well-03,2024-10-10,9.89,9.86,9.93,archive
Well-03,2024-10-11,9.92,9.89,9.96,archive
Well-03,2024-10-12,9.92,9.89,9.96,archive
Well-03,2024-10-13,9.9,9.87,9.94,archive
Well-03,2024-10-14,9.94,9.91,9.98,archive
Well-03,2024-10-15,9.94,9.91,9.98,archive
Well-03,2024-10-16,9.92,9.89,9.96,archive
Well-03,2024-10-17,9.94,9.91,9.98,archive
Well-03,2024-10-18,9.97,9.94,10.01,archive
Well-03,2024-10-19,10.08,10.05,10.12,archive
Well-03,2024-10-20,10.14,10.11,10.18,archive
Well-03,2024-10-21,10.15,10.12,10.19,archive
Well-03,2024-10-22,10.19,10.16,10.23,archive
Well-03,2024-10-23,10.28,10.25,10.32,archive
Well-03,2024-10-24,10.3,10.27,10.34,archive
Well-03,2024-10-25,10.43,10.4,10.47,archive
Well-03,2024-10-26,10.52,10.49,10.56,archive
Well-03,2024-10-27,10.45,10.42,10.49,archive
Well-03,2024-10-28,10.46,10.43,10.5,archive
Well-03,2024-10-29,11.51,11.48,11.55,archive
Well-03,2024-10-30,10.57,10.54,10.61,archive
Well-03,2024-10-31,10.61,10.58,10.65,archive
Well-03,2024-11-01,10.67,10.64,10.71,archive
Well-03,2024-11-02,10.68,10.65,10.72,archive
Well-03,2024-11-03,10.76,10.73,10.8,archive
Well-03,2024-11-04,10.7,10.67,10.74,archive
Well-03,2024-11-05,10.79,10.76,10.83,archive
Well-03,2024-11-06,10.88,10.85,10.92,archive
Well-03,2024-11-07,10.88,10.85,10.92,archive
Well-03,2024-11-08,10.98,10.95,11.02,archive
Well-03,2024-11-09,11.1,11.07,11.14,archive
Well-03,2024-11-10,11.14,11.11,11.18,archive
Well-03,2024-11-11,11.23,11.2,11.27,archive
Well-03,2024-11-12,11.24,11.21,11.28,archive
Well-03,2024-11-13,11.27,11.24,11.31,archive
Well-03,2024-11-14,11.25,11.22,11.29,archive
Well-03,2024-11-15,11.32,11.29,11.36,archive
Well-03,2024-11-16,11.34,11.31,11.38,archive
Well-03,2024-11-17,11.35,11.32,11.39,archive
Well-03,2024-11-18,11.44,11.41,11.48,archive
Well-03,2024-11-19,11.51,11.48,11.55,archive
Well-03,2024-11-20,11.59,11.56,11.63,archive
Well-03,2024-11-21,11.69,11.66,11.73,archive
Well-03,2024-11-22,11.67,11.64,11.71,archive
Well-03,2024-11-23,11.74,11.71,11.78,archive
Well-03,2024-11-24,11.79,11.76,11.83,archive
Well-03,2024-11-25,13.04,13.01,13.08,archive
Well-03,2024-11-26,11.9,11.87,11.94,archive
Well-03,2024-11-27,11.88,11.85,11.92,archive
Well-03,2024-11-28,11.95,11.92,11.99,archive
Well-03,2024-11-29,12.03,12.0,12.07,archive
Well-03,2024-11-30,12.11,12.08,12.15,archive
Well-03,2024-12-01,12.28,12.25,12.32,archive
Well-03,2024-12-02,12.33,12.3,12.37,archive
Well-03,2024-12-03,12.33,12.3,12.37,archive
Well-03,2024-12-04,12.33,12.3,12.37,archive
Well-03,2024-12-05,12.45,12.42,12.49,archive
Well-03,2024-12-06,12.44,12.41,12.48,archive
Well-03,2024-12-07,12.47,12.44,12.51,archive
Well-03,2024-12-08,12.47,12.44,12.51,archive
Well-03,2024-12-09,12.51,12.48,12.55,archive
Well-03,2024-12-10,12.55,12.52,12.59,archive
Well-03,2024-12-11,12.54,12.51,12.58,archive
Well-03,2024-12-12,12.58,12.55,12.62,archive
Well-03,2024-12-13,12.65,12.62,12.69,archive
Well-03,2024-12-14,12.72,12.69,12.76,archive
Well-03,2024-12-15,12.8,12.77,12.84,archive
Well-03,2024-12-16,12.75,12.72,12.79,archive
Well-03,2024-12-17,12.83,12.8,12.87,archive
Well-03,2024-12-18,13.56,13.53,13.6,archive
Well-03,2024-12-19,12.89,12.86,12.93,archive
Well-03,2024-12-20,12.86,12.83,12.9,archive
Well-03,2024-12-21,12.83,12.8,12.87,archive
Well-03,2024-12-22,12.83,12.8,12.87,archive
Well-03,2024-12-23,12.92,12.89,12.96,archive
Well-03,2024-12-24,13.01,12.98,13.05,archive
Well-03,2024-12-25,13.05,13.02,13.09,archive
Well-03,2024-12-26,13.02,12.99,13.06,archive
Well-03,2024-12-27,12.93,12.9,12.97,archive
Well-03,2024-12-28,13.89,13.86,13.93,archive
Well-03,2024-12-29,13.03,13.0,13.07,archive
Well-03,2024-12-30,12.98,12.95,13.02,archive
Well-03,2024-12-31,13.04,13.01,13.08,archive
Well-03,2025-01-01,13.12,13.09,13.16,archive
Well-03,2025-01-02,13.11,13.08,13.15,archive
Well-03,2025-01-03,13.16,13.13,13.2,archive
Well-03,2025-01-04,13.19,13.16,13.23,archive
Well-03,2025-01-05,13.27,13.24,13.31,archive
Well-03,2025-01-06,13.25,13.22,13.29,archive
Well-03,2025-01-07,13.35,13.32,13.39,archive
Well-03,2025-01-08,13.39,13.36,13.43,archive
Well-03,2025-01-09,13.39,13.36,13.43,archive
Well-03,2025-01-10,13.4,13.37,13.44,archive
Well-03,2025-01-11,13.46,13.43,13.5,archive
Well-03,2025-01-12,13.49,13.46,13.53,archive
Well-03,2025-01-13,13.51,13.48,13.55,archive
Well-03,2025-01-14,13.52,13.49,13.56,archive
Well-03,2025-01-15,13.55,13.52,13.59,archive
Well-03,2025-01-16,13.65,13.62,13.69,archive
Well-03,2025-01-17,13.69,13.66,13.73,archive
Well-03,2025-01-18,13.72,13.69,13.76,archive
Well-03,2025-01-19,13.78,13.75,13.82,archive
Well-03,2025-01-20,13.86,13.83,13.9,archive
Well-03,2025-01-21,13.88,13.85,13.92,archive
Well-03,2025-01-22,13.87,13.84,13.91,archive
Well-03,2025-01-23,13.84,13.81,13.88,archive
Well-03,2025-01-24,13.92,13.89,13.96,archive
Well-03,2025-01-25,13.98,13.95,14.02,archive
Well-03,2025-01-26,13.94,13.91,13.98,archive
Well-03,2025-01-27,13.95,13.92,13.99,archive
Well-03,2025-01-28,14.01,13.98,14.05,archive
Well-03,2025-01-29,15.57,15.54,15.61,archive
Well-03,2025-01-30,14.04,14.01,14.08,archive
Well-03,2025-01-31,13.94,13.91,13.98,archive
Well-03,2025-02-01,14.04,14.01,14.08,archive
Well-03,2025-02-02,14.14,14.11,14.18,archive
Well-03,2025-02-03,14.09,14.06,14.13,archive
Well-03,2025-02-04,14.08,14.05,14.12,archive
Well-03,2025-02-05,14.0,13.97,14.04,archive
Well-03,2025-02-06,13.97,13.94,14.01,archive
Well-03,2025-02-07,14.01,13.98,14.05,archive
Well-03,2025-02-08,14.04,14.01,14.08,archive
Well-03,2025-02-09,14.1,14.07,14.14,archive
Well-03,2025-02-10,14.12,14.09,14.16,archive
Well-03,2025-02-11,14.23,14.2,14.27,archive
Well-03,2025-02-12,14.36,14.33,14.4,archive
Well-03,2025-02-13,14.39,14.36,14.43,archive
Well-03,2025-02-14,14.36,14.33,14.4,archive
Well-03,2025-02-15,14.39,14.36,14.43,archive
Well-03,2025-02-16,14.4,14.37,14.44,archive
Well-03,2025-02-17,14.41,14.38,14.45,archive
Well-03,2025-02-18,14.41,14.38,14.45,archive
Well-03,2025-02-19,14.39,14.36,14.43,archive
Well-03,2025-02-20,14.31,14.28,14.35,archive
Well-03,2025-02-21,14.27,14.24,14.31,archive
Well-03,2025-02-22,14.35,14.32,14.39,archive
Well-03,2025-02-23,14.35,14.32,14.39,archive
Well-03,2025-02-24,14.44,14.41,14.48,archive
Well-03,2025-02-25,14.4,14.37,14.44,archive
Well-03,2025-02-26,14.4,14.37,14.44,archive
Well-03,2025-02-27,14.41,14.38,14.45,archive
Well-03,2025-02-28,14.4,14.37,14.44,archive
Well-03,2025-03-01,14.45,14.42,14.49,archive
Well-03,2025-03-02,14.35,14.32,14.39,archive
Well-03,2025-03-03,14.31,14.28,14.35,archive
Well-03,2025-03-04,14.24,14.21,14.28,archive
Well-03,2025-03-05,14.21,14.18,14.25,archive
Well-03,2025-03-06,14.17,14.14,14.21,archive
Well-03,2025-03-07,14.16,14.13,14.2,archive
Well-03,2025-03-08,14.13,14.1,14.17,archive
Well-03,2025-03-09,14.09,14.06,14.13,archive
Well-03,2025-03-10,14.14,14.11,14.18,archive
Well-03,2025-03-11,14.2,14.17,14.24,archive
Well-03,2025-03-12,14.26,14.23,14.3,archive
Well-03,2025-03-13,14.24,14.21,14.28,archive
Well-03,2025-03-14,14.18,14.15,14.22,archive
Well-03,2025-03-15,14.16,14.13,14.2,archive
Well-03,2025-03-16,14.13,14.1,14.17,archive
Well-03,2025-03-17,14.09,14.06,14.13,archive
Well-03,2025-03-18,14.09,14.06,14.13,archive
Well-03,2025-03-19,14.09,14.06,14.13,archive
Well-03,2025-03-20,14.09,14.06,14.13,archive
Well-03,2025-03-21,13.96,13.93,14.0,archive
Well-03,2025-03-22,13.93,13.9,13.97,archive
Well-03,2025-03-23,13.95,13.92,13.99,archive
Well-03,2025-03-24,13.88,13.85,13.92,archive
Well-03,2025-03-25,13.83,13.8,13.87,archive
Well-03,2025-03-26,13.81,13.78,13.85,archive
Well-03,2025-03-27,13.8,13.77,13.84,archive
Well-03,2025-03-28,13.78,13.75,13.82,archive
Well-03,2025-03-29,13.73,13.7,13.77,archive
Well-03,2025-03-30,13.73,13.7,13.77,archive
Well-03,2025-03-31,13.76,13.73,13.8,archive
Well-03,2025-04-01,13.67,13.64,13.71,archive
Well-03,2025-04-02,13.62,13.59,13.66,archive
Well-03,2025-04-03,13.7,13.67,13.74,archive
Well-03,2025-04-04,13.65,13.62,13.69,archive
Well-03,2025-04-05,13.61,13.58,13.65,archive
Well-03,2025-04-06,13.56,13.53,13.6,archive
Well-03,2025-04-07,13.5,13.47,13.54,archive
Well-03,2025-04-08,13.43,13.4,13.47,archive
Well-03,2025-04-09,13.46,13.43,13.5,archive
Well-03,2025-04-10,13.39,13.36,13.43,archive
Well-03,2025-04-11,13.33,13.3,13.37,archive
Well-03,2025-04-12,13.34,13.31,13.38,archive
Well-03,2025-04-13,13.28,13.25,13.32,archive
Well-03,2025-04-14,13.29,13.26,13.33,archive
Well-03,2025-04-15,13.15,13.12,13.19,archive
Well-03,2025-04-16,13.18,13.15,13.22,archive
Well-03,2025-04-17,13.13,13.1,13.17,archive
Well-03,2025-04-18,13.18,13.15,13.22,archive
Well-03,2025-04-19,13.05,13.02,13.09,archive
Well-03,2025-04-20,13.0,12.97,13.04,archive
Well-03,2025-04-21,13.01,12.98,13.05,archive
Well-03,2025-04-22,12.99,12.96,13.03,archive
Well-03,2025-04-23,12.99,12.96,13.03,archive
Well-03,2025-04-24,12.96,12.93,13.0,archive
Well-03,2025-04-25,12.82,12.79,12.86,archive
Well-03,2025-04-26,12.81,12.78,12.85,archive
Well-03,2025-04-27,12.73,12.7,12.77,archive
Well-03,2025-04-28,12.64,12.61,12.68,archive
Well-03,2025-04-29,12.56,12.53,12.6,archive
Well-03,2025-04-30,12.55,12.52,12.59,archive
Well-03,2025-05-01,12.49,12.46,12.53,archive
Well-03,2025-05-02,12.52,12.49,12.56,archive
Well-03,2025-05-03,12.43,12.4,12.47,archive
Well-03,2025-05-04,12.35,12.32,12.39,archive
Well-03,2025-05-05,12.23,12.2,12.27,archive
Well-03,2025-05-06,12.3,12.27,12.34,archive
Well-03,2025-05-07,12.3,12.27,12.34,archive
Well-03,2025-05-08,12.28,12.25,12.32,archive
Well-03,2025-05-09,12.16,12.13,12.2,archive
Well-03,2025-05-10,12.15,12.12,12.19,archive
Well-03,2025-05-11,12.17,12.14,12.21,archive
Well-03,2025-05-12,12.13,12.1,12.17,archive
Well-03,2025-05-13,12.12,12.09,12.16,archive
Well-03,2025-05-14,12.05,12.02,12.09,archive
Well-03,2025-05-15,12.1,12.07,12.14,archive
Well-03,2025-05-16,12.02,11.99,12.06,archive
Well-03,2025-05-17,11.91,11.88,11.95,archive
Well-03,2025-05-18,11.87,11.84,11.91,archive
Well-03,2025-05-19,11.76,11.73,11.8,archive
Well-03,2025-05-20,11.78,11.75,11.82,archive
Well-03,2025-05-21,11.79,11.76,11.83,archive
Well-03,2025-05-22,11.65,11.62,11.69,archive
Well-03,2025-05-23,11.56,11.53,11.6,archive
Well-03,2025-05-24,11.54,11.51,11.58,archive
Well-03,2025-05-25,11.56,11.53,11.6,archive
Well-03,2025-05-26,11.47,11.44,11.51,archive
Well-03,2025-05-27,11.44,11.41,11.48,archive
Well-03,2025-05-28,11.37,11.34,11.41,archive
Well-03,2025-05-29,11.33,11.3,11.37,archive
Well-03,2025-05-30,11.37,11.34,11.41,archive
Well-03,2025-05-31,11.31,11.28,11.35,archive
Well-03,2025-06-01,11.32,11.29,11.36,archive
Well-03,2025-06-02,11.26,11.23,11.3,archive
Well-03,2025-06-03,11.17,11.14,11.21,archive
Well-03,2025-06-04,11.22,11.19,11.26,archive
Well-03,2025-06-05,11.19,11.16,11.23,archive
Well-03,2025-06-06,11.14,11.11,11.18,archive
Well-03,2025-06-07,11.08,11.05,11.12,archive
Well-03,2025-06-08,11.14,11.11,11.18,archive
Well-03,2025-06-09,11.01,10.98,11.05,archive
Well-03,2025-06-10,10.98,10.95,11.02,archive
Well-03,2025-06-11,10.95,10.92,10.99,archive
Well-03,2025-06-12,10.91,10.88,10.95,archive
Well-03,2025-06-13,10.93,10.9,10.97,archive
Well-03,2025-06-14,10.86,10.83,10.9,archive
Well-03,2025-06-15,10.77,10.74,10.81,archive
Well-03,2025-06-16,10.68,10.65,10.72,archive
Well-03,2025-06-17,10.65,10.62,10.69,archive
Well-03,2025-06-18,10.63,10.6,10.67,archive
Well-03,2025-06-19,10.62,10.59,10.66,archive
Well-03,2025-06-20,10.56,10.53,10.6,archive
Well-03,2025-06-21,10.5,10.47,10.54,archive
Well-03,2025-06-22,10.46,10.43,10.5,archive
Well-03,2025-06-23,10.37,10.34,10.41,archive
Well-03,2025-06-24,10.46,10.43,10.5,archive
Well-03,2025-06-25,10.36,10.33,10.4,archive
Well-03,2025-06-26,10.35,10.32,10.39,archive
Well-03,2025-06-27,10.23,10.2,10.27,archive
Well-03,2025-06-28,10.2,10.17,10.24,archive
Well-03,2025-06-29,10.17,10.14,10.21,archive
Well-03,2025-06-30,10.06,10.03,10.1,archive
Well-03,2025-07-01,10.05,10.02,10.09,archive
Well-03,2025-07-02,10.02,9.99,10.06,archive
Well-03,2025-07-03,9.94,9.91,9.98,archive
Well-03,2025-07-04,10.0,9.97,10.04,archive
Well-03,2025-07-05,9.96,9.93,10.0,archive
Well-03,2025-07-06,9.96,9.93,10.0,archive
Well-03,2025-07-07,9.97,9.94,10.01,archive
Well-03,2025-07-08,9.85,9.82,9.89,archive
Well-03,2025-07-09,9.81,9.78,9.85,archive
Well-03,2025-07-10,9.81,9.78,9.85,archive
Well-03,2025-07-11,9.85,9.82,9.89,archive
Well-03,2025-07-12,9.77,9.74,9.81,archive
Well-03,2025-07-13,9.69,9.66,9.73,archive
Well-03,2025-07-14,9.65,9.62,9.69,archive
Well-03,2025-07-15,9.66,9.63,9.7,archive
Well-03,2025-07-16,9.59,9.56,9.63,archive
Well-03,2025-07-17,9.57,9.54,9.61,archive
Well-03,2025-07-18,9.59,9.56,9.63,archive
Well-03,2025-07-19,9.55,9.52,9.59,archive
Well-03,2025-07-20,9.51,9.48,9.55,archive
Well-03,2025-07-21,9.58,9.55,9.62,archive
Well-03,2025-07-22,9.53,9.5,9.57,archive
Well-03,2025-07-23,9.52,9.49,9.56,archive
Well-03,2025-07-24,9.44,9.41,9.48,archive
Well-03,2025-07-25,9.35,9.32,9.39,archive
Well-03,2025-07-26,9.38,9.35,9.42,archive
Well-03,2025-07-27,9.32,9.29,9.36,archive
Well-03,2025-07-28,9.3,9.27,9.34,archive
Well-03,2025-07-29,9.21,9.18,9.25,archive
Well-03,2025-07-30,9.14,9.11,9.18,archive
Well-03,2025-07-31,9.17,9.14,9.21,archive
Well-03,2025-08-01,9.23,9.2,9.27,archive
Well-03,2025-08-02,9.21,9.18,9.25,archive
Well-03,2025-08-03,9.2,9.17,9.24,archive
Well-03,2025-08-04,9.2,9.17,9.24,archive
Well-03,2025-08-05,9.23,9.2,9.27,archive
Well-03,2025-08-06,9.24,9.21,9.28,archive
Well-03,2025-08-07,9.28,9.25,9.32,archive
Well-03,2025-08-08,9.26,9.23,9.3,archive
Well-03,2025-08-09,9.31,9.28,9.35,archive
Well-03,2025-08-10,9.3,9.27,9.34,archive
Well-03,2025-08-11,9.21,9.18,9.25,archive
Well-03,2025-08-12,9.16,9.13,9.2,archive
Well-03,2025-08-13,9.1,9.07,9.14,archive
Well-03,2025-08-14,9.08,9.05,9.12,archive
Well-03,2025-08-15,9.04,9.01,9.08,archive
Well-03,2025-08-16,9.13,9.1,9.17,archive
Well-03,2025-08-17,9.06,9.03,9.1,archive
Well-03,2025-08-18,9.09,9.06,9.13,archive
Well-03,2025-08-19,9.11,9.08,9.15,archive
Well-03,2025-08-20,9.13,9.1,9.17,archive
Well-03,2025-08-21,9.16,9.13,9.2,archive
Well-03,2025-08-22,9.12,9.09,9.16,archive
Well-03,2025-08-23,9.12,9.09,9.16,archive
Well-03,2025-08-24,9.12,9.09,9.16,archive
Well-03,2025-08-25,9.15,9.12,9.19,archive
Well-03,2025-08-26,9.17,9.14,9.21,archive
Well-03,2025-08-27,9.17,9.14,9.21,archive
Well-03,2025-08-28,9.19,9.16,9.23,archive
Well-03,2025-08-29,9.13,9.1,9.17,archive
Well-03,2025-08-30,9.11,9.08,9.15,archive
Well-03,2025-08-31,9.04,9.01,9.08,archive
Well-03,2025-09-01,9.04,9.01,9.08,archive
Well-03,2025-09-02,9.03,9.0,9.07,archive
Well-03,2025-09-03,8.96,8.93,9.0,archive
Well-03,2025-09-04,8.91,8.88,8.95,archive
Well-03,2025-09-05,8.87,8.84,8.91,archive
Well-03,2025-09-06,8.9,8.87,8.94,archive
Well-03,2025-09-07,8.85,8.82,8.89,archive
Well-03,2025-09-08,8.86,8.83,8.9,archive
Well-03,2025-09-09,8.87,8.84,8.91,archive
Well-03,2025-09-10,8.9,8.87,8.94,archive
Well-03,2025-09-11,8.95,8.92,8.99,archive
Well-03,2025-09-12,8.97,8.94,9.01,archive
Well-03,2025-09-13,9.01,8.98,9.05,archive
Well-03,2025-09-14,9.05,9.02,9.09,archive
Well-03,2025-09-15,9.08,9.05,9.12,archive
Well-03,2025-09-16,9.17,9.14,9.21,archive
Well-03,2025-09-17,9.21,9.18,9.25,archive
Well-03,2025-09-18,9.33,9.3,9.37,archive
Well-03,2025-09-19,9.28,9.25,9.32,archive
Well-03,2025-09-20,9.23,9.2,9.27,archive
Well-03,2025-09-21,9.25,9.22,9.29,archive
Well-03,2025-09-22,9.19,9.16,9.23,archive
Well-03,2025-09-23,9.17,9.14,9.21,archive
Well-03,2025-09-24,9.22,9.19,9.26,archive
Well-03,2025-09-25,9.28,9.25,9.32,archive
Well-03,2025-09-26,9.31,9.28,9.35,archive
Well-03,2025-09-27,9.39,9.36,9.43,archive
Well-03,2025-09-28,9.4,9.37,9.44,archive
Well-03,2025-09-29,9.46,9.43,9.5,archive
Well-03,2025-09-30,9.49,9.46,9.53,archive
Well-03,2025-10-01,9.5,9.47,9.54,archive
Well-03,2025-10-02,9.49,9.46,9.53,archive
Well-03,2025-10-03,9.6,9.57,9.64,archive
Well-03,2025-10-04,9.66,9.63,9.7,archive
Well-03,2025-10-05,9.67,9.64,9.71,archive
Well-03,2025-10-06,9.73,9.7,9.77,archive
Well-03,2025-10-07,9.75,9.72,9.79,archive
Well-03,2025-10-08,9.89,9.86,9.93,archive
Well-03,2025-10-09,9.85,9.82,9.89,archive
Well-03,2025-10-10,9.89,9.86,9.93,archive
Well-03,2025-10-11,9.87,9.84,9.91,archive
Well-03,2025-10-12,9.91,9.88,9.95,archive
Well-03,2025-10-13,9.95,9.92,9.99,archive
Well-03,2025-10-14,9.93,9.9,9.97,archive
Well-03,2025-10-15,9.9,9.87,9.94,archive
Well-03,2025-10-16,9.99,9.96,10.03,archive
Well-03,2025-10-17,10.11,10.08,10.15,archive
Well-03,2025-10-18,10.14,10.11,10.18,archive
Well-03,2025-10-19,10.13,10.1,10.17,archive
Well-03,2025-10-20,10.12,10.09,10.16,archive
Well-03,2025-10-21,10.02,9.99,10.06,archive
Well-03,2025-10-22,10.13,10.1,10.17,archive
Well-03,2025-10-23,10.27,10.24,10.31,archive
Well-03,2025-10-24,10.24,10.21,10.28,archive
Well-03,2025-10-25,10.27,10.24,10.31,archive
Well-03,2025-10-26,10.32,10.29,10.36,archive
Well-03,2025-10-27,10.39,10.36,10.43,archive
Well-03,2025-10-28,10.43,10.4,10.47,archive
Well-03,2025-10-29,10.46,10.43,10.5,archive
Well-03,2025-10-30,10.48,10.45,10.52,archive
Well-03,2025-10-31,10.57,10.54,10.61,archive
Well-03,2025-11-01,10.59,10.56,10.63,archive
Well-03,2025-11-02,10.69,10.66,10.73,archive
Well-03,2025-11-03,10.71,10.68,10.75,archive
Well-03,2025-11-04,10.79,10.76,10.83,archive
Well-03,2025-11-05,10.83,10.8,10.87,archive
Well-03,2025-11-06,10.82,10.79,10.86,archive
Well-03,2025-11-07,10.79,10.76,10.83,archive
Well-03,2025-11-08,10.81,10.78,10.85,archive
Well-03,2025-11-09,10.91,10.88,10.95,archive
Well-03,2025-11-10,11.02,10.99,11.06,archive
Well-03,2025-11-11,11.04,11.01,11.08,archive
Well-03,2025-11-12,11.13,11.1,11.17,archive
Well-03,2025-11-13,11.16,11.13,11.2,archive
Well-03,2025-11-14,11.17,11.14,11.21,archive
Well-03,2025-11-15,11.24,11.21,11.28,archive
Well-03,2025-11-16,11.35,11.32,11.39,archive
Well-03,2025-11-17,11.3,11.27,11.34,archive
Well-03,2025-11-18,11.36,11.33,11.4,archive
Well-03,2025-11-19,11.4,11.37,11.44,archive
Well-03,2025-11-20,11.39,11.36,11.43,archive
Well-03,2025-11-21,11.48,11.45,11.52,archive
Well-03,2025-11-22,11.51,11.48,11.55,archive
Well-03,2025-11-23,11.6,11.57,11.64,archive
Well-03,2025-11-24,11.67,11.64,11.71,archive
Well-03,2025-11-25,11.68,11.65,11.72,archive
Well-03,2025-11-26,13.17,13.14,13.21,archive
Well-03,2025-11-27,11.85,11.82,11.89,archive
Well-03,2025-11-28,11.89,11.86,11.93,archive
Well-03,2025-11-29,11.9,11.87,11.94,archive
Well-03,2025-11-30,11.93,11.9,11.97,archive
Well-03,2025-12-01,11.88,11.85,11.92,archive
Well-03,2025-12-02,11.88,11.85,11.92,archive
Well-03,2025-12-03,11.98,11.95,12.02,archive
Well-03,2025-12-04,12.0,11.97,12.04,archive
Well-03,2025-12-05,12.01,11.98,12.05,archive
Well-03,2025-12-06,12.03,12.0,12.07,archive
Well-03,2025-12-07,13.41,13.38,13.45,archive
Well-03,2025-12-08,12.11,12.08,12.15,archive
Well-03,2025-12-09,12.11,12.08,12.15,archive
Well-03,2025-12-10,12.08,12.05,12.12,archive
Well-03,2025-12-11,12.14,12.11,12.18,archive
Well-03,2025-12-12,12.26,12.23,12.3,archive
Well-03,2025-12-13,12.36,12.33,12.4,archive
Well-03,2025-12-14,12.42,12.39,12.46,archive
Well-03,2025-12-15,12.44,12.41,12.48,live
Well-03,2025-12-16,12.57,12.54,12.61,live
Well-03,2025-12-17,13.26,13.23,13.3,live
Well-03,2025-12-18,12.6,12.57,12.64,live
Well-03,2025-12-19,12.65,12.62,12.69,live
Well-03,2025-12-20,12.73,12.7,12.77,live
Well-03,2025-12-21,12.67,12.64,12.71,live
Well-03,2025-12-22,12.74,12.71,12.78,live
Well-03,2025-12-23,12.78,12.75,12.82,live
Well-03,2025-12-24,12.86,12.83,12.9,live
Well-03,2025-12-25,12.9,12.87,12.94,live
Well-03,2025-12-26,12.92,12.89,12.96,live
Well-03,2025-12-27,12.99,12.96,13.03,live
Well-03,2025-12-28,12.97,12.94,13.01,live
Well-03,2025-12-29,13.0,12.97,13.04,live
Well-03,2025-12-30,12.97,12.94,13.01,live
Well-03,2025-12-31,12.96,12.93,13.0,live
Well-03,2026-01-01,13.05,13.02,13.09,live
Well-03,2026-01-02,13.13,13.1,13.17,live
Well-03,2026-01-03,13.11,13.08,13.15,live
Well-03,2026-01-04,13.23,13.2,13.27,live
Well-03,2026-01-05,13.24,13.21,13.28,live
Well-03,2026-01-06,13.37,13.34,13.41,live
Well-03,2026-01-07,13.36,13.33,13.4,live
Well-03,2026-01-08,13.38,13.35,13.42,live
Well-03,2026-01-09,13.39,13.36,13.43,live
Well-03,2026-01-10,13.4,13.37,13.44,live
Well-03,2026-01-11,13.4,13.37,13.44,live
Well-03,2026-01-12,13.4,13.37,13.44,live
Well-03,2026-01-13,13.46,13.43,13.5,live
Well-03,2026-01-14,13.44,13.41,13.48,live
Well-03,2026-01-15,13.45,13.42,13.49,live
Well-03,2026-01-16,13.39,13.36,13.43,live
Well-03,2026-01-17,13.49,13.46,13.53,live
Well-03,2026-01-18,13.5,13.47,13.54,live
Well-03,2026-01-19,13.51,13.48,13.55,live
Well-03,2026-01-20,13.62,13.59,13.66,live
Well-03,2026-01-21,13.6,13.57,13.64,live
Well-03,2026-01-22,13.59,13.56,13.63,live
Well-03,2026-01-23,13.66,13.63,13.7,live
Well-03,2026-01-24,13.7,13.67,13.74,live
Well-03,2026-01-25,13.76,13.73,13.8,live
Well-03,2026-01-26,13.83,13.8,13.87,live
Well-03,2026-01-27,13.82,13.79,13.86,live
Well-03,2026-01-28,13.87,13.84,13.91,live
Well-03,2026-01-29,13.88,13.85,13.92,live
Well-03,2026-01-30,13.88,13.85,13.92,live
Well-03,2026-01-31,13.94,13.91,13.98,live
Well-03,2026-02-01,13.96,13.93,14.0,live
Well-03,2026-02-02,13.97,13.94,14.01,live
Well-03,2026-02-03,13.98,13.95,14.02,live
Well-03,2026-02-04,14.01,13.98,14.05,live
Well-03,2026-02-05,14.1,14.07,14.14,live
Well-03,2026-02-06,14.13,14.1,14.17,live
Well-03,2026-02-07,14.14,14.11,14.18,live
Well-03,2026-02-08,14.1,14.07,14.14,live
Well-03,2026-02-09,14.09,14.06,14.13,live
Well-03,2026-02-10,14.1,14.07,14.14,live
Well-03,2026-02-11,14.16,14.13,14.2,live
Well-03,2026-02-12,14.17,14.14,14.21,live
Well-03,2026-02-13,14.16,14.13,14.2,live
Well-03,2026-02-14,14.08,14.05,14.12,live
Well-03,2026-02-15,14.13,14.1,14.17,live
Well-03,2026-02-16,14.12,14.09,14.16,live
Well-03,2026-02-17,14.18,14.15,14.22,live
Well-03,2026-02-18,14.16,14.13,14.2,live
Well-03,2026-02-19,14.23,14.2,14.27,live
Well-03,2026-02-20,14.22,14.19,14.26,live
Well-03,2026-02-21,14.3,14.27,14.34,live
Well-03,2026-02-22,14.31,14.28,14.35,live
Well-03,2026-02-23,14.29,14.26,14.33,live
Well-03,2026-02-24,14.25,14.22,14.29,live
Well-03,2026-02-25,14.2,14.17,14.24,live
Well-03,2026-02-26,14.22,14.19,14.26,live
Well-03,2026-02-27,14.17,14.14,14.21,live
Well-03,2026-02-28,14.2,14.17,14.24,live
Well-03,2026-03-01,14.28,14.25,14.32,live
Well-03,2026-03-02,14.3,14.27,14.34,live
Well-03,2026-03-03,14.29,14.26,14.33,live
Well-03,2026-03-04,14.24,14.21,14.28,live
Well-03,2026-03-05,14.25,14.22,14.29,live
Well-03,2026-03-06,14.2,14.17,14.24,live
Well-03,2026-03-07,14.18,14.15,14.22,live
Well-03,2026-03-08,14.17,14.14,14.21,live
Well-03,2026-03-09,14.16,14.13,14.2,live
Well-03,2026-03-10,14.13,14.1,14.17,live
Well-03,2026-03-11,14.15,14.12,14.19,live
Well-03,2026-03-12,14.16,14.13,14.2,live
Well-03,2026-03-13,14.1,14.07,14.14,live
Well-03,2026-03-14,14.06,14.03,14.1,live
Well-03,2026-03-15,14.05,14.02,14.09,live
Well-03,2026-03-16,14.13,14.1,14.17,live
Well-03,2026-03-17,14.14,14.11,14.18,live
Well-03,2026-03-18,14.14,14.11,14.18,live
Well-03,2026-03-19,14.04,14.01,14.08,live
Well-03,2026-03-20,14.0,13.97,14.04,live
Well-03,2026-03-21,13.9,13.87,13.94,live
Well-03,2026-03-22,13.89,13.86,13.93,live
Well-03,2026-03-23,13.94,13.91,13.98,live
Well-03,2026-03-24,13.81,13.78,13.85,live
Well-03,2026-03-25,13.81,13.78,13.85,live
Well-03,2026-03-26,13.84,13.81,13.88,live
Well-03,2026-03-27,13.77,13.74,13.81,live
Well-03,2026-03-28,13.67,13.64,13.71,live
Well-03,2026-03-29,13.64,13.61,13.68,live
Well-03,2026-03-30,13.62,13.59,13.66,live
Well-03,2026-03-31,13.62,13.59,13.66,live
Well-03,2026-04-01,13.58,13.55,13.62,live
Well-03,2026-04-02,13.52,13.49,13.56,live
Well-03,2026-04-03,13.45,13.42,13.49,live
Well-03,2026-04-04,13.48,13.45,13.52,live
Well-03,2026-04-05,13.47,13.44,13.51,live
Well-03,2026-04-06,13.45,13.42,13.49,live
Well-03,2026-04-07,13.37,13.34,13.41,live
Well-03,2026-04-08,13.29,13.26,13.33,live
Well-03,2026-04-09,13.28,13.25,13.32,live
Well-03,2026-04-10,13.27,13.24,13.31,live
Well-03,2026-04-11,13.32,13.29,13.36,live
Well-03,2026-04-12,13.32,13.29,13.36,live
Well-03,2026-04-13,13.31,13.28,13.35,live
Well-03,2026-04-14,13.25,13.22,13.29,live
Well-03,2026-04-15,13.23,13.2,13.27,live
Well-03,2026-04-16,13.29,13.26,13.33,live
Well-03,2026-04-17,13.25,13.22,13.29,live
Well-03,2026-04-18,13.09,13.06,13.13,live
Well-03,2026-04-19,13.13,13.1,13.17,live
Well-03,2026-04-20,13.1,13.07,13.14,live
Well-03,2026-04-21,13.06,13.03,13.1,live
Well-03,2026-04-22,13.08,13.05,13.12,live
Well-03,2026-04-23,13.0,12.97,13.04,live
Well-03,2026-04-24,12.99,12.96,13.03,live
Well-03,2026-04-25,12.94,12.91,12.98,live
Well-03,2026-04-26,13.05,13.02,13.09,live
Well-03,2026-04-27,13.03,13.0,13.07,live
Well-03,2026-04-28,13.03,13.0,13.07,live
Well-03,2026-04-29,12.98,12.95,13.02,live
Well-03,2026-04-30,12.86,12.83,12.9,live
Well-03,2026-05-01,12.75,12.72,12.79,live
Well-03,2026-05-02,12.77,12.74,12.81,live
Well-03,2026-05-03,12.73,12.7,12.77,live
Well-03,2026-05-04,12.68,12.65,12.72,live
Well-03,2026-05-05,12.67,12.64,12.71,live
Well-03,2026-05-06,12.52,12.49,12.56,live
Well-03,2026-05-07,12.37,12.34,12.41,live
Well-03,2026-05-08,12.4,12.37,12.44,live
Well-03,2026-05-09,12.37,12.34,12.41,live
Well-03,2026-05-10,12.34,12.31,12.38,live
Well-03,2026-05-11,12.32,12.29,12.36,live
Well-03,2026-05-12,12.28,12.25,12.32,live
Well-03,2026-05-13,12.18,12.15,12.22,live
Well-03,2026-05-14,12.17,12.14,12.21,live
Well-03,2026-05-15,12.13,12.1,12.17,live
Well-03,2026-05-16,12.06,12.03,12.1,live
Well-03,2026-05-17,11.93,11.9,11.97,live
Well-03,2026-05-18,11.84,11.81,11.88,live
Well-03,2026-05-19,11.79,11.76,11.83,live
Well-03,2026-05-20,11.71,11.68,11.75,live
Well-03,2026-05-21,11.69,11.66,11.73,live
Well-03,2026-05-22,11.58,11.55,11.62,live
Well-03,2026-05-23,11.5,11.47,11.54,live
Well-03,2026-05-24,11.55,11.52,11.59,live
Well-03,2026-05-25,11.43,11.4,11.47,live
Well-03,2026-05-26,11.41,11.38,11.45,live
Well-03,2026-05-27,11.34,11.31,11.38,live
Well-03,2026-05-28,11.42,11.39,11.46,live
Well-03,2026-05-29,11.4,11.37,11.44,live
Well-03,2026-05-30,11.29,11.26,11.33,live
Well-03,2026-05-31,11.21,11.18,11.25,live
Well-03,2026-06-01,11.27,11.24,11.31,live
Well-03,2026-06-02,11.28,11.25,11.32,live
Well-03,2026-06-03,11.21,11.18,11.25,live
Well-03,2026-06-04,11.13,11.1,11.17,live
Well-03,2026-06-05,11.02,10.99,11.06,live
Well-03,2026-06-06,11.02,10.99,11.06,live
Well-03,2026-06-07,10.97,10.94,11.01,live
Well-03,2026-06-08,10.91,10.88,10.95,live
Well-03,2026-06-09,10.9,10.87,10.94,live
Well-03,2026-06-10,10.89,10.86,10.93,live
Well-03,2026-06-11,10.77,10.74,10.81,live
Well-03,2026-06-12,10.73,10.7,10.77,live
Well-03,2026-06-13,10.78,10.75,10.82,live
Well-03,2026-06-14,10.74,10.71,10.78,live
Well-03,2026-06-15,10.68,10.65,10.72,live
Well-03,2026-06-16,10.59,10.56,10.63,live
Well-03,2026-06-17,10.53,10.5,10.57,live
Well-03,2026-06-18,10.43,10.4,10.47,live
Well-03,2026-06-19,10.41,10.38,10.45,live
Well-03,2026-06-20,10.44,10.41,10.48,live
Well-03,2026-06-21,10.32,10.29,10.36,live
Well-03,2026-06-22,10.25,10.22,10.29,live
Well-03,2026-06-23,10.23,10.2,10.27,live
Well-03,2026-06-24,10.28,10.25,10.32,live
Well-03,2026-06-25,10.29,10.26,10.33,live
Well-03,2026-06-26,10.3,10.27,10.34,live
Well-03,2026-06-27,10.3,10.27,10.34,live
Well-03,2026-06-28,10.28,10.25,10.32,live
Well-03,2026-06-29,10.19,10.16,10.23,live
Well-03,2026-06-30,10.18,10.15,10.22,live
Well-03,2026-07-01,10.17,10.14,10.21,live
Well-03,2026-07-02,10.16,10.13,10.2,live
Well-03,2026-07-03,10.16,10.13,10.2,live
Well-03,2026-07-04,10.24,10.21,10.28,live
Well-03,2026-07-05,10.23,10.2,10.27,live
Well-03,2026-07-06,10.1,10.07,10.14,live
Well-03,2026-07-07,9.98,9.95,10.02,live
Well-03,2026-07-08,9.98,9.95,10.02,live
Well-03,2026-07-09,9.94,9.91,9.98,live
Well-03,2026-07-10,9.84,9.81,9.88,live
Well-03,2026-07-11,9.78,9.75,9.82,live
Well-03,2026-07-12,9.74,9.71,9.78,live
Well-03,2026-07-13,9.72,9.69,9.76,live
Well-03,2026-07-14,9.64,9.61,9.68,live
Well-03,2026-07-15,9.64,9.61,9.68,live
Well-03,2026-07-16,9.68,9.65,9.72,live
Well-03,2026-07-17,9.61,9.58,9.65,live
Well-03,2026-07-18,9.6,9.57,9.64,live
Well-03,2026-07-19,9.52,9.49,9.56,live
Well-03,2026-07-20,9.53,9.5,9.57,live
Well-03,2026-07-21,9.48,9.45,9.52,live
Well-03,2026-07-22,9.52,9.49,9.56,live
Well-03,2026-07-23,9.5,9.47,9.54,live
Well-03,2026-07-24,9.46,9.43,9.5,live
Well-03,2026-07-25,9.43,9.4,9.47,live
Well-03,2026-07-26,9.36,9.33,9.4,live
Well-03,2026-07-27,9.34,9.31,9.38,live
Well-03,2026-07-28,9.38,9.35,9.42,live
Well-03,2026-07-29,9.34,9.31,9.38,live
Well-03,2026-07-30,9.33,9.3,9.37,live
Well-03,2026-07-31,9.35,9.32,9.39,live
Well-03,2026-08-01,9.41,9.38,9.45,live
Well-03,2026-08-02,9.38,9.35,9.42,live
Well-03,2026-08-03,9.36,9.33,9.4,live
Well-03,2026-08-04,9.39,9.36,9.43,live
Well-03,2026-08-05,9.29,9.26,9.33,live
Well-03,2026-08-06,9.31,9.28,9.35,live
Well-03,2026-08-07,9.25,9.22,9.29,live
Well-03,2026-08-08,9.18,9.15,9.22,live
Well-03,2026-08-09,9.15,9.12,9.19,live
Well-03,2026-08-10,9.19,9.16,9.23,live
Well-03,2026-08-11,9.09,9.06,9.13,live
Well-03,2026-08-12,9.11,9.08,9.15,live
Well-03,2026-08-13,9.16,9.13,9.2,live
Well-03,2026-08-14,9.14,9.11,9.18,live
Well-03,2026-08-15,9.06,9.03,9.1,live
Well-03,2026-08-16,8.99,8.96,9.03,live
Well-03,2026-08-17,8.88,8.85,8.92,live
Well-03,2026-08-18,8.84,8.81,8.88,live
Well-03,2026-08-19,8.86,8.83,8.9,live
Well-03,2026-08-20,8.94,8.91,8.98,live
Well-03,2026-08-21,8.95,8.92,8.99,live
Well-03,2026-08-22,9.02,8.99,9.06,live
Well-03,2026-08-23,9.07,9.04,9.11,live
Well-03,2026-08-24,9.1,9.07,9.14,live
Well-03,2026-08-25,9.04,9.01,9.08,live
Well-03,2026-08-26,8.99,8.96,9.03,live
Well-03,2026-08-27,8.92,8.89,8.96,live
Well-03,2026-08-28,8.96,8.93,9.0,live
Well-03,2026-08-29,9.07,9.04,9.11,live
Well-03,2026-08-30,8.9,8.87,8.94,live
Well-03,2026-08-31,8.87,8.84,8.91,live
Well-03,2026-09-01,8.88,8.85,8.92,live
Well-03,2026-09-02,8.81,8.78,8.85,live
Well-03,2026-09-03,8.82,8.79,8.86,live
Well-03,2026-09-04,8.87,8.84,8.91,live
Well-03,2026-09-05,8.94,8.91,8.98,live
Well-03,2026-09-06,9.01,8.98,9.05,live
Well-03,2026-09-07,9.03,9.0,9.07,live
Well-03,2026-09-08,9.02,8.99,9.06,live
Well-03,2026-09-09,9.0,8.97,9.04,live
Well-03,2026-09-10,9.03,9.0,9.07,live
Well-03,2026-09-11,9.08,9.05,9.12,live
Well-03,2026-09-12,9.14,9.11,9.18,live
Well-03,2026-09-13,9.12,9.09,9.16,live
Well-03,2026-09-14,9.17,9.14,9.21,live
Well-03,2026-09-15,9.19,9.16,9.23,live
Well-03,2026-09-16,9.21,9.18,9.25,live
Well-03,2026-09-17,9.28,9.25,9.32,live
Well-03,2026-09-18,9.28,9.25,9.32,live
Well-03,2026-09-19,9.33,9.3,9.37,live
Well-03,2026-09-20,9.4,9.37,9.44,live
Well-03,2026-09-21,9.41,9.38,9.45,live
Well-03,2026-09-22,9.43,9.4,9.47,live
Well-03,2026-09-23,9.48,9.45,9.52,live
Well-03,2026-09-24,9.44,9.41,9.48,live
Well-06,2022-06-01,11.78,11.75,11.82,archive
Well-06,2022-06-02,11.73,11.7,11.77,archive
Well-06,2022-06-03,11.68,11.65,11.72,archive
Well-06,2022-06-04,11.69,11.66,11.73,archive
Well-06,2022-06-05,11.68,11.65,11.72,archive
Well-06,2022-06-06,11.69,11.66,11.73,archive
Well-06,2022-06-07,11.62,11.59,11.66,archive
Well-06,2022-06-08,11.65,11.62,11.69,archive
Well-06,2022-06-09,11.48,11.45,11.52,archive
Well-06,2022-06-10,11.38,11.35,11.42,archive
Well-06,2022-06-11,11.33,11.3,11.37,archive
Well-06,2022-06-12,11.22,11.19,11.26,archive
Well-06,2022-06-13,11.2,11.17,11.24,archive
Well-06,2022-06-14,11.17,11.14,11.21,archive
Well-06,2022-06-15,11.19,11.16,11.23,archive
Well-06,2022-06-16,11.04,11.01,11.08,archive
Well-06,2022-06-17,10.99,10.96,11.03,archive
Well-06,2022-06-18,10.94,10.91,10.98,archive
Well-06,2022-06-19,10.92,10.89,10.96,archive
Well-06,2022-06-20,10.86,10.83,10.9,archive
Well-06,2022-06-21,10.8,10.77,10.84,archive
Well-06,2022-06-22,10.72,10.69,10.76,archive
Well-06,2022-06-23,10.65,10.62,10.69,archive
Well-06,2022-06-24,10.56,10.53,10.6,archive
Well-06,2022-06-25,10.52,10.49,10.56,archive
Well-06,2022-06-26,10.47,10.44,10.51,archive
Well-06,2022-06-27,10.39,10.36,10.43,archive
Well-06,2022-06-28,10.33,10.3,10.37,archive
Well-06,2022-06-29,10.22,10.19,10.26,archive
Well-06,2022-06-30,10.2,10.17,10.24,archive
Well-06,2022-07-01,10.21,10.18,10.25,archive
Well-06,2022-07-02,10.25,10.22,10.29,archive
Well-06,2022-07-03,10.24,10.21,10.28,archive
Well-06,2022-07-04,10.3,10.27,10.34,archive
Well-06,2022-07-05,10.17,10.14,10.21,archive
Well-06,2022-07-06,10.12,10.09,10.16,archive
Well-06,2022-07-07,10.04,10.01,10.08,archive
Well-06,2022-07-08,9.93,9.9,9.97,archive
Well-06,2022-07-09,9.94,9.91,9.98,archive
Well-06,2022-07-10,9.83,9.8,9.87,archive
Well-06,2022-07-11,9.85,9.82,9.89,archive
Well-06,2022-07-12,9.82,9.79,9.86,archive
Well-06,2022-07-13,9.71,9.68,9.75,archive
Well-06,2022-07-14,9.67,9.64,9.71,archive
Well-06,2022-07-15,9.67,9.64,9.71,archive
Well-06,2022-07-16,9.61,9.58,9.65,archive
Well-06,2022-07-17,9.58,9.55,9.62,archive
Well-06,2022-07-18,9.6,9.57,9.64,archive
Well-06,2022-07-19,9.58,9.55,9.62,archive
Well-06,2022-07-20,9.58,9.55,9.62,archive
Well-06,2022-07-21,9.52,9.49,9.56,archive
Well-06,2022-07-22,9.46,9.43,9.5,archive
Well-06,2022-07-23,9.5,9.47,9.54,archive
Well-06,2022-07-24,9.43,9.4,9.47,archive
Well-06,2022-07-25,9.41,9.38,9.45,archive
Well-06,2022-07-26,9.28,9.25,9.32,archive
Well-06,2022-07-27,9.25,9.22,9.29,archive
Well-06,2022-07-28,9.17,9.14,9.21,archive
Well-06,2022-07-29,9.14,9.11,9.18,archive
Well-06,2022-07-30,9.12,9.09,9.16,archive
Well-06,2022-07-31,9.1,9.07,9.14,archive
Well-06,2022-08-01,9.08,9.05,9.12,archive
Well-06,2022-08-02,9.19,9.16,9.23,archive
Well-06,2022-08-03,9.23,9.2,9.27,archive
Well-06,2022-08-04,9.29,9.26,9.33,archive
Well-06,2022-08-05,9.24,9.21,9.28,archive
Well-06,2022-08-06,9.23,9.2,9.27,archive
Well-06,2022-08-07,9.2,9.17,9.24,archive
Well-06,2022-08-08,9.15,9.12,9.19,archive
Well-06,2022-08-09,9.05,9.02,9.09,archive
Well-06,2022-08-10,9.02,8.99,9.06,archive
Well-06,2022-08-11,9.02,8.99,9.06,archive
Well-06,2022-08-12,9.06,9.03,9.1,archive
Well-06,2022-08-13,9.07,9.04,9.11,archive
Well-06,2022-08-14,9.04,9.01,9.08,archive
Well-06,2022-08-15,9.01,8.98,9.05,archive
Well-06,2022-08-16,8.95,8.92,8.99,archive
Well-06,2022-08-17,9.0,8.97,9.04,archive
Well-06,2022-08-18,9.09,9.06,9.13,archive
Well-06,2022-08-19,9.14,9.11,9.18,archive
Well-06,2022-08-20,9.15,9.12,9.19,archive
Well-06,2022-08-21,9.09,9.06,9.13,archive
Well-06,2022-08-22,8.98,8.95,9.02,archive
Well-06,2022-08-23,9.0,8.97,9.04,archive
Well-06,2022-08-24,8.97,8.94,9.01,archive
Well-06,2022-08-25,8.96,8.93,9.0,archive
Well-06,2022-08-26,9.01,8.98,9.05,archive
Well-06,2022-08-27,9.03,9.0,9.07,archive
Well-06,2022-08-28,8.93,8.9,8.97,archive
Well-06,2022-08-29,8.95,8.92,8.99,archive
Well-06,2022-08-30,8.93,8.9,8.97,archive
Well-06,2022-08-31,8.89,8.86,8.93,archive
Well-06,2022-09-01,8.89,8.86,8.93,archive
Well-06,2022-09-02,8.84,8.81,8.88,archive
Well-06,2022-09-03,8.79,8.76,8.83,archive
Well-06,2022-09-04,8.79,8.76,8.83,archive
Well-06,2022-09-05,8.83,8.8,8.87,archive
Well-06,2022-09-06,8.83,8.8,8.87,archive
Well-06,2022-09-07,8.82,8.79,8.86,archive
Well-06,2022-09-08,8.85,8.82,8.89,archive
Well-06,2022-09-09,8.89,8.86,8.93,archive
Well-06,2022-09-10,8.94,8.91,8.98,archive
Well-06,2022-09-11,8.92,8.89,8.96,archive
Well-06,2022-09-12,8.91,8.88,8.95,archive
Well-06,2022-09-13,8.89,8.86,8.93,archive
Well-06,2022-09-14,8.91,8.88,8.95,archive
Well-06,2022-09-15,8.92,8.89,8.96,archive
Well-06,2022-09-16,9.03,9.0,9.07,archive
Well-06,2022-09-17,8.99,8.96,9.03,archive
Well-06,2022-09-18,9.06,9.03,9.1,archive
Well-06,2022-09-19,9.1,9.07,9.14,archive
Well-06,2022-09-20,9.11,9.08,9.15,archive
Well-06,2022-09-21,9.15,9.12,9.19,archive
Well-06,2022-09-22,9.08,9.05,9.12,archive
Well-06,2022-09-23,9.09,9.06,9.13,archive
Well-06,2022-09-24,9.05,9.02,9.09,archive
Well-06,2022-09-25,9.12,9.09,9.16,archive
Well-06,2022-09-26,9.18,9.15,9.22,archive
Well-06,2022-09-27,9.23,9.2,9.27,archive
Well-06,2022-09-28,9.33,9.3,9.37,archive
Well-06,2022-09-29,9.31,9.28,9.35,archive
Well-06,2022-09-30,9.3,9.27,9.34,archive
Well-06,2022-10-01,9.22,9.19,9.26,archive
Well-06,2022-10-02,9.29,9.26,9.33,archive
Well-06,2022-10-03,9.34,9.31,9.38,archive
Well-06,2022-10-04,9.43,9.4,9.47,archive
Well-06,2022-10-05,9.43,9.4,9.47,archive
Well-06,2022-10-06,9.48,9.45,9.52,archive
Well-06,2022-10-07,9.45,9.42,9.49,archive
Well-06,2022-10-08,9.5,9.47,9.54,archive
Well-06,2022-10-09,9.57,9.54,9.61,archive
Well-06,2022-10-10,9.65,9.62,9.69,archive
Well-06,2022-10-11,9.75,9.72,9.79,archive
Well-06,2022-10-12,9.79,9.76,9.83,archive
Well-06,2022-10-13,9.8,9.77,9.84,archive
Well-06,2022-10-14,9.89,9.86,9.93,archive
Well-06,2022-10-15,10.01,9.98,10.05,archive
Well-06,2022-10-16,10.01,9.98,10.05,archive
Well-06,2022-10-17,10.03,10.0,10.07,archive
Well-06,2022-10-18,10.12,10.09,10.16,archive
Well-06,2022-10-19,10.2,10.17,10.24,archive
Well-06,2022-10-20,10.22,10.19,10.26,archive
Well-06,2022-10-21,10.31,10.28,10.35,archive
Well-06,2022-10-22,10.3,10.27,10.34,archive
Well-06,2022-10-23,10.32,10.29,10.36,archive
Well-06,2022-10-24,10.4,10.37,10.44,archive
Well-06,2022-10-25,10.48,10.45,10.52,archive
Well-06,2022-10-26,10.55,10.52,10.59,archive
Well-06,2022-10-27,10.61,10.58,10.65,archive
Well-06,2022-10-28,10.73,10.7,10.77,archive
Well-06,2022-10-29,10.83,10.8,10.87,archive
Well-06,2022-10-30,10.92,10.89,10.96,archive
Well-06,2022-10-31,11.01,10.98,11.05,archive
Well-06,2022-11-01,11.02,10.99,11.06,archive
Well-06,2022-11-02,11.12,11.09,11.16,archive
Well-06,2022-11-03,11.22,11.19,11.26,archive
Well-06,2022-11-04,11.26,11.23,11.3,archive
Well-06,2022-11-05,11.3,11.27,11.34,archive
Well-06,2022-11-06,11.34,11.31,11.38,archive
Well-06,2022-11-07,11.39,11.36,11.43,archive
Well-06,2022-11-08,11.44,11.41,11.48,archive
Well-06,2022-11-09,11.42,11.39,11.46,archive
Well-06,2022-11-10,11.4,11.37,11.44,archive
Well-06,2022-11-11,11.48,11.45,11.52,archive
Well-06,2022-11-12,11.53,11.5,11.57,archive
Well-06,2022-11-13,11.56,11.53,11.6,archive
Well-06,2022-11-14,11.68,11.65,11.72,archive
Well-06,2022-11-15,11.68,11.65,11.72,archive
Well-06,2022-11-16,11.65,11.62,11.69,archive
Well-06,2022-11-17,11.78,11.75,11.82,archive
Well-06,2022-11-18,11.87,11.84,11.91,archive
Well-06,2022-11-19,11.9,11.87,11.94,archive
Well-06,2022-11-20,12.0,11.97,12.04,archive
Well-06,2022-11-21,12.06,12.03,12.1,archive
Well-06,2022-11-22,12.06,12.03,12.1,archive
Well-06,2022-11-23,12.13,12.1,12.17,archive
Well-06,2022-11-24,12.24,12.21,12.28,archive
Well-06,2022-11-25,12.31,12.28,12.35,archive
Well-06,2022-11-26,12.36,12.33,12.4,archive
Well-06,2022-11-27,12.57,12.54,12.61,archive
Well-06,2022-11-28,12.63,12.6,12.67,archive
Well-06,2022-11-29,12.7,12.67,12.74,archive
Well-06,2022-11-30,12.65,12.62,12.69,archive
Well-06,2022-12-01,13.36,13.33,13.4,archive
Well-06,2022-12-02,12.8,12.77,12.84,archive
Well-06,2022-12-03,12.91,12.88,12.95,archive
Well-06,2022-12-04,12.94,12.91,12.98,archive
Well-06,2022-12-05,13.03,13.0,13.07,archive
Well-06,2022-12-06,13.11,13.08,13.15,archive
Well-06,2022-12-07,13.16,13.13,13.2,archive
Well-06,2022-12-08,13.23,13.2,13.27,archive
Well-06,2022-12-09,13.32,13.29,13.36,archive
Well-06,2022-12-10,13.36,13.33,13.4,archive
Well-06,2022-12-11,14.63,14.6,14.67,archive
Well-06,2022-12-12,13.4,13.37,13.44,archive
Well-06,2022-12-13,13.39,13.36,13.43,archive
Well-06,2022-12-14,13.44,13.41,13.48,archive
Well-06,2022-12-15,13.58,13.55,13.62,archive
Well-06,2022-12-16,13.66,13.63,13.7,archive
Well-06,2022-12-17,13.61,13.58,13.65,archive
Well-06,2022-12-18,13.65,13.62,13.69,archive
Well-06,2022-12-19,13.61,13.58,13.65,archive
Well-06,2022-12-20,13.69,13.66,13.73,archive
Well-06,2022-12-21,13.7,13.67,13.74,archive
Well-06,2022-12-22,13.67,13.64,13.71,archive
Well-06,2022-12-23,13.71,13.68,13.75,archive
Well-06,2022-12-24,13.76,13.73,13.8,archive
Well-06,2022-12-25,13.82,13.79,13.86,archive
Well-06,2022-12-26,13.92,13.89,13.96,archive
Well-06,2022-12-27,13.93,13.9,13.97,archive
Well-06,2022-12-28,14.04,14.01,14.08,archive
Well-06,2022-12-29,14.04,14.01,14.08,archive
Well-06,2022-12-30,14.08,14.05,14.12,archive
Well-06,2022-12-31,14.22,14.19,14.26,archive
Well-06,2023-01-01,14.3,14.27,14.34,archive
Well-06,2023-01-02,14.31,14.28,14.35,archive
Well-06,2023-01-03,14.34,14.31,14.38,archive
Well-06,2023-01-04,14.39,14.36,14.43,archive
Well-06,2023-01-05,14.4,14.37,14.44,archive
Well-06,2023-01-06,14.46,14.43,14.5,archive
Well-06,2023-01-07,14.52,14.49,14.56,archive
Well-06,2023-01-08,14.56,14.53,14.6,archive
Well-06,2023-01-09,14.59,14.56,14.63,archive
Well-06,2023-01-10,14.59,14.56,14.63,archive
Well-06,2023-01-11,14.61,14.58,14.65,archive
Well-06,2023-01-12,14.6,14.57,14.64,archive
Well-06,2023-01-13,14.69,14.66,14.73,archive
Well-06,2023-01-14,14.78,14.75,14.82,archive
Well-06,2023-01-15,14.74,14.71,14.78,archive
Well-06,2023-01-16,14.8,14.77,14.84,archive
Well-06,2023-01-17,14.84,14.81,14.88,archive
Well-06,2023-01-18,14.88,14.85,14.92,archive
Well-06,2023-01-19,14.88,14.85,14.92,archive
Well-06,2023-01-20,14.84,14.81,14.88,archive
Well-06,2023-01-21,14.85,14.82,14.89,archive
Well-06,2023-01-22,14.89,14.86,14.93,archive
Well-06,2023-01-23,14.95,14.92,14.99,archive
Well-06,2023-01-24,15.01,14.98,15.05,archive
Well-06,2023-01-25,15.05,15.02,15.09,archive
Well-06,2023-01-26,15.06,15.03,15.1,archive
Well-06,2023-01-27,15.09,15.06,15.13,archive
Well-06,2023-01-28,15.12,15.09,15.16,archive
Well-06,2023-01-29,15.14,15.11,15.18,archive
Well-06,2023-01-30,15.17,15.14,15.21,archive
Well-06,2023-01-31,15.2,15.17,15.24,archive
Well-06,2023-02-01,15.26,15.23,15.3,archive
Well-06,2023-02-02,15.26,15.23,15.3,archive
Well-06,2023-02-03,15.24,15.21,15.28,archive
Well-06,2023-02-04,15.22,15.19,15.26,archive
Well-06,2023-02-05,15.25,15.22,15.29,archive
Well-06,2023-02-06,15.31,15.28,15.35,archive
Well-06,2023-02-07,15.34,15.31,15.38,archive
Well-06,2023-02-08,15.47,15.44,15.51,archive
Well-06,2023-02-09,15.44,15.41,15.48,archive
Well-06,2023-02-10,15.42,15.39,15.46,archive
Well-06,2023-02-11,15.35,15.32,15.39,archive
Well-06,2023-02-12,15.44,15.41,15.48,archive
Well-06,2023-02-13,15.4,15.37,15.44,archive
Well-06,2023-02-14,15.42,15.39,15.46,archive
Well-06,2023-02-15,15.42,15.39,15.46,archive
Well-06,2023-02-16,15.37,15.34,15.41,archive
Well-06,2023-02-17,15.45,15.42,15.49,archive
Well-06,2023-02-18,15.48,15.45,15.52,archive
Well-06,2023-02-19,15.48,15.45,15.52,archive
Well-06,2023-02-20,15.5,15.47,15.54,archive
Well-06,2023-02-21,15.44,15.41,15.48,archive
Well-06,2023-02-22,15.38,15.35,15.42,archive
Well-06,2023-02-23,15.32,15.29,15.36,archive
Well-06,2023-02-24,15.4,15.37,15.44,archive
Well-06,2023-02-25,15.35,15.32,15.39,archive
Well-06,2023-02-26,15.4,15.37,15.44,archive
Well-06,2023-02-27,15.39,15.36,15.43,archive
Well-06,2023-02-28,15.34,15.31,15.38,archive
Well-06,2023-03-01,15.45,15.42,15.49,archive
Well-06,2023-03-02,15.41,15.38,15.45,archive
Well-06,2023-03-03,15.49,15.46,15.53,archive
Well-06,2023-03-04,15.36,15.33,15.4,archive
Well-06,2023-03-05,15.36,15.33,15.4,archive
Well-06,2023-03-06,15.38,15.35,15.42,archive
Well-06,2023-03-07,15.39,15.36,15.43,archive
Well-06,2023-03-08,15.37,15.34,15.41,archive
Well-06,2023-03-09,15.44,15.41,15.48,archive
Well-06,2023-03-10,15.48,15.45,15.52,archive
Well-06,2023-03-11,15.43,15.4,15.47,archive
Well-06,2023-03-12,15.36,15.33,15.4,archive
Well-06,2023-03-13,15.35,15.32,15.39,archive
Well-06,2023-03-14,15.3,15.27,15.34,archive
Well-06,2023-03-15,15.3,15.27,15.34,archive
Well-06,2023-03-16,15.29,15.26,15.33,archive
Well-06,2023-03-17,15.28,15.25,15.32,archive
Well-06,2023-03-18,15.22,15.19,15.26,archive
Well-06,2023-03-19,15.18,15.15,15.22,archive
Well-06,2023-03-20,15.12,15.09,15.16,archive
Well-06,2023-03-21,15.09,15.06,15.13,archive
Well-06,2023-03-22,15.06,15.03,15.1,archive
Well-06,2023-03-23,15.0,14.97,15.04,archive
Well-06,2023-03-24,15.02,14.99,15.06,archive
Well-06,2023-03-25,14.98,14.95,15.02,archive
Well-06,2023-03-26,15.36,15.33,15.4,archive
Well-06,2023-03-27,14.87,14.84,14.91,archive
Well-06,2023-03-28,14.89,14.86,14.93,archive
Well-06,2023-03-29,14.88,14.85,14.92,archive
Well-06,2023-03-30,14.87,14.84,14.91,archive
Well-06,2023-03-31,14.83,14.8,14.87,archive
Well-06,2023-04-01,14.81,14.78,14.85,archive
Well-06,2023-04-02,14.86,14.83,14.9,archive
Well-06,2023-04-03,14.86,14.83,14.9,archive
Well-06,2023-04-04,14.79,14.76,14.83,archive
Well-06,2023-04-05,14.76,14.73,14.8,archive
Well-06,2023-04-06,14.76,14.73,14.8,archive
Well-06,2023-04-07,14.68,14.65,14.72,archive
Well-06,2023-04-08,14.59,14.56,14.63,archive
Well-06,2023-04-09,14.53,14.5,14.57,archive
Well-06,2023-04-10,14.47,14.44,14.51,archive
Well-06,2023-04-11,14.43,14.4,14.47,archive
Well-06,2023-04-12,14.44,14.41,14.48,archive
Well-06,2023-04-13,14.29,14.26,14.33,archive
Well-06,2023-04-14,14.28,14.25,14.32,archive
Well-06,2023-04-15,14.24,14.21,14.28,archive
Well-06,2023-04-16,14.25,14.22,14.29,archive
Well-06,2023-04-17,14.25,14.22,14.29,archive
Well-06,2023-04-18,14.24,14.21,14.28,archive
Well-06,2023-04-19,14.21,14.18,14.25,archive
Well-06,2023-04-20,14.03,14.0,14.07,archive
Well-06,2023-04-21,13.92,13.89,13.96,archive
Well-06,2023-04-22,13.93,13.9,13.97,archive
Well-06,2023-04-23,13.86,13.83,13.9,archive
Well-06,2023-04-24,13.78,13.75,13.82,archive
Well-06,2023-04-25,13.64,13.61,13.68,archive
Well-06,2023-04-26,13.62,13.59,13.66,archive
Well-06,2023-04-27,13.58,13.55,13.62,archive
Well-06,2023-04-28,13.53,13.5,13.57,archive
Well-06,2023-04-29,13.47,13.44,13.51,archive
Well-06,2023-04-30,13.44,13.41,13.48,archive
Well-06,2023-05-01,13.4,13.37,13.44,archive
Well-06,2023-05-02,13.42,13.39,13.46,archive
Well-06,2023-05-03,13.34,13.31,13.38,archive
Well-06,2023-05-04,13.32,13.29,13.36,archive
Well-06,2023-05-05,13.21,13.18,13.25,archive
Well-06,2023-05-06,13.15,13.12,13.19,archive
Well-06,2023-05-07,13.08,13.05,13.12,archive
Well-06,2023-05-08,12.99,12.96,13.03,archive
Well-06,2023-05-09,12.99,12.96,13.03,archive
Well-06,2023-05-10,13.0,12.97,13.04,archive
Well-06,2023-05-11,13.01,12.98,13.05,archive
Well-06,2023-05-12,12.92,12.89,12.96,archive
Well-06,2023-05-13,12.9,12.87,12.94,archive
Well-06,2023-05-14,12.92,12.89,12.96,archive
Well-06,2023-05-15,12.8,12.77,12.84,archive
Well-06,2023-05-16,12.77,12.74,12.81,archive
Well-06,2023-05-17,12.75,12.72,12.79,archive
Well-06,2023-05-18,12.66,12.63,12.7,archive
Well-06,2023-05-19,12.62,12.59,12.66,archive
Well-06,2023-05-20,12.47,12.44,12.51,archive
Well-06,2023-05-21,12.42,12.39,12.46,archive
Well-06,2023-05-22,12.34,12.31,12.38,archive
Well-06,2023-05-23,12.33,12.3,12.37,archive
Well-06,2023-05-24,12.3,12.27,12.34,archive
Well-06,2023-05-25,12.3,12.27,12.34,archive
Well-06,2023-05-26,12.21,12.18,12.25,archive
Well-06,2023-05-27,12.19,12.16,12.23,archive
Well-06,2023-05-28,12.22,12.19,12.26,archive
Well-06,2023-05-29,12.21,12.18,12.25,archive
Well-06,2023-05-30,12.03,12.0,12.07,archive
Well-06,2023-05-31,11.96,11.93,12.0,archive
Well-06,2023-06-01,11.93,11.9,11.97,archive
Well-06,2023-06-02,11.87,11.84,11.91,archive
Well-06,2023-06-03,11.8,11.77,11.84,archive
Well-06,2023-06-04,11.64,11.61,11.68,archive
Well-06,2023-06-05,11.56,11.53,11.6,archive
Well-06,2023-06-06,11.56,11.53,11.6,archive
Well-06,2023-06-07,11.52,11.49,11.56,archive
Well-06,2023-06-08,11.47,11.44,11.51,archive
Well-06,2023-06-09,11.45,11.42,11.49,archive
Well-06,2023-06-10,11.48,11.45,11.52,archive
Well-06,2023-06-11,11.4,11.37,11.44,archive
Well-06,2023-06-12,11.37,11.34,11.41,archive
Well-06,2023-06-13,11.24,11.21,11.28,archive
Well-06,2023-06-14,11.15,11.12,11.19,archive
Well-06,2023-06-15,11.13,11.1,11.17,archive
Well-06,2023-06-16,11.09,11.06,11.13,archive
Well-06,2023-06-17,11.1,11.07,11.14,archive
Well-06,2023-06-18,11.09,11.06,11.13,archive
Well-06,2023-06-19,10.89,10.86,10.93,archive
Well-06,2023-06-20,10.79,10.76,10.83,archive
Well-06,2023-06-21,10.72,10.69,10.76,archive
Well-06,2023-06-22,10.65,10.62,10.69,archive
Well-06,2023-06-23,10.58,10.55,10.62,archive
Well-06,2023-06-24,10.55,10.52,10.59,archive
Well-06,2023-06-25,10.54,10.51,10.58,archive
Well-06,2023-06-26,10.51,10.48,10.55,archive
Well-06,2023-06-27,10.38,10.35,10.42,archive
Well-06,2023-06-28,10.3,10.27,10.34,archive
Well-06,2023-06-29,10.19,10.16,10.23,archive
Well-06,2023-06-30,10.1,10.07,10.14,archive
Well-06,2023-07-01,10.09,10.06,10.13,archive
Well-06,2023-07-02,10.09,10.06,10.13,archive
Well-06,2023-07-03,10.08,10.05,10.12,archive
Well-06,2023-07-04,10.1,10.07,10.14,archive
Well-06,2023-07-05,10.0,9.97,10.04,archive
Well-06,2023-07-06,9.89,9.86,9.93,archive
Well-06,2023-07-07,9.79,9.76,9.83,archive
Well-06,2023-07-08,9.74,9.71,9.78,archive
Well-06,2023-07-09,9.7,9.67,9.74,archive
Well-06,2023-07-10,9.71,9.68,9.75,archive
Well-06,2023-07-11,9.64,9.61,9.68,archive
Well-06,2023-07-12,9.57,9.54,9.61,archive
Well-06,2023-07-13,9.53,9.5,9.57,archive
Well-06,2023-07-14,9.57,9.54,9.61,archive
Well-06,2023-07-15,9.59,9.56,9.63,archive
Well-06,2023-07-16,9.53,9.5,9.57,archive
Well-06,2023-07-17,9.52,9.49,9.56,archive
Well-06,2023-07-18,9.48,9.45,9.52,archive
Well-06,2023-07-19,9.53,9.5,9.57,archive
Well-06,2023-07-20,9.54,9.51,9.58,archive
Well-06,2023-07-21,9.54,9.51,9.58,archive
Well-06,2023-07-22,9.48,9.45,9.52,archive
Well-06,2023-07-23,9.4,9.37,9.44,archive
Well-06,2023-07-24,9.37,9.34,9.41,archive
Well-06,2023-07-25,9.32,9.29,9.36,archive
Well-06,2023-07-26,9.33,9.3,9.37,archive
Well-06,2023-07-27,9.35,9.32,9.39,archive
Well-06,2023-07-28,9.41,9.38,9.45,archive
Well-06,2023-07-29,9.41,9.38,9.45,archive
Well-06,2023-07-30,9.38,9.35,9.42,archive
Well-06,2023-07-31,9.28,9.25,9.32,archive
Well-06,2023-08-01,9.28,9.25,9.32,archive
Well-06,2023-08-02,9.24,9.21,9.28,archive
Well-06,2023-08-03,9.19,9.16,9.23,archive
Well-06,2023-08-04,9.13,9.1,9.17,archive
Well-06,2023-08-05,9.13,9.1,9.17,archive
Well-06,2023-08-06,9.05,9.02,9.09,archive
Well-06,2023-08-07,9.0,8.97,9.04,archive
Well-06,2023-08-08,8.97,8.94,9.01,archive
Well-06,2023-08-09,9.01,8.98,9.05,archive
Well-06,2023-08-10,8.98,8.95,9.02,archive
Well-06,2023-08-11,8.97,8.94,9.01,archive
Well-06,2023-08-12,9.01,8.98,9.05,archive
Well-06,2023-08-13,9.01,8.98,9.05,archive
Well-06,2023-08-14,8.91,8.88,8.95,archive
Well-06,2023-08-15,8.84,8.81,8.88,archive
Well-06,2023-08-16,8.84,8.81,8.88,archive
Well-06,2023-08-17,8.77,8.74,8.81,archive
Well-06,2023-08-18,8.74,8.71,8.78,archive
Well-06,2023-08-19,8.68,8.65,8.72,archive
Well-06,2023-08-20,8.7,8.67,8.74,archive
Well-06,2023-08-21,8.78,8.75,8.82,archive
Well-06,2023-08-22,8.79,8.76,8.83,archive
Well-06,2023-08-23,8.82,8.79,8.86,archive
Well-06,2023-08-24,8.82,8.79,8.86,archive
Well-06,2023-08-25,8.87,8.84,8.91,archive
Well-06,2023-08-26,8.83,8.8,8.87,archive
Well-06,2023-08-27,8.79,8.76,8.83,archive
Well-06,2023-08-28,8.71,8.68,8.75,archive
Well-06,2023-08-29,8.69,8.66,8.73,archive
Well-06,2023-08-30,8.71,8.68,8.75,archive
Well-06,2023-08-31,8.7,8.67,8.74,archive
Well-06,2023-09-01,8.82,8.79,8.86,archive
Well-06,2023-09-02,8.83,8.8,8.87,archive
Well-06,2023-09-03,8.81,8.78,8.85,archive
Well-06,2023-09-04,8.81,8.78,8.85,archive
Well-06,2023-09-05,8.72,8.69,8.76,archive
Well-06,2023-09-06,8.78,8.75,8.82,archive
Well-06,2023-09-07,8.9,8.87,8.94,archive
Well-06,2023-09-08,8.86,8.83,8.9,archive
Well-06,2023-09-09,8.8,8.77,8.84,archive
Well-06,2023-09-10,8.83,8.8,8.87,archive
Well-06,2023-09-11,8.82,8.79,8.86,archive
Well-06,2023-09-12,8.92,8.89,8.96,archive
Well-06,2023-09-13,8.96,8.93,9.0,archive
Well-06,2023-09-14,9.0,8.97,9.04,archive
Well-06,2023-09-15,8.95,8.92,8.99,archive
Well-06,2023-09-16,8.96,8.93,9.0,archive
Well-06,2023-09-17,9.07,9.04,9.11,archive
Well-06,2023-09-18,9.06,9.03,9.1,archive
Well-06,2023-09-19,9.02,8.99,9.06,archive
Well-06,2023-09-20,9.03,9.0,9.07,archive
Well-06,2023-09-21,9.08,9.05,9.12,archive
Well-06,2023-09-22,9.18,9.15,9.22,archive
Well-06,2023-09-23,9.2,9.17,9.24,archive
Well-06,2023-09-24,9.15,9.12,9.19,archive
Well-06,2023-09-25,9.12,9.09,9.16,archive
Well-06,2023-09-26,9.13,9.1,9.17,archive
Well-06,2023-09-27,9.17,9.14,9.21,archive
Well-06,2023-09-28,9.15,9.12,9.19,archive
Well-06,2023-09-29,9.16,9.13,9.2,archive
Well-06,2023-09-30,9.21,9.18,9.25,archive
Well-06,2023-10-01,9.31,9.28,9.35,archive
Well-06,2023-10-02,9.35,9.32,9.39,archive
Well-06,2023-10-03,9.35,9.32,9.39,archive
Well-06,2023-10-04,9.33,9.3,9.37,archive
Well-06,2023-10-05,9.39,9.36,9.43,archive
Well-06,2023-10-06,9.42,9.39,9.46,archive
Well-06,2023-10-07,9.4,9.37,9.44,archive
Well-06,2023-10-08,9.45,9.42,9.49,archive
Well-06,2023-10-09,9.51,9.48,9.55,archive
Well-06,2023-10-10,9.67,9.64,9.71,archive
Well-06,2023-10-11,9.7,9.67,9.74,archive
Well-06,2023-10-12,9.86,9.83,9.9,archive
Well-06,2023-10-13,9.93,9.9,9.97,archive
Well-06,2023-10-14,9.97,9.94,10.01,archive
Well-06,2023-10-15,9.99,9.96,10.03,archive
Well-06,2023-10-16,10.09,10.06,10.13,archive
Well-06,2023-10-17,10.18,10.15,10.22,archive
Well-06,2023-10-18,10.28,10.25,10.32,archive
Well-06,2023-10-19,10.31,10.28,10.35,archive
Well-06,2023-10-20,10.32,10.29,10.36,archive
Well-06,2023-10-21,10.43,10.4,10.47,archive
Well-06,2023-10-22,10.46,10.43,10.5,archive
Well-06,2023-10-23,10.49,10.46,10.53,archive
Well-06,2023-10-24,10.52,10.49,10.56,archive
Well-06,2023-10-25,10.57,10.54,10.61,archive
Well-06,2023-10-26,10.61,10.58,10.65,archive
Well-06,2023-10-27,10.64,10.61,10.68,archive
Well-06,2023-10-28,10.62,10.59,10.66,archive
Well-06,2023-10-29,10.63,10.6,10.67,archive
Well-06,2023-10-30,10.81,10.78,10.85,archive
Well-06,2023-10-31,10.94,10.91,10.98,archive
Well-06,2023-11-01,10.97,10.94,11.01,archive
Well-06,2023-11-02,11.05,11.02,11.09,archive
Well-06,2023-11-03,11.16,11.13,11.2,archive
Well-06,2023-11-04,11.23,11.2,11.27,archive
Well-06,2023-11-05,11.24,11.21,11.28,archive
Well-06,2023-11-06,11.27,11.24,11.31,archive
Well-06,2023-11-07,11.31,11.28,11.35,archive
Well-06,2023-11-08,11.33,11.3,11.37,archive
Well-06,2023-11-09,11.4,11.37,11.44,archive
Well-06,2024-02-21,15.59,15.56,15.63,archive
Well-06,2024-02-22,15.51,15.48,15.55,archive
Well-06,2024-02-23,15.44,15.41,15.48,archive
Well-06,2024-02-24,15.47,15.44,15.51,archive
Well-06,2024-02-25,15.5,15.47,15.54,archive
Well-06,2024-02-26,15.54,15.51,15.58,archive
Well-06,2024-02-27,15.61,15.58,15.65,archive
Well-06,2024-02-28,15.57,15.54,15.61,archive
Well-06,2024-02-29,15.56,15.53,15.6,archive
Well-06,2024-03-01,15.46,15.43,15.5,archive
Well-06,2024-03-02,15.44,15.41,15.48,archive
Well-06,2024-03-03,15.4,15.37,15.44,archive
Well-06,2024-03-04,15.37,15.34,15.41,archive
Well-06,2024-03-05,15.36,15.33,15.4,archive
Well-06,2024-03-06,15.31,15.28,15.35,archive
Well-06,2024-03-07,15.31,15.28,15.35,archive
Well-06,2024-03-08,15.35,15.32,15.39,archive
Well-06,2024-03-09,15.34,15.31,15.38,archive
Well-06,2024-03-10,15.28,15.25,15.32,archive
Well-06,2024-03-11,15.21,15.18,15.25,archive
Well-06,2024-03-12,15.24,15.21,15.28,archive
Well-06,2024-03-13,15.19,15.16,15.23,archive
Well-06,2024-03-14,15.2,15.17,15.24,archive
Well-06,2024-03-15,15.21,15.18,15.25,archive
Well-06,2024-03-16,15.15,15.12,15.19,archive
Well-06,2024-03-17,15.13,15.1,15.17,archive
Well-06,2024-03-18,15.07,15.04,15.11,archive
Well-06,2024-03-19,15.03,15.0,15.07,archive
Well-06,2024-03-20,14.99,14.96,15.03,archive
Well-06,2024-03-21,15.0,14.97,15.04,archive
Well-06,2024-03-22,15.01,14.98,15.05,archive
Well-06,2024-03-23,15.04,15.01,15.08,archive
Well-06,2024-03-24,15.03,15.0,15.07,archive
Well-06,2024-03-25,15.08,15.05,15.12,archive
Well-06,2024-03-26,15.03,15.0,15.07,archive
Well-06,2024-03-27,15.01,14.98,15.05,archive
Well-06,2024-03-28,15.08,15.05,15.12,archive
Well-06,2024-03-29,15.01,14.98,15.05,archive
Well-06,2024-03-30,14.95,14.92,14.99,archive
Well-06,2024-03-31,15.01,14.98,15.05,archive
Well-06,2024-04-01,14.95,14.92,14.99,archive
Well-06,2024-04-02,14.92,14.89,14.96,archive
Well-06,2024-04-03,14.99,14.96,15.03,archive
Well-06,2024-04-04,14.96,14.93,15.0,archive
Well-06,2024-04-05,15.03,15.0,15.07,archive
Well-06,2024-04-06,15.07,15.04,15.11,archive
Well-06,2024-04-07,14.96,14.93,15.0,archive
Well-06,2024-04-08,14.91,14.88,14.95,archive
Well-06,2024-04-09,14.87,14.84,14.91,archive
Well-06,2024-04-10,14.84,14.81,14.88,archive
Well-06,2024-04-11,14.77,14.74,14.81,archive
Well-06,2024-04-12,14.68,14.65,14.72,archive
Well-06,2024-04-13,14.7,14.67,14.74,archive
Well-06,2024-04-14,14.75,14.72,14.79,archive
Well-06,2024-04-15,14.71,14.68,14.75,archive
Well-06,2024-04-16,14.57,14.54,14.61,archive
Well-06,2024-04-17,14.43,14.4,14.47,archive
Well-06,2024-04-18,14.41,14.38,14.45,archive
Well-06,2024-04-19,14.33,14.3,14.37,archive
Well-06,2024-04-20,14.25,14.22,14.29,archive
Well-06,2024-04-21,14.2,14.17,14.24,archive
Well-06,2024-04-22,14.16,14.13,14.2,archive
Well-06,2024-04-23,14.05,14.02,14.09,archive
Well-06,2024-04-24,14.06,14.03,14.1,archive
Well-06,2024-04-25,13.88,13.85,13.92,archive
Well-06,2024-04-26,13.9,13.87,13.94,archive
Well-06,2024-04-27,13.78,13.75,13.82,archive
Well-06,2024-04-28,13.71,13.68,13.75,archive
Well-06,2024-04-29,13.72,13.69,13.76,archive
Well-06,2024-04-30,13.71,13.68,13.75,archive
Well-06,2024-05-01,13.63,13.6,13.67,archive
Well-06,2024-05-02,13.54,13.51,13.58,archive
Well-06,2024-05-03,13.4,13.37,13.44,archive
Well-06,2024-05-04,13.35,13.32,13.39,archive
Well-06,2024-05-05,13.32,13.29,13.36,archive
Well-06,2024-05-06,13.29,13.26,13.33,archive
Well-06,2024-05-07,13.16,13.13,13.2,archive
Well-06,2024-05-08,13.06,13.03,13.1,archive
Well-06,2024-05-09,12.97,12.94,13.01,archive
Well-06,2024-05-10,12.98,12.95,13.02,archive
Well-06,2024-05-11,13.0,12.97,13.04,archive
Well-06,2024-05-12,12.94,12.91,12.98,archive
Well-06,2024-05-13,12.86,12.83,12.9,archive
Well-06,2024-05-14,12.81,12.78,12.85,archive
Well-06,2024-05-15,12.84,12.81,12.88,archive
Well-06,2024-05-16,12.71,12.68,12.75,archive
Well-06,2024-05-17,12.64,12.61,12.68,archive
Well-06,2024-05-18,12.58,12.55,12.62,archive
Well-06,2024-05-19,12.51,12.48,12.55,archive
Well-06,2024-05-20,12.41,12.38,12.45,archive
Well-06,2024-05-21,12.34,12.31,12.38,archive
Well-06,2024-05-22,12.36,12.33,12.4,archive
Well-06,2024-05-23,12.33,12.3,12.37,archive
Well-06,2024-05-24,12.24,12.21,12.28,archive
Well-06,2024-05-25,12.23,12.2,12.27,archive
Well-06,2024-05-26,12.19,12.16,12.23,archive
Well-06,2024-05-27,12.2,12.17,12.24,archive
Well-06,2024-05-28,12.12,12.09,12.16,archive
Well-06,2024-05-29,12.05,12.02,12.09,archive
Well-06,2024-05-30,12.04,12.01,12.08,archive
Well-06,2024-05-31,11.94,11.91,11.98,archive
Well-06,2024-06-01,11.86,11.83,11.9,archive
Well-06,2024-06-02,11.79,11.76,11.83,archive
Well-06,2024-06-03,11.76,11.73,11.8,archive
Well-06,2024-06-04,11.67,11.64,11.71,archive
Well-06,2024-06-05,11.61,11.58,11.65,archive
Well-06,2024-06-06,11.61,11.58,11.65,archive
Well-06,2024-06-07,11.52,11.49,11.56,archive
Well-06,2024-06-08,11.43,11.4,11.47,archive
Well-06,2024-06-09,11.3,11.27,11.34,archive
Well-06,2024-06-10,11.24,11.21,11.28,archive
Well-06,2024-06-11,11.16,11.13,11.2,archive
Well-06,2024-06-12,11.02,10.99,11.06,archive
Well-06,2024-06-13,11.09,11.06,11.13,archive
Well-06,2024-06-14,11.0,10.97,11.04,archive
Well-06,2024-06-15,10.94,10.91,10.98,archive
Well-06,2024-06-16,10.9,10.87,10.94,archive
Well-06,2024-06-17,10.89,10.86,10.93,archive
Well-06,2024-06-18,10.82,10.79,10.86,archive
Well-06,2024-06-19,10.77,10.74,10.81,archive
Well-06,2024-06-20,10.72,10.69,10.76,archive
Well-06,2024-06-21,10.69,10.66,10.73,archive
Well-06,2024-06-22,10.69,10.66,10.73,archive
Well-06,2024-06-23,10.61,10.58,10.65,archive
Well-06,2024-06-24,10.53,10.5,10.57,archive
Well-06,2024-06-25,10.48,10.45,10.52,archive
Well-06,2024-06-26,10.43,10.4,10.47,archive
Well-06,2024-06-27,10.4,10.37,10.44,archive
Well-06,2024-06-28,10.43,10.4,10.47,archive
Well-06,2024-06-29,10.35,10.32,10.39,archive
Well-06,2024-06-30,10.28,10.25,10.32,archive
Well-06,2024-07-01,10.32,10.29,10.36,archive
Well-06,2024-07-02,10.21,10.18,10.25,archive
Well-06,2024-07-03,10.12,10.09,10.16,archive
Well-06,2024-07-04,10.04,10.01,10.08,archive
Well-06,2024-07-05,9.95,9.92,9.99,archive
Well-06,2024-07-06,9.86,9.83,9.9,archive
Well-06,2024-07-07,9.75,9.72,9.79,archive
Well-06,2024-07-08,9.72,9.69,9.76,archive
Well-06,2024-07-09,9.71,9.68,9.75,archive
Well-06,2024-07-10,9.69,9.66,9.73,archive
Well-06,2024-07-11,9.69,9.66,9.73,archive
Well-06,2024-07-12,9.67,9.64,9.71,archive
Well-06,2024-07-13,9.61,9.58,9.65,archive
Well-06,2024-07-14,9.5,9.47,9.54,archive
Well-06,2024-07-15,9.45,9.42,9.49,archive
Well-06,2024-07-16,9.49,9.46,9.53,archive
Well-06,2024-07-17,9.49,9.46,9.53,archive
Well-06,2024-07-18,9.36,9.33,9.4,archive
Well-06,2024-07-19,9.37,9.34,9.41,archive
Well-06,2024-07-20,9.37,9.34,9.41,archive
Well-06,2024-07-21,9.31,9.28,9.35,archive
Well-06,2024-07-22,9.28,9.25,9.32,archive
Well-06,2024-07-23,9.32,9.29,9.36,archive
Well-06,2024-07-24,9.29,9.26,9.33,archive
Well-06,2024-07-25,9.19,9.16,9.23,archive
Well-06,2024-07-26,9.16,9.13,9.2,archive
Well-06,2024-07-27,9.09,9.06,9.13,archive
Well-06,2024-07-28,9.08,9.05,9.12,archive
Well-06,2024-07-29,9.07,9.04,9.11,archive
Well-06,2024-07-30,9.04,9.01,9.08,archive
Well-06,2024-07-31,9.0,8.97,9.04,archive
Well-06,2024-08-01,9.01,8.98,9.05,archive
Well-06,2024-08-02,8.97,8.94,9.01,archive
Well-06,2024-08-03,9.05,9.02,9.09,archive
Well-06,2024-08-04,9.12,9.09,9.16,archive
Well-06,2024-08-05,9.09,9.06,9.13,archive
Well-06,2024-08-06,9.13,9.1,9.17,archive
Well-06,2024-08-07,9.13,9.1,9.17,archive
Well-06,2024-08-08,9.11,9.08,9.15,archive
Well-06,2024-08-09,9.2,9.17,9.24,archive
Well-06,2024-08-10,9.13,9.1,9.17,archive
Well-06,2024-08-11,9.07,9.04,9.11,archive
Well-06,2024-08-12,9.03,9.0,9.07,archive
Well-06,2024-08-13,9.05,9.02,9.09,archive
Well-06,2024-08-14,9.03,9.0,9.07,archive
Well-06,2024-08-15,9.03,9.0,9.07,archive
Well-06,2024-08-16,9.0,8.97,9.04,archive
Well-06,2024-08-17,9.0,8.97,9.04,archive
Well-06,2024-08-18,9.05,9.02,9.09,archive
Well-06,2024-08-19,9.02,8.99,9.06,archive
Well-06,2024-08-20,9.07,9.04,9.11,archive
Well-06,2024-08-21,8.95,8.92,8.99,archive
Well-06,2024-08-22,8.97,8.94,9.01,archive
Well-06,2024-08-23,9.09,9.06,9.13,archive
Well-06,2024-08-24,9.03,9.0,9.07,archive
Well-06,2024-08-25,9.03,9.0,9.07,archive
Well-06,2024-08-26,8.98,8.95,9.02,archive
Well-06,2024-08-27,8.95,8.92,8.99,archive
Well-06,2024-08-28,8.98,8.95,9.02,archive
Well-06,2024-08-29,9.02,8.99,9.06,archive
Well-06,2024-08-30,8.96,8.93,9.0,archive
Well-06,2024-08-31,9.04,9.01,9.08,archive
Well-06,2024-09-01,9.06,9.03,9.1,archive
Well-06,2024-09-02,9.01,8.98,9.05,archive
Well-06,2024-09-03,8.99,8.96,9.03,archive
Well-06,2024-09-04,9.06,9.03,9.1,archive
Well-06,2024-09-05,9.03,9.0,9.07,archive
Well-06,2024-09-06,9.08,9.05,9.12,archive
Well-06,2024-09-07,9.09,9.06,9.13,archive
Well-06,2024-09-08,9.03,9.0,9.07,archive
Well-06,2024-09-09,9.05,9.02,9.09,archive
Well-06,2024-09-10,9.07,9.04,9.11,archive
Well-06,2024-09-11,9.09,9.06,9.13,archive
Well-06,2024-09-12,9.06,9.03,9.1,archive
Well-06,2024-09-13,9.15,9.12,9.19,archive
Well-06,2024-09-14,9.14,9.11,9.18,archive
Well-06,2024-09-15,9.16,9.13,9.2,archive
Well-06,2024-09-16,9.09,9.06,9.13,archive
Well-06,2024-09-17,9.09,9.06,9.13,archive
Well-06,2024-09-18,9.07,9.04,9.11,archive
Well-06,2024-09-19,9.1,9.07,9.14,archive
Well-06,2024-09-20,9.16,9.13,9.2,archive
Well-06,2024-09-21,9.26,9.23,9.3,archive
Well-06,2024-09-22,9.32,9.29,9.36,archive
Well-06,2024-09-23,9.39,9.36,9.43,archive
Well-06,2024-09-24,9.48,9.45,9.52,archive
Well-06,2024-09-25,9.52,9.49,9.56,archive
Well-06,2024-09-26,9.51,9.48,9.55,archive
Well-06,2024-09-27,9.59,9.56,9.63,archive
Well-06,2024-09-28,9.53,9.5,9.57,archive
Well-06,2024-09-29,9.5,9.47,9.54,archive
Well-06,2024-09-30,9.58,9.55,9.62,archive
Well-06,2024-10-01,9.63,9.6,9.67,archive
Well-06,2024-10-02,9.68,9.65,9.72,archive
Well-06,2024-10-03,9.66,9.63,9.7,archive
Well-06,2024-10-04,9.61,9.58,9.65,archive
Well-06,2024-10-05,9.69,9.66,9.73,archive
Well-06,2024-10-06,9.65,9.62,9.69,archive
Well-06,2024-10-07,9.76,9.73,9.8,archive
Well-06,2024-10-08,9.8,9.77,9.84,archive
Well-06,2024-10-09,9.77,9.74,9.81,archive
Well-06,2024-10-10,9.8,9.77,9.84,archive
Well-06,2024-10-11,9.89,9.86,9.93,archive
Well-06,2024-10-12,9.92,9.89,9.96,archive
Well-06,2024-10-13,9.94,9.91,9.98,archive
Well-06,2024-10-14,9.89,9.86,9.93,archive
Well-06,2024-10-15,9.92,9.89,9.96,archive
Well-06,2024-10-16,9.92,9.89,9.96,archive
Well-06,2024-10-17,10.07,10.04,10.11,archive
Well-06,2024-10-18,10.14,10.11,10.18,archive
Well-06,2024-10-19,10.22,10.19,10.26,archive
Well-06,2024-10-20,10.31,10.28,10.35,archive
Well-06,2024-10-21,10.42,10.39,10.46,archive
Well-06,2024-10-22,10.4,10.37,10.44,archive
Well-06,2024-10-23,10.4,10.37,10.44,archive
Well-06,2024-10-24,10.43,10.4,10.47,archive
Well-06,2024-10-25,10.5,10.47,10.54,archive
Well-06,2024-10-26,10.47,10.44,10.51,archive
Well-06,2024-10-27,10.53,10.5,10.57,archive
Well-06,2024-10-28,10.62,10.59,10.66,archive
Well-06,2024-10-29,10.65,10.62,10.69,archive
Well-06,2024-10-30,10.75,10.72,10.79,archive
Well-06,2024-10-31,10.69,10.66,10.73,archive
Well-06,2024-11-01,10.67,10.64,10.71,archive
Well-06,2024-11-02,10.74,10.71,10.78,archive
Well-06,2024-11-03,10.73,10.7,10.77,archive
Well-06,2024-11-04,10.78,10.75,10.82,archive
Well-06,2024-11-05,10.89,10.86,10.93,archive
Well-06,2024-11-06,11.01,10.98,11.05,archive
Well-06,2024-11-07,11.09,11.06,11.13,archive
Well-06,2024-11-08,11.22,11.19,11.26,archive
Well-06,2024-11-09,11.31,11.28,11.35,archive
Well-06,2024-11-10,11.92,11.89,11.96,archive
Well-06,2024-11-11,11.52,11.49,11.56,archive
Well-06,2024-11-12,11.61,11.58,11.65,archive
Well-06,2024-11-13,11.59,11.56,11.63,archive
Well-06,2024-11-14,11.65,11.62,11.69,archive
Well-06,2024-11-15,11.66,11.63,11.7,archive
Well-06,2024-11-16,11.69,11.66,11.73,archive
Well-06,2024-11-17,11.83,11.8,11.87,archive
Well-06,2024-11-18,11.9,11.87,11.94,archive
Well-06,2024-11-19,11.89,11.86,11.93,archive
Well-06,2024-11-20,11.85,11.82,11.89,archive
Well-06,2024-11-21,11.9,11.87,11.94,archive
Well-06,2024-11-22,11.96,11.93,12.0,archive
Well-06,2024-11-23,12.09,12.06,12.13,archive
Well-06,2024-11-24,12.2,12.17,12.24,archive
Well-06,2024-11-25,12.24,12.21,12.28,archive
Well-06,2024-11-26,12.31,12.28,12.35,archive
Well-06,2024-11-27,13.05,13.02,13.09,archive
Well-06,2024-11-28,12.32,12.29,12.36,archive
Well-06,2024-11-29,12.41,12.38,12.45,archive
Well-06,2024-11-30,12.49,12.46,12.53,archive
Well-06,2024-12-01,12.51,12.48,12.55,archive
Well-06,2024-12-02,12.58,12.55,12.62,archive
Well-06,2024-12-03,12.66,12.63,12.7,archive
Well-06,2024-12-04,12.74,12.71,12.78,archive
Well-06,2024-12-05,12.83,12.8,12.87,archive
Well-06,2024-12-06,12.8,12.77,12.84,archive
Well-06,2024-12-07,12.9,12.87,12.94,archive
Well-06,2024-12-08,12.96,12.93,13.0,archive
Well-06,2024-12-09,13.03,13.0,13.07,archive
Well-06,2024-12-10,13.08,13.05,13.12,archive
Well-06,2024-12-11,13.14,13.11,13.18,archive
Well-06,2024-12-12,13.2,13.17,13.24,archive
Well-06,2024-12-13,13.24,13.21,13.28,archive
Well-06,2024-12-14,13.27,13.24,13.31,archive
Well-06,2024-12-15,13.28,13.25,13.32,archive
Well-06,2024-12-16,13.31,13.28,13.35,archive
Well-06,2024-12-17,13.47,13.44,13.51,archive
Well-06,2024-12-18,13.49,13.46,13.53,archive
Well-06,2024-12-19,13.5,13.47,13.54,archive
Well-06,2024-12-20,13.5,13.47,13.54,archive
Well-06,2024-12-21,13.53,13.5,13.57,archive
Well-06,2024-12-22,13.59,13.56,13.63,archive
Well-06,2024-12-23,13.65,13.62,13.69,archive
Well-06,2024-12-24,13.7,13.67,13.74,archive
Well-06,2024-12-25,13.78,13.75,13.82,archive
Well-06,2024-12-26,13.85,13.82,13.89,archive
Well-06,2024-12-27,13.88,13.85,13.92,archive
Well-06,2024-12-28,13.9,13.87,13.94,archive
Well-06,2024-12-29,14.04,14.01,14.08,archive
Well-06,2024-12-30,14.12,14.09,14.16,archive
Well-06,2024-12-31,14.17,14.14,14.21,archive
Well-06,2025-01-01,14.19,14.16,14.23,archive
Well-06,2025-01-02,14.25,14.22,14.29,archive
Well-06,2025-01-03,14.33,14.3,14.37,archive
Well-06,2025-01-04,14.41,14.38,14.45,archive
Well-06,2025-01-05,14.45,14.42,14.49,archive
Well-06,2025-01-06,14.45,14.42,14.49,archive
Well-06,2025-01-07,14.53,14.5,14.57,archive
Well-06,2025-01-08,14.54,14.51,14.58,archive
Well-06,2025-01-09,14.56,14.53,14.6,archive
Well-06,2025-01-10,14.64,14.61,14.68,archive
Well-06,2025-01-11,14.67,14.64,14.71,archive
Well-06,2025-01-12,14.68,14.65,14.72,archive
Well-06,2025-01-13,14.72,14.69,14.76,archive
Well-06,2025-01-14,14.76,14.73,14.8,archive
Well-06,2025-01-15,14.89,14.86,14.93,archive
Well-06,2025-01-16,14.89,14.86,14.93,archive
Well-06,2025-01-17,14.83,14.8,14.87,archive
Well-06,2025-01-18,14.78,14.75,14.82,archive
Well-06,2025-01-19,14.8,14.77,14.84,archive
Well-06,2025-01-20,14.79,14.76,14.83,archive
Well-06,2025-01-21,14.77,14.74,14.81,archive
Well-06,2025-01-22,14.84,14.81,14.88,archive
Well-06,2025-01-23,14.9,14.87,14.94,archive
Well-06,2025-01-24,14.93,14.9,14.97,archive
Well-06,2025-01-25,15.02,14.99,15.06,archive
Well-06,2025-01-26,15.1,15.07,15.14,archive
Well-06,2025-01-27,15.1,15.07,15.14,archive
Well-06,2025-01-28,15.07,15.04,15.11,archive
Well-06,2025-01-29,15.18,15.15,15.22,archive
Well-06,2025-01-30,15.15,15.12,15.19,archive
Well-06,2025-01-31,15.14,15.11,15.18,archive
Well-06,2025-02-01,15.12,15.09,15.16,archive
Well-06,2025-02-02,15.26,15.23,15.3,archive
Well-06,2025-02-03,15.23,15.2,15.27,archive
Well-06,2025-02-04,15.24,15.21,15.28,archive
Well-06,2025-02-05,15.25,15.22,15.29,archive
Well-06,2025-02-06,15.37,15.34,15.41,archive
Well-06,2025-02-07,15.32,15.29,15.36,archive
Well-06,2025-02-08,15.35,15.32,15.39,archive
Well-06,2025-02-09,15.33,15.3,15.37,archive
Well-06,2025-02-10,15.36,15.33,15.4,archive
Well-06,2025-02-11,15.43,15.4,15.47,archive
Well-06,2025-02-12,16.36,16.33,16.4,archive
Well-06,2025-02-13,15.46,15.43,15.5,archive
Well-06,2025-02-14,15.44,15.41,15.48,archive
Well-06,2025-02-15,15.5,15.47,15.54,archive
Well-06,2025-02-16,15.51,15.48,15.55,archive
Well-06,2025-02-17,15.56,15.53,15.6,archive
Well-06,2025-02-18,15.57,15.54,15.61,archive
Well-06,2025-02-19,15.54,15.51,15.58,archive
Well-06,2025-02-20,15.52,15.49,15.56,archive
Well-06,2025-02-21,15.54,15.51,15.58,archive
Well-06,2025-02-22,15.58,15.55,15.62,archive
Well-06,2025-02-23,15.49,15.46,15.53,archive
Well-06,2025-02-24,15.53,15.5,15.57,archive
Well-06,2025-02-25,15.52,15.49,15.56,archive
Well-06,2025-02-26,15.5,15.47,15.54,archive
Well-06,2025-02-27,15.51,15.48,15.55,archive
Well-06,2025-02-28,15.46,15.43,15.5,archive
Well-06,2025-03-01,15.49,15.46,15.53,archive
Well-06,2025-03-02,15.45,15.42,15.49,archive
Well-06,2025-03-03,15.52,15.49,15.56,archive
Well-06,2025-03-04,15.47,15.44,15.51,archive
Well-06,2025-03-05,15.36,15.33,15.4,archive
Well-06,2025-03-06,15.44,15.41,15.48,archive
Well-06,2025-03-07,15.47,15.44,15.51,archive
Well-06,2025-03-08,15.46,15.43,15.5,archive
Well-06,2025-03-09,15.4,15.37,15.44,archive
Well-06,2025-03-10,15.37,15.34,15.41,archive
Well-06,2025-03-11,15.37,15.34,15.41,archive
Well-06,2025-03-12,15.39,15.36,15.43,archive
Well-06,2025-03-13,15.36,15.33,15.4,archive
Well-06,2025-03-14,15.36,15.33,15.4,archive
Well-06,2025-03-15,15.39,15.36,15.43,archive
Well-06,2025-03-16,15.32,15.29,15.36,archive
Well-06,2025-03-17,15.34,15.31,15.38,archive
Well-06,2025-03-18,15.37,15.34,15.41,archive
Well-06,2025-03-19,15.26,15.23,15.3,archive
Well-06,2025-03-20,15.25,15.22,15.29,archive
Well-06,2025-03-21,15.27,15.24,15.31,archive
Well-06,2025-03-22,15.19,15.16,15.23,archive
Well-06,2025-03-23,15.14,15.11,15.18,archive
Well-06,2025-03-24,15.12,15.09,15.16,archive
Well-06,2025-03-25,15.04,15.01,15.08,archive
Well-06,2025-03-26,15.09,15.06,15.13,archive
Well-06,2025-03-27,15.05,15.02,15.09,archive
Well-06,2025-03-28,14.99,14.96,15.03,archive
Well-06,2025-03-29,14.95,14.92,14.99,archive
Well-06,2025-03-30,14.84,14.81,14.88,archive
Well-06,2025-03-31,14.91,14.88,14.95,archive
Well-06,2025-04-01,14.94,14.91,14.98,archive
Well-06,2025-04-02,14.86,14.83,14.9,archive
Well-06,2025-04-03,14.79,14.76,14.83,archive
Well-06,2025-04-04,14.71,14.68,14.75,archive
Well-06,2025-04-05,14.69,14.66,14.73,archive
Well-06,2025-04-06,14.68,14.65,14.72,archive
Well-06,2025-04-07,14.69,14.66,14.73,archive
Well-06,2025-04-08,14.66,14.63,14.7,archive
Well-06,2025-04-09,14.56,14.53,14.6,archive
Well-06,2025-04-10,14.54,14.51,14.58,archive
Well-06,2025-04-11,14.46,14.43,14.5,archive
Well-06,2025-04-12,14.35,14.32,14.39,archive
Well-06,2025-04-13,14.32,14.29,14.36,archive
Well-06,2025-04-14,14.33,14.3,14.37,archive
Well-06,2025-04-15,14.33,14.3,14.37,archive
Well-06,2025-04-16,14.29,14.26,14.33,archive
Well-06,2025-04-17,14.21,14.18,14.25,archive
Well-06,2025-04-18,14.16,14.13,14.2,archive
Well-06,2025-04-19,14.16,14.13,14.2,archive
Well-06,2025-04-20,14.19,14.16,14.23,archive
Well-06,2025-04-21,14.16,14.13,14.2,archive
Well-06,2025-04-22,14.07,14.04,14.11,archive
Well-06,2025-04-23,14.05,14.02,14.09,archive
Well-06,2025-04-24,14.01,13.98,14.05,archive
Well-06,2025-04-25,14.03,14.0,14.07,archive
Well-06,2025-04-26,13.85,13.82,13.89,archive
Well-06,2025-04-27,13.64,13.61,13.68,archive
Well-06,2025-04-28,13.63,13.6,13.67,archive
Well-06,2025-04-29,13.6,13.57,13.64,archive
Well-06,2025-04-30,13.5,13.47,13.54,archive
Well-06,2025-05-01,13.49,13.46,13.53,archive
Well-06,2025-05-02,13.47,13.44,13.51,archive
Well-06,2025-05-03,13.44,13.41,13.48,archive
Well-06,2025-05-04,13.39,13.36,13.43,archive
Well-06,2025-05-05,13.33,13.3,13.37,archive
Well-06,2025-05-06,13.29,13.26,13.33,archive
Well-06,2025-05-07,13.21,13.18,13.25,archive
Well-06,2025-05-08,13.2,13.17,13.24,archive
Well-06,2025-05-09,13.24,13.21,13.28,archive
Well-06,2025-05-10,13.08,13.05,13.12,archive
Well-06,2025-05-11,13.03,13.0,13.07,archive
Well-06,2025-05-12,12.95,12.92,12.99,archive
Well-06,2025-05-13,12.86,12.83,12.9,archive
Well-06,2025-05-14,12.83,12.8,12.87,archive
Well-06,2025-05-15,12.71,12.68,12.75,archive
Well-06,2025-05-16,12.66,12.63,12.7,archive
Well-06,2025-05-17,12.6,12.57,12.64,archive
Well-06,2025-05-18,12.61,12.58,12.65,archive
Well-06,2025-05-19,12.59,12.56,12.63,archive
Well-06,2025-05-20,12.5,12.47,12.54,archive
Well-06,2025-05-21,12.44,12.41,12.48,archive
Well-06,2025-05-22,12.43,12.4,12.47,archive
Well-06,2025-05-23,12.32,12.29,12.36,archive
Well-06,2025-05-24,12.21,12.18,12.25,archive
Well-06,2025-05-25,12.17,12.14,12.21,archive
Well-06,2025-05-26,12.2,12.17,12.24,archive
Well-06,2025-05-27,12.17,12.14,12.21,archive
Well-06,2025-05-28,12.04,12.01,12.08,archive
Well-06,2025-05-29,11.98,11.95,12.02,archive
Well-06,2025-05-30,11.87,11.84,11.91,archive
Well-06,2025-05-31,11.76,11.73,11.8,archive
Well-06,2025-06-01,11.78,11.75,11.82,archive
Well-06,2025-06-02,11.67,11.64,11.71,archive
Well-06,2025-06-03,11.62,11.59,11.66,archive
Well-06,2025-06-04,11.61,11.58,11.65,archive
Well-06,2025-06-05,11.66,11.63,11.7,archive
Well-06,2025-06-06,11.66,11.63,11.7,archive
Well-06,2025-06-07,11.58,11.55,11.62,archive
Well-06,2025-06-08,11.44,11.41,11.48,archive
Well-06,2025-06-09,11.29,11.26,11.33,archive
Well-06,2025-06-10,11.14,11.11,11.18,archive
Well-06,2025-06-11,11.04,11.01,11.08,archive
Well-06,2025-06-12,11.06,11.03,11.1,archive
Well-06,2025-06-13,11.1,11.07,11.14,archive
Well-06,2025-06-14,11.05,11.02,11.09,archive
Well-06,2025-06-15,10.98,10.95,11.02,archive
Well-06,2025-06-16,10.95,10.92,10.99,archive
Well-06,2025-06-17,10.95,10.92,10.99,archive
Well-06,2025-06-18,10.9,10.87,10.94,archive
Well-06,2025-06-19,10.83,10.8,10.87,archive
Well-06,2025-06-20,10.83,10.8,10.87,archive
Well-06,2025-06-21,10.93,10.9,10.97,archive
Well-06,2025-06-22,10.9,10.87,10.94,archive
Well-06,2025-06-23,10.78,10.75,10.82,archive
Well-06,2025-06-24,10.69,10.66,10.73,archive
Well-06,2025-06-25,10.68,10.65,10.72,archive
Well-06,2025-06-26,10.63,10.6,10.67,archive
Well-06,2025-06-27,10.64,10.61,10.68,archive
Well-06,2025-06-28,10.67,10.64,10.71,archive
Well-06,2025-06-29,10.66,10.63,10.7,archive
Well-06,2025-06-30,10.6,10.57,10.64,archive
Well-06,2025-07-01,10.54,10.51,10.58,archive
Well-06,2025-07-02,10.54,10.51,10.58,archive
Well-06,2025-07-03,10.45,10.42,10.49,archive
Well-06,2025-07-04,10.4,10.37,10.44,archive
Well-06,2025-07-05,10.27,10.24,10.31,archive
Well-06,2025-07-06,10.17,10.14,10.21,archive
Well-06,2025-07-07,10.12,10.09,10.16,archive
Well-06,2025-07-08,10.15,10.12,10.19,archive
Well-06,2025-07-09,10.08,10.05,10.12,archive
Well-06,2025-07-10,10.1,10.07,10.14,archive
Well-06,2025-07-11,10.09,10.06,10.13,archive
Well-06,2025-07-12,10.06,10.03,10.1,archive
Well-06,2025-07-13,9.97,9.94,10.01,archive
Well-06,2025-07-14,9.85,9.82,9.89,archive
Well-06,2025-07-15,9.71,9.68,9.75,archive
Well-06,2025-07-16,9.56,9.53,9.6,archive
Well-06,2025-07-17,9.56,9.53,9.6,archive
Well-06,2025-07-18,9.5,9.47,9.54,archive
Well-06,2025-07-19,9.38,9.35,9.42,archive
Well-06,2025-07-20,9.45,9.42,9.49,archive
Well-06,2025-07-21,9.38,9.35,9.42,archive
Well-06,2025-07-22,9.39,9.36,9.43,archive
Well-06,2025-07-23,9.3,9.27,9.34,archive
Well-06,2025-07-24,9.25,9.22,9.29,archive
Well-06,2025-07-25,9.21,9.18,9.25,archive
Well-06,2025-07-26,9.13,9.1,9.17,archive
Well-06,2025-07-27,9.04,9.01,9.08,archive
Well-06,2025-07-28,9.08,9.05,9.12,archive
Well-06,2025-07-29,9.05,9.02,9.09,archive
Well-06,2025-07-30,8.94,8.91,8.98,archive
Well-06,2025-07-31,8.98,8.95,9.02,archive
Well-06,2025-08-01,8.99,8.96,9.03,archive
Well-06,2025-08-02,9.02,8.99,9.06,archive
Well-06,2025-08-03,9.05,9.02,9.09,archive
Well-06,2025-08-04,9.02,8.99,9.06,archive
Well-06,2025-08-05,9.0,8.97,9.04,archive
Well-06,2025-08-06,9.07,9.04,9.11,archive
Well-06,2025-08-07,9.07,9.04,9.11,archive
Well-06,2025-08-08,9.07,9.04,9.11,archive
Well-06,2025-08-09,9.04,9.01,9.08,archive
Well-06,2025-08-10,9.04,9.01,9.08,archive
Well-06,2025-08-11,8.99,8.96,9.03,archive
Well-06,2025-08-12,9.03,9.0,9.07,archive
Well-06,2025-08-13,8.96,8.93,9.0,archive
Well-06,2025-08-14,8.98,8.95,9.02,archive
Well-06,2025-08-15,8.98,8.95,9.02,archive
Well-06,2025-08-16,9.0,8.97,9.04,archive
Well-06,2025-08-17,8.93,8.9,8.97,archive
Well-06,2025-08-18,8.97,8.94,9.01,archive
Well-06,2025-08-19,9.06,9.03,9.1,archive
Well-06,2025-08-20,9.06,9.03,9.1,archive
Well-06,2025-08-21,9.04,9.01,9.08,archive
Well-06,2025-08-22,8.95,8.92,8.99,archive
Well-06,2025-08-23,8.93,8.9,8.97,archive
Well-06,2025-08-24,8.95,8.92,8.99,archive
Well-06,2025-08-25,8.92,8.89,8.96,archive
Well-06,2025-08-26,8.93,8.9,8.97,archive
Well-06,2025-08-27,9.04,9.01,9.08,archive
Well-06,2025-08-28,9.07,9.04,9.11,archive
Well-06,2025-08-29,9.09,9.06,9.13,archive
Well-06,2025-08-30,9.02,8.99,9.06,archive
Well-06,2025-08-31,8.97,8.94,9.01,archive
Well-06,2025-09-01,9.07,9.04,9.11,archive
Well-06,2025-09-02,9.03,9.0,9.07,archive
Well-06,2025-09-03,9.01,8.98,9.05,archive
Well-06,2025-09-04,9.08,9.05,9.12,archive
Well-06,2025-09-05,8.95,8.92,8.99,archive
Well-06,2025-09-06,8.96,8.93,9.0,archive
Well-06,2025-09-07,8.95,8.92,8.99,archive
Well-06,2025-09-08,8.92,8.89,8.96,archive
Well-06,2025-09-09,8.96,8.93,9.0,archive
Well-06,2025-09-10,8.96,8.93,9.0,archive
Well-06,2025-09-11,8.95,8.92,8.99,archive
Well-06,2025-09-12,8.99,8.96,9.03,archive
Well-06,2025-09-13,8.98,8.95,9.02,archive
Well-06,2025-09-14,9.02,8.99,9.06,archive
Well-06,2025-09-15,8.97,8.94,9.01,archive
Well-06,2025-09-16,9.02,8.99,9.06,archive
Well-06,2025-09-17,8.95,8.92,8.99,archive
Well-06,2025-09-18,8.93,8.9,8.97,archive
Well-06,2025-09-19,8.94,8.91,8.98,archive
Well-06,2025-09-20,8.9,8.87,8.94,archive
Well-06,2025-09-21,8.95,8.92,8.99,archive
Well-06,2025-09-22,8.97,8.94,9.01,archive
Well-06,2025-09-23,8.98,8.95,9.02,archive
Well-06,2025-09-24,9.1,9.07,9.14,archive
Well-06,2025-09-25,9.08,9.05,9.12,archive
Well-06,2025-09-26,9.16,9.13,9.2,archive
Well-06,2025-09-27,9.23,9.2,9.27,archive
Well-06,2025-09-28,9.24,9.21,9.28,archive
Well-06,2025-09-29,9.26,9.23,9.3,archive
Well-06,2025-09-30,9.32,9.29,9.36,archive
Well-06,2025-10-01,9.39,9.36,9.43,archive
Well-06,2025-10-02,9.36,9.33,9.4,archive
Well-06,2025-10-03,9.25,9.22,9.29,archive
Well-06,2025-10-04,9.31,9.28,9.35,archive
Well-06,2025-10-05,9.35,9.32,9.39,archive
Well-06,2025-10-06,9.34,9.31,9.38,archive
Well-06,2025-10-07,9.34,9.31,9.38,archive
Well-06,2025-10-08,9.29,9.26,9.33,archive
Well-06,2025-10-09,9.32,9.29,9.36,archive
Well-06,2025-10-10,9.36,9.33,9.4,archive
Well-06,2025-10-11,9.43,9.4,9.47,archive
Well-06,2025-10-12,9.45,9.42,9.49,archive
Well-06,2025-10-13,9.48,9.45,9.52,archive
Well-06,2025-10-14,9.57,9.54,9.61,archive
Well-06,2025-10-15,9.61,9.58,9.65,archive
Well-06,2025-10-16,9.7,9.67,9.74,archive
Well-06,2025-10-17,9.88,9.85,9.92,archive
Well-06,2025-10-18,9.98,9.95,10.02,archive
Well-06,2025-10-19,10.03,10.0,10.07,archive
Well-06,2025-10-20,10.09,10.06,10.13,archive
Well-06,2025-10-21,10.02,9.99,10.06,archive
Well-06,2025-10-22,10.09,10.06,10.13,archive
Well-06,2025-10-23,10.16,10.13,10.2,archive
Well-06,2025-10-24,10.22,10.19,10.26,archive
Well-06,2025-10-25,10.33,10.3,10.37,archive
Well-06,2025-10-26,10.42,10.39,10.46,archive
Well-06,2025-10-27,10.42,10.39,10.46,archive
Well-06,2025-10-28,11.09,11.06,11.13,archive
Well-06,2025-10-29,10.64,10.61,10.68,archive
Well-06,2025-10-30,10.69,10.66,10.73,archive
Well-06,2025-10-31,10.72,10.69,10.76,archive
Well-06,2025-11-01,10.79,10.76,10.83,archive
Well-06,2025-11-02,10.77,10.74,10.81,archive
Well-06,2025-11-03,10.86,10.83,10.9,archive
Well-06,2025-11-04,10.82,10.79,10.86,archive
Well-06,2025-11-05,11.01,10.98,11.05,archive
Well-06,2025-11-06,11.07,11.04,11.11,archive
Well-06,2025-11-07,11.19,11.16,11.23,archive
Well-06,2025-11-08,11.29,11.26,11.33,archive
Well-06,2025-11-09,11.35,11.32,11.39,archive
Well-06,2025-11-10,11.45,11.42,11.49,archive
Well-06,2025-11-11,11.52,11.49,11.56,archive
Well-06,2025-11-12,11.54,11.51,11.58,archive
Well-06,2025-11-13,11.63,11.6,11.67,archive
Well-06,2025-11-14,11.64,11.61,11.68,archive
Well-06,2025-11-15,11.69,11.66,11.73,archive
Well-06,2025-11-16,11.8,11.77,11.84,archive
Well-06,2025-11-17,11.91,11.88,11.95,archive
Well-06,2025-11-18,11.83,11.8,11.87,archive
Well-06,2025-11-19,11.84,11.81,11.88,archive
Well-06,2025-11-20,11.85,11.82,11.89,archive
Well-06,2025-11-21,11.95,11.92,11.99,archive
Well-06,2025-11-22,11.96,11.93,12.0,archive
Well-06,2025-11-23,12.03,12.0,12.07,archive
Well-06,2025-11-24,12.06,12.03,12.1,archive
Well-06,2025-11-25,12.14,12.11,12.18,archive
Well-06,2025-11-26,12.25,12.22,12.29,archive
Well-06,2025-11-27,12.29,12.26,12.33,archive
Well-06,2025-11-28,12.29,12.26,12.33,archive
Well-06,2025-11-29,12.31,12.28,12.35,archive
Well-06,2025-11-30,12.38,12.35,12.42,archive
Well-06,2025-12-01,12.34,12.31,12.38,archive
Well-06,2025-12-02,12.39,12.36,12.43,archive
Well-06,2025-12-03,12.49,12.46,12.53,archive
Well-06,2025-12-04,12.53,12.5,12.57,archive
Well-06,2025-12-05,12.65,12.62,12.69,archive
Well-06,2025-12-06,12.76,12.73,12.8,archive
Well-06,2025-12-07,12.84,12.81,12.88,archive
Well-06,2025-12-08,12.92,12.89,12.96,archive
Well-06,2025-12-09,12.89,12.86,12.93,archive
Well-06,2025-12-10,13.02,12.99,13.06,archive
Well-06,2025-12-11,13.1,13.07,13.14,archive
Well-06,2025-12-12,13.2,13.17,13.24,archive
Well-06,2025-12-13,13.23,13.2,13.27,archive
Well-06,2025-12-14,13.34,13.31,13.38,archive
Well-06,2025-12-15,13.43,13.4,13.47,live
Well-06,2025-12-16,13.48,13.45,13.52,live
Well-06,2025-12-17,13.5,13.47,13.54,live
Well-06,2025-12-18,13.49,13.46,13.53,live
Well-06,2025-12-19,15.05,15.02,15.09,live
Well-06,2025-12-20,13.43,13.4,13.47,live
Well-06,2025-12-21,13.46,13.43,13.5,live
Well-06,2025-12-22,13.51,13.48,13.55,live
Well-06,2025-12-23,13.54,13.51,13.58,live
Well-06,2025-12-24,13.57,13.54,13.61,live
Well-06,2025-12-25,13.63,13.6,13.67,live
Well-06,2025-12-26,13.69,13.66,13.73,live
Well-06,2025-12-27,13.69,13.66,13.73,live
Well-06,2025-12-28,13.76,13.73,13.8,live
Well-06,2025-12-29,13.75,13.72,13.79,live
Well-06,2025-12-30,13.77,13.74,13.81,live
Well-06,2025-12-31,13.85,13.82,13.89,live
Well-06,2026-01-01,13.83,13.8,13.87,live
Well-06,2026-01-02,13.88,13.85,13.92,live
Well-06,2026-01-03,13.91,13.88,13.95,live
Well-06,2026-01-04,14.04,14.01,14.08,live
Well-06,2026-01-05,14.14,14.11,14.18,live
Well-06,2026-01-06,14.23,14.2,14.27,live
Well-06,2026-01-07,14.34,14.31,14.38,live
Well-06,2026-01-08,14.39,14.36,14.43,live
Well-06,2026-01-09,14.42,14.39,14.46,live
Well-06,2026-01-10,14.46,14.43,14.5,live
Well-06,2026-01-11,14.56,14.53,14.6,live
Well-06,2026-01-12,14.53,14.5,14.57,live
Well-06,2026-01-13,14.44,14.41,14.48,live
Well-06,2026-01-14,14.46,14.43,14.5,live
Well-06,2026-01-15,14.49,14.46,14.53,live
Well-06,2026-01-16,14.55,14.52,14.59,live
Well-06,2026-01-17,14.57,14.54,14.61,live
Well-06,2026-01-18,14.6,14.57,14.64,live
Well-06,2026-01-19,14.68,14.65,14.72,live
Well-06,2026-01-20,14.68,14.65,14.72,live
Well-06,2026-01-21,14.75,14.72,14.79,live
Well-06,2026-01-22,14.77,14.74,14.81,live
Well-06,2026-01-23,14.8,14.77,14.84,live
Well-06,2026-01-24,14.8,14.77,14.84,live
Well-06,2026-01-25,14.82,14.79,14.86,live
Well-06,2026-01-26,14.82,14.79,14.86,live
Well-06,2026-01-27,14.86,14.83,14.9,live
Well-06,2026-01-28,14.96,14.93,15.0,live
Well-06,2026-01-29,16.22,16.19,16.26,live
Well-06,2026-01-30,14.98,14.95,15.02,live
Well-06,2026-01-31,15.01,14.98,15.05,live
Well-06,2026-02-01,15.03,15.0,15.07,live
Well-06,2026-02-02,15.09,15.06,15.13,live
Well-06,2026-02-03,15.14,15.11,15.18,live
Well-06,2026-02-04,15.15,15.12,15.19,live
Well-06,2026-02-05,15.14,15.11,15.18,live
Well-06,2026-02-06,15.28,15.25,15.32,live
Well-06,2026-02-07,15.39,15.36,15.43,live
Well-06,2026-02-08,15.44,15.41,15.48,live
Well-06,2026-02-09,15.42,15.39,15.46,live
Well-06,2026-02-10,15.4,15.37,15.44,live
Well-06,2026-02-11,15.48,15.45,15.52,live
Well-06,2026-02-12,15.47,15.44,15.51,live
Well-06,2026-02-13,15.47,15.44,15.51,live
Well-06,2026-02-14,15.41,15.38,15.45,live
Well-06,2026-02-15,15.35,15.32,15.39,live
Well-06,2026-02-16,15.28,15.25,15.32,live
Well-06,2026-02-17,15.31,15.28,15.35,live
Well-06,2026-02-18,15.34,15.31,15.38,live
Well-06,2026-02-19,15.27,15.24,15.31,live
Well-06,2026-02-20,15.3,15.27,15.34,live
Well-06,2026-02-21,15.38,15.35,15.42,live
Well-06,2026-02-22,15.4,15.37,15.44,live
Well-06,2026-02-23,15.32,15.29,15.36,live
Well-06,2026-02-24,15.3,15.27,15.34,live
Well-06,2026-02-25,15.3,15.27,15.34,live
Well-06,2026-02-26,15.32,15.29,15.36,live
Well-06,2026-02-27,15.36,15.33,15.4,live
Well-06,2026-02-28,15.37,15.34,15.41,live
Well-06,2026-03-01,15.35,15.32,15.39,live
Well-06,2026-03-02,15.31,15.28,15.35,live
Well-06,2026-03-03,15.23,15.2,15.27,live
Well-06,2026-03-04,15.22,15.19,15.26,live
Well-06,2026-03-05,15.12,15.09,15.16,live
Well-06,2026-03-06,15.16,15.13,15.2,live
Well-06,2026-03-07,15.16,15.13,15.2,live
Well-06,2026-03-08,15.15,15.12,15.19,live
Well-06,2026-03-09,15.2,15.17,15.24,live
Well-06,2026-03-10,15.14,15.11,15.18,live
Well-06,2026-03-11,15.1,15.07,15.14,live
Well-06,2026-03-12,15.11,15.08,15.15,live
Well-06,2026-03-13,15.17,15.14,15.21,live
Well-06,2026-03-14,15.21,15.18,15.25,live
Well-06,2026-03-15,15.21,15.18,15.25,live
Well-06,2026-03-16,15.26,15.23,15.3,live
Well-06,2026-03-17,15.26,15.23,15.3,live
Well-06,2026-03-18,15.17,15.14,15.21,live
Well-06,2026-03-19,15.14,15.11,15.18,live
Well-06,2026-03-20,15.11,15.08,15.15,live
Well-06,2026-03-21,15.13,15.1,15.17,live
Well-06,2026-03-22,15.06,15.03,15.1,live
Well-06,2026-03-23,15.01,14.98,15.05,live
Well-06,2026-03-24,15.01,14.98,15.05,live
Well-06,2026-03-25,14.95,14.92,14.99,live
Well-06,2026-03-26,14.91,14.88,14.95,live
Well-06,2026-03-27,14.84,14.81,14.88,live
Well-06,2026-03-28,14.8,14.77,14.84,live
Well-06,2026-03-29,14.85,14.82,14.89,live
Well-06,2026-03-30,14.77,14.74,14.81,live
Well-06,2026-03-31,14.74,14.71,14.78,live
Well-06,2026-04-01,14.6,14.57,14.64,live
Well-06,2026-04-02,14.69,14.66,14.73,live
Well-06,2026-04-03,14.66,14.63,14.7,live
Well-06,2026-04-04,14.72,14.69,14.76,live
Well-06,2026-04-05,14.66,14.63,14.7,live
Well-06,2026-04-06,14.64,14.61,14.68,live
Well-06,2026-04-07,14.59,14.56,14.63,live
Well-06,2026-04-08,14.59,14.56,14.63,live
Well-06,2026-04-09,14.47,14.44,14.51,live
Well-06,2026-04-10,14.41,14.38,14.45,live
Well-06,2026-04-11,14.35,14.32,14.39,live
Well-06,2026-04-12,14.25,14.22,14.29,live
Well-06,2026-04-13,14.22,14.19,14.26,live
Well-06,2026-04-14,14.16,14.13,14.2,live
Well-06,2026-04-15,14.2,14.17,14.24,live
Well-06,2026-04-16,14.1,14.07,14.14,live
Well-06,2026-04-17,14.03,14.0,14.07,live
Well-06,2026-04-18,13.95,13.92,13.99,live
Well-06,2026-04-19,13.96,13.93,14.0,live
Well-06,2026-04-20,13.96,13.93,14.0,live
Well-06,2026-04-21,14.03,14.0,14.07,live
Well-06,2026-04-22,14.0,13.97,14.04,live
Well-06,2026-04-23,13.96,13.93,14.0,live
Well-06,2026-04-24,13.94,13.91,13.98,live
Well-06,2026-04-25,13.86,13.83,13.9,live
Well-06,2026-04-26,13.77,13.74,13.81,live
Well-06,2026-04-27,13.71,13.68,13.75,live
Well-06,2026-04-28,13.69,13.66,13.73,live
Well-06,2026-04-29,13.58,13.55,13.62,live
Well-06,2026-04-30,13.55,13.52,13.59,live
Well-06,2026-05-01,13.46,13.43,13.5,live
Well-06,2026-05-02,13.46,13.43,13.5,live
Well-06,2026-05-03,13.41,13.38,13.45,live
Well-06,2026-05-04,13.44,13.41,13.48,live
Well-06,2026-05-05,13.36,13.33,13.4,live
Well-06,2026-05-06,13.29,13.26,13.33,live
Well-06,2026-05-07,13.3,13.27,13.34,live
Well-06,2026-05-08,13.25,13.22,13.29,live
Well-06,2026-05-09,13.21,13.18,13.25,live
Well-06,2026-05-10,13.13,13.1,13.17,live
Well-06,2026-05-11,13.12,13.09,13.16,live
Well-06,2026-05-12,13.01,12.98,13.05,live
Well-06,2026-05-13,12.93,12.9,12.97,live
Well-06,2026-05-14,12.85,12.82,12.89,live
Well-06,2026-05-15,12.74,12.71,12.78,live
Well-06,2026-05-16,12.7,12.67,12.74,live
Well-06,2026-05-17,12.64,12.61,12.68,live
Well-06,2026-05-18,12.51,12.48,12.55,live
Well-06,2026-05-19,12.44,12.41,12.48,live
Well-06,2026-05-20,12.36,12.33,12.4,live
Well-06,2026-05-21,12.33,12.3,12.37,live
Well-06,2026-05-22,12.28,12.25,12.32,live
Well-06,2026-05-23,12.28,12.25,12.32,live
Well-06,2026-05-24,12.24,12.21,12.28,live
Well-06,2026-05-25,12.19,12.16,12.23,live
Well-06,2026-05-26,12.22,12.19,12.26,live
Well-06,2026-05-27,12.12,12.09,12.16,live
Well-06,2026-05-28,12.05,12.02,12.09,live
Well-06,2026-05-29,11.94,11.91,11.98,live
Well-06,2026-05-30,11.93,11.9,11.97,live
Well-06,2026-05-31,11.88,11.85,11.92,live
Well-06,2026-06-01,11.8,11.77,11.84,live
Well-06,2026-06-02,11.81,11.78,11.85,live
Well-06,2026-06-03,11.72,11.69,11.76,live
Well-06,2026-06-04,11.57,11.54,11.61,live
Well-06,2026-06-05,11.53,11.5,11.57,live
Well-06,2026-06-06,11.45,11.42,11.49,live
Well-06,2026-06-07,11.41,11.38,11.45,live
Well-06,2026-06-08,11.32,11.29,11.36,live
Well-06,2026-06-09,11.35,11.32,11.39,live
Well-06,2026-06-10,11.38,11.35,11.42,live
Well-06,2026-06-11,11.36,11.33,11.4,live
Well-06,2026-06-12,11.31,11.28,11.35,live
Well-06,2026-06-13,11.36,11.33,11.4,live
Well-06,2026-06-14,11.29,11.26,11.33,live
Well-06,2026-06-15,11.2,11.17,11.24,live
Well-06,2026-06-16,11.15,11.12,11.19,live
Well-06,2026-06-17,11.09,11.06,11.13,live
Well-06,2026-06-18,11.01,10.98,11.05,live
Well-06,2026-06-19,10.9,10.87,10.94,live
Well-06,2026-06-20,10.83,10.8,10.87,live
Well-06,2026-06-21,10.81,10.78,10.85,live
Well-06,2026-06-22,10.79,10.76,10.83,live
Well-06,2026-06-23,10.73,10.7,10.77,live
Well-06,2026-06-24,10.61,10.58,10.65,live
Well-06,2026-06-25,10.5,10.47,10.54,live
Well-06,2026-06-26,10.4,10.37,10.44,live
Well-06,2026-06-27,10.44,10.41,10.48,live
Well-06,2026-06-28,10.4,10.37,10.44,live
Well-06,2026-06-29,10.27,10.24,10.31,live
Well-06,2026-06-30,10.33,10.3,10.37,live
Well-06,2026-07-01,10.38,10.35,10.42,live
Well-06,2026-07-02,10.3,10.27,10.34,live
Well-06,2026-07-03,10.25,10.22,10.29,live
Well-06,2026-07-04,10.23,10.2,10.27,live
Well-06,2026-07-05,10.13,10.1,10.17,live
Well-06,2026-07-06,10.15,10.12,10.19,live
Well-06,2026-07-07,10.18,10.15,10.22,live
Well-06,2026-07-08,10.15,10.12,10.19,live
Well-06,2026-07-09,10.11,10.08,10.15,live
Well-06,2026-07-10,10.05,10.02,10.09,live
Well-06,2026-07-11,9.95,9.92,9.99,live
Well-06,2026-07-12,9.91,9.88,9.95,live
Well-06,2026-07-13,9.86,9.83,9.9,live
Well-06,2026-07-14,9.8,9.77,9.84,live
Well-06,2026-07-15,9.74,9.71,9.78,live
Well-06,2026-07-16,9.7,9.67,9.74,live
Well-06,2026-07-17,9.7,9.67,9.74,live
Well-06,2026-07-18,9.67,9.64,9.71,live
Well-06,2026-07-19,9.65,9.62,9.69,live
Well-06,2026-07-20,9.62,9.59,9.66,live
Well-06,2026-07-21,9.59,9.56,9.63,live
Well-06,2026-07-22,9.56,9.53,9.6,live
Well-06,2026-07-23,9.54,9.51,9.58,live
Well-06,2026-07-24,9.46,9.43,9.5,live
Well-06,2026-07-25,9.4,9.37,9.44,live
Well-06,2026-07-26,9.2,9.17,9.24,live
Well-06,2026-07-27,9.26,9.23,9.3,live
Well-06,2026-07-28,9.32,9.29,9.36,live
Well-06,2026-07-29,9.33,9.3,9.37,live
Well-06,2026-07-30,9.3,9.27,9.34,live
Well-06,2026-07-31,9.17,9.14,9.21,live
Well-06,2026-08-01,9.11,9.08,9.15,live
Well-06,2026-08-02,8.99,8.96,9.03,live
Well-06,2026-08-03,8.96,8.93,9.0,live
Well-06,2026-08-04,8.94,8.91,8.98,live
Well-06,2026-08-05,8.91,8.88,8.95,live
Well-06,2026-08-06,8.88,8.85,8.92,live
Well-06,2026-08-07,8.92,8.89,8.96,live
Well-06,2026-08-08,8.82,8.79,8.86,live
Well-06,2026-08-09,8.75,8.72,8.79,live
Well-06,2026-08-10,8.71,8.68,8.75,live
Well-06,2026-08-11,8.7,8.67,8.74,live
Well-06,2026-08-12,8.81,8.78,8.85,live
Well-06,2026-08-13,8.78,8.75,8.82,live
Well-06,2026-08-14,8.8,8.77,8.84,live
Well-06,2026-08-15,8.74,8.71,8.78,live
Well-06,2026-08-16,8.6,8.57,8.64,live
Well-06,2026-08-17,8.52,8.49,8.56,live
Well-06,2026-08-18,8.55,8.52,8.59,live
Well-06,2026-08-19,8.57,8.54,8.61,live
Well-06,2026-08-20,8.6,8.57,8.64,live
Well-06,2026-08-21,8.68,8.65,8.72,live
Well-06,2026-08-22,8.7,8.67,8.74,live
Well-06,2026-08-23,8.78,8.75,8.82,live
Well-06,2026-08-24,8.73,8.7,8.77,live
Well-06,2026-08-25,8.69,8.66,8.73,live
Well-06,2026-08-26,8.63,8.6,8.67,live
Well-06,2026-08-27,8.61,8.58,8.65,live
Well-06,2026-08-28,8.61,8.58,8.65,live
Well-06,2026-08-29,8.58,8.55,8.62,live
Well-06,2026-08-30,8.69,8.66,8.73,live
Well-06,2026-08-31,8.78,8.75,8.82,live
Well-06,2026-09-01,8.82,8.79,8.86,live
Well-06,2026-09-02,8.93,8.9,8.97,live
Well-06,2026-09-03,9.0,8.97,9.04,live
Well-06,2026-09-04,9.0,8.97,9.04,live
Well-06,2026-09-05,8.99,8.96,9.03,live
Well-06,2026-09-06,9.04,9.01,9.08,live
Well-06,2026-09-07,9.04,9.01,9.08,live
Well-06,2026-09-08,9.03,9.0,9.07,live
Well-06,2026-09-09,9.01,8.98,9.05,live
Well-06,2026-09-10,9.01,8.98,9.05,live
Well-06,2026-09-11,8.99,8.96,9.03,live
Well-06,2026-09-12,8.98,8.95,9.02,live
Well-06,2026-09-13,8.99,8.96,9.03,live
Well-06,2026-09-14,9.12,9.09,9.16,live
Well-06,2026-09-15,9.13,9.1,9.17,live
Well-06,2026-09-16,9.21,9.18,9.25,live
Well-06,2026-09-17,9.27,9.24,9.31,live
Well-06,2026-09-18,9.26,9.23,9.3,live
Well-06,2026-09-19,9.22,9.19,9.26,live
Well-06,2026-09-20,9.24,9.21,9.28,live
Well-06,2026-09-21,9.11,9.08,9.15,live
Well-06,2026-09-22,9.13,9.1,9.17,live
Well-06,2026-09-23,9.22,9.19,9.26,live
Well-06,2026-09-24,9.23,9.2,9.27,live
Well-08,2023-04-01,15.92,15.89,15.96,archive
Well-08,2023-04-02,15.91,15.88,15.95,archive
Well-08,2023-04-03,15.91,15.88,15.95,archive
Well-08,2023-04-04,15.97,15.94,16.01,archive
Well-08,2023-04-05,15.92,15.89,15.96,archive
Well-08,2023-04-06,15.92,15.89,15.96,archive
Well-08,2023-04-07,15.85,15.82,15.89,archive
Well-08,2023-04-08,15.78,15.75,15.82,archive
Well-08,2023-04-09,15.74,15.71,15.78,archive
Well-08,2023-04-10,15.65,15.62,15.69,archive
Well-08,2023-04-11,15.62,15.59,15.66,archive
Well-08,2023-04-12,15.6,15.57,15.64,archive
Well-08,2023-04-13,15.65,15.62,15.69,archive
Well-08,2023-04-14,15.54,15.51,15.58,archive
Well-08,2023-04-15,15.46,15.43,15.5,archive
Well-08,2023-04-16,15.57,15.54,15.61,archive
Well-08,2023-04-17,15.52,15.49,15.56,archive
Well-08,2023-04-18,15.42,15.39,15.46,archive
Well-08,2023-04-19,15.42,15.39,15.46,archive
Well-08,2023-04-20,15.36,15.33,15.4,archive
Well-08,2023-04-21,15.25,15.22,15.29,archive
Well-08,2023-04-22,15.16,15.13,15.2,archive
Well-08,2023-04-23,15.1,15.07,15.14,archive
Well-08,2023-04-24,15.05,15.02,15.09,archive
Well-08,2023-04-25,14.94,14.91,14.98,archive
Well-08,2023-04-26,14.79,14.76,14.83,archive
Well-08,2023-04-27,14.67,14.64,14.71,archive
Well-08,2023-04-28,14.67,14.64,14.71,archive
Well-08,2023-04-29,14.67,14.64,14.71,archive
Well-08,2023-04-30,14.61,14.58,14.65,archive
Well-08,2023-05-01,14.5,14.47,14.54,archive
Well-08,2023-05-02,14.4,14.37,14.44,archive
Well-08,2023-05-03,14.32,14.29,14.36,archive
Well-08,2023-05-04,14.24,14.21,14.28,archive
Well-08,2023-05-05,14.17,14.14,14.21,archive
Well-08,2023-05-06,14.11,14.08,14.15,archive
Well-08,2023-05-07,14.12,14.09,14.16,archive
Well-08,2023-05-08,14.0,13.97,14.04,archive
Well-08,2023-05-09,13.86,13.83,13.9,archive
Well-08,2023-05-10,13.85,13.82,13.89,archive
Well-08,2023-05-11,13.85,13.82,13.89,archive
Well-08,2023-05-12,13.79,13.76,13.83,archive
Well-08,2023-05-13,13.71,13.68,13.75,archive
Well-08,2023-05-14,13.62,13.59,13.66,archive
Well-08,2023-05-15,13.52,13.49,13.56,archive
Well-08,2023-05-16,13.45,13.42,13.49,archive
Well-08,2023-05-17,13.31,13.28,13.35,archive
Well-08,2023-05-18,13.19,13.16,13.23,archive
Well-08,2023-05-19,13.1,13.07,13.14,archive
Well-08,2023-05-20,13.13,13.1,13.17,archive
Well-08,2023-05-21,13.05,13.02,13.09,archive
Well-08,2023-05-22,12.99,12.96,13.03,archive
Well-08,2023-05-23,13.0,12.97,13.04,archive
Well-08,2023-05-24,12.97,12.94,13.01,archive
Well-08,2023-05-25,12.9,12.87,12.94,archive
Well-08,2023-05-26,12.76,12.73,12.8,archive
Well-08,2023-05-27,12.7,12.67,12.74,archive
Well-08,2023-05-28,12.57,12.54,12.61,archive
Well-08,2023-05-29,12.52,12.49,12.56,archive
Well-08,2023-05-30,12.49,12.46,12.53,archive
Well-08,2023-05-31,12.41,12.38,12.45,archive
Well-08,2023-06-01,12.22,12.19,12.26,archive
Well-08,2023-06-02,12.28,12.25,12.32,archive
Well-08,2023-06-03,12.21,12.18,12.25,archive
Well-08,2023-06-04,12.18,12.15,12.22,archive
Well-08,2023-06-05,12.19,12.16,12.23,archive
Well-08,2023-06-06,12.12,12.09,12.16,archive
Well-08,2023-06-07,12.1,12.07,12.14,archive
Well-08,2023-06-08,11.97,11.94,12.01,archive
Well-08,2023-06-09,11.88,11.85,11.92,archive
Well-08,2023-06-10,11.88,11.85,11.92,archive
Well-08,2023-06-11,11.83,11.8,11.87,archive
Well-08,2023-06-12,11.77,11.74,11.81,archive
Well-08,2023-06-13,11.74,11.71,11.78,archive
Well-08,2023-06-14,11.66,11.63,11.7,archive
Well-08,2023-06-15,11.6,11.57,11.64,archive
Well-08,2023-06-16,11.49,11.46,11.53,archive
Well-08,2023-06-17,11.52,11.49,11.56,archive
Well-08,2023-06-18,11.46,11.43,11.5,archive
Well-08,2023-06-19,11.39,11.36,11.43,archive
Well-08,2023-06-20,11.29,11.26,11.33,archive
Well-08,2023-06-21,11.19,11.16,11.23,archive
Well-08,2023-06-22,11.08,11.05,11.12,archive
Well-08,2023-06-23,11.02,10.99,11.06,archive
Well-08,2023-06-24,11.01,10.98,11.05,archive
Well-08,2023-06-25,10.98,10.95,11.02,archive
Well-08,2023-06-26,10.96,10.93,11.0,archive
Well-08,2023-06-27,10.85,10.82,10.89,archive
Well-08,2023-06-28,10.8,10.77,10.84,archive
Well-08,2023-06-29,10.74,10.71,10.78,archive
Well-08,2023-06-30,10.71,10.68,10.75,archive
Well-08,2023-07-01,10.62,10.59,10.66,archive
Well-08,2023-07-02,10.48,10.45,10.52,archive
Well-08,2023-07-03,10.35,10.32,10.39,archive
Well-08,2023-07-04,10.25,10.22,10.29,archive
Well-08,2023-07-05,10.18,10.15,10.22,archive
Well-08,2023-07-06,10.12,10.09,10.16,archive
Well-08,2023-07-07,10.02,9.99,10.06,archive
Well-08,2023-07-08,10.0,9.97,10.04,archive
Well-08,2023-07-09,9.9,9.87,9.94,archive
Well-08,2023-07-10,9.78,9.75,9.82,archive
Well-08,2023-07-11,9.77,9.74,9.81,archive
Well-08,2023-07-12,9.77,9.74,9.81,archive
Well-08,2023-07-13,9.71,9.68,9.75,archive
Well-08,2023-07-14,9.67,9.64,9.71,archive
Well-08,2023-07-15,9.65,9.62,9.69,archive
Well-08,2023-07-16,9.61,9.58,9.65,archive
Well-08,2023-07-17,9.52,9.49,9.56,archive
Well-08,2023-07-18,9.5,9.47,9.54,archive
Well-08,2023-07-19,9.47,9.44,9.51,archive
Well-08,2023-07-20,9.47,9.44,9.51,archive
Well-08,2023-07-21,9.4,9.37,9.44,archive
Well-08,2023-07-22,9.44,9.41,9.48,archive
Well-08,2023-07-23,9.38,9.35,9.42,archive
Well-08,2023-07-24,9.29,9.26,9.33,archive
Well-08,2023-07-25,9.36,9.33,9.4,archive
Well-08,2023-07-26,9.32,9.29,9.36,archive
Well-08,2023-07-27,9.35,9.32,9.39,archive
Well-08,2023-07-28,9.22,9.19,9.26,archive
Well-08,2023-07-29,9.13,9.1,9.17,archive
Well-08,2023-07-30,9.14,9.11,9.18,archive
Well-08,2023-07-31,9.05,9.02,9.09,archive
Well-08,2023-08-01,8.96,8.93,9.0,archive
Well-08,2023-08-02,8.91,8.88,8.95,archive
Well-08,2023-08-03,8.91,8.88,8.95,archive
Well-08,2023-08-04,8.85,8.82,8.89,archive
Well-08,2023-08-05,8.76,8.73,8.8,archive
Well-08,2023-08-06,8.81,8.78,8.85,archive
Well-08,2023-08-07,8.8,8.77,8.84,archive
Well-08,2023-08-08,8.84,8.81,8.88,archive
Well-08,2023-08-09,8.81,8.78,8.85,archive
Well-08,2023-08-10,8.74,8.71,8.78,archive
Well-08,2023-08-11,8.66,8.63,8.7,archive
Well-08,2023-08-12,8.62,8.59,8.66,archive
Well-08,2023-08-13,8.59,8.56,8.63,archive
Well-08,2023-08-14,8.54,8.51,8.58,archive
Well-08,2023-08-15,8.55,8.52,8.59,archive
Well-08,2023-08-16,8.6,8.57,8.64,archive
Well-08,2023-08-17,8.61,8.58,8.65,archive
Well-08,2023-08-18,8.7,8.67,8.74,archive
Well-08,2023-08-19,8.66,8.63,8.7,archive
Well-08,2023-08-20,8.68,8.65,8.72,archive
Well-08,2023-08-21,8.68,8.65,8.72,archive
Well-08,2023-08-22,8.59,8.56,8.63,archive
Well-08,2023-08-23,8.65,8.62,8.69,archive
Well-08,2023-08-24,8.66,8.63,8.7,archive
Well-08,2023-08-25,8.68,8.65,8.72,archive
Well-08,2023-08-26,8.7,8.67,8.74,archive
Well-08,2023-08-27,8.72,8.69,8.76,archive
Well-08,2023-08-28,8.7,8.67,8.74,archive
Well-08,2023-08-29,8.74,8.71,8.78,archive
Well-08,2023-08-30,8.75,8.72,8.79,archive
Well-08,2023-08-31,8.83,8.8,8.87,archive
Well-08,2023-09-01,8.76,8.73,8.8,archive
Well-08,2023-09-02,8.77,8.74,8.81,archive
Well-08,2023-09-03,8.63,8.6,8.67,archive
Well-08,2023-09-04,8.68,8.65,8.72,archive
Well-08,2023-09-05,8.6,8.57,8.64,archive
Well-08,2023-09-06,8.58,8.55,8.62,archive
Well-08,2023-09-07,8.63,8.6,8.67,archive
Well-08,2023-09-08,8.63,8.6,8.67,archive
Well-08,2023-09-09,8.66,8.63,8.7,archive
Well-08,2023-09-10,8.73,8.7,8.77,archive
Well-08,2023-09-11,8.84,8.81,8.88,archive
Well-08,2023-09-12,8.84,8.81,8.88,archive
Well-08,2023-09-13,8.96,8.93,9.0,archive
Well-08,2023-09-14,8.99,8.96,9.03,archive
Well-08,2023-09-15,9.08,9.05,9.12,archive
Well-08,2023-09-16,9.05,9.02,9.09,archive
Well-08,2023-09-17,9.04,9.01,9.08,archive
Well-08,2023-09-18,9.08,9.05,9.12,archive
Well-08,2023-09-19,9.16,9.13,9.2,archive
Well-08,2023-09-20,9.13,9.1,9.17,archive
Well-08,2023-09-21,9.2,9.17,9.24,archive
Well-08,2023-09-22,9.19,9.16,9.23,archive
Well-08,2023-09-23,9.21,9.18,9.25,archive
Well-08,2023-09-24,9.3,9.27,9.34,archive
Well-08,2023-09-25,9.28,9.25,9.32,archive
Well-08,2023-09-26,9.17,9.14,9.21,archive
Well-08,2023-09-27,9.19,9.16,9.23,archive
Well-08,2023-09-28,9.31,9.28,9.35,archive
Well-08,2023-09-29,9.37,9.34,9.41,archive
Well-08,2023-09-30,9.38,9.35,9.42,archive
Well-08,2023-10-01,9.48,9.45,9.52,archive
Well-08,2023-10-02,9.58,9.55,9.62,archive
Well-08,2023-10-03,9.56,9.53,9.6,archive
Well-08,2023-10-04,9.66,9.63,9.7,archive
Well-08,2023-10-05,9.74,9.71,9.78,archive
Well-08,2023-10-06,9.82,9.79,9.86,archive
Well-08,2023-10-07,9.88,9.85,9.92,archive
Well-08,2023-10-08,9.94,9.91,9.98,archive
Well-08,2023-10-09,9.95,9.92,9.99,archive
Well-08,2023-10-10,9.91,9.88,9.95,archive
Well-08,2023-10-11,9.99,9.96,10.03,archive
Well-08,2023-10-12,10.05,10.02,10.09,archive
Well-08,2023-10-13,10.07,10.04,10.11,archive
Well-08,2023-10-14,10.06,10.03,10.1,archive
Well-08,2023-10-15,10.11,10.08,10.15,archive
Well-08,2023-10-16,10.13,10.1,10.17,archive
Well-08,2023-10-17,10.13,10.1,10.17,archive
Well-08,2023-10-18,10.24,10.21,10.28,archive
Well-08,2023-10-19,10.31,10.28,10.35,archive
Well-08,2023-10-20,10.43,10.4,10.47,archive
Well-08,2023-10-21,10.42,10.39,10.46,archive
Well-08,2023-10-22,10.51,10.48,10.55,archive
Well-08,2023-10-23,10.55,10.52,10.59,archive
Well-08,2023-10-24,10.64,10.61,10.68,archive
Well-08,2023-10-25,10.72,10.69,10.76,archive
Well-08,2023-10-26,10.81,10.78,10.85,archive
Well-08,2023-10-27,10.92,10.89,10.96,archive
Well-08,2023-10-28,11.02,10.99,11.06,archive
Well-08,2023-10-29,11.13,11.1,11.17,archive
Well-08,2023-10-30,11.2,11.17,11.24,archive
Well-08,2023-10-31,11.24,11.21,11.28,archive
Well-08,2023-11-01,11.25,11.22,11.29,archive
Well-08,2023-11-02,11.28,11.25,11.32,archive
Well-08,2023-11-03,12.98,12.95,13.02,archive
Well-08,2023-11-04,11.51,11.48,11.55,archive
Well-08,2023-11-05,12.72,12.69,12.76,archive
Well-08,2023-11-06,11.65,11.62,11.69,archive
Well-08,2023-11-07,11.74,11.71,11.78,archive
Well-08,2023-11-08,11.82,11.79,11.86,archive
Well-08,2023-11-09,11.81,11.78,11.85,archive
Well-08,2023-11-10,11.8,11.77,11.84,archive
Well-08,2023-11-11,11.85,11.82,11.89,archive
Well-08,2023-11-12,11.93,11.9,11.97,archive
Well-08,2023-11-13,12.07,12.04,12.11,archive
Well-08,2023-11-14,12.11,12.08,12.15,archive
Well-08,2023-11-15,12.18,12.15,12.22,archive
Well-08,2023-11-16,12.27,12.24,12.31,archive
Well-08,2023-11-17,12.3,12.27,12.34,archive
Well-08,2023-11-18,12.38,12.35,12.42,archive
Well-08,2023-11-19,12.44,12.41,12.48,archive
Well-08,2023-11-20,12.47,12.44,12.51,archive
Well-08,2023-11-21,12.54,12.51,12.58,archive
Well-08,2023-11-22,12.53,12.5,12.57,archive
Well-08,2023-11-23,12.58,12.55,12.62,archive
Well-08,2023-11-24,12.75,12.72,12.79,archive
Well-08,2023-11-25,12.75,12.72,12.79,archive
Well-08,2023-11-26,12.79,12.76,12.83,archive
Well-08,2023-11-27,12.84,12.81,12.88,archive
Well-08,2023-11-28,12.92,12.89,12.96,archive
Well-08,2023-11-29,12.88,12.85,12.92,archive
Well-08,2023-11-30,12.88,12.85,12.92,archive
Well-08,2023-12-01,12.97,12.94,13.01,archive
Well-08,2023-12-02,13.18,13.15,13.22,archive
Well-08,2023-12-03,13.29,13.26,13.33,archive
Well-08,2023-12-04,13.36,13.33,13.4,archive
Well-08,2023-12-05,13.41,13.38,13.45,archive
Well-08,2023-12-06,13.5,13.47,13.54,archive
Well-08,2023-12-07,13.66,13.63,13.7,archive
Well-08,2023-12-08,13.78,13.75,13.82,archive
Well-08,2023-12-09,13.77,13.74,13.81,archive
Well-08,2023-12-10,13.88,13.85,13.92,archive
Well-08,2023-12-11,13.94,13.91,13.98,archive
Well-08,2023-12-12,14.12,14.09,14.16,archive
Well-08,2023-12-13,14.16,14.13,14.2,archive
Well-08,2023-12-14,14.19,14.16,14.23,archive
Well-08,2023-12-15,14.28,14.25,14.32,archive
Well-08,2023-12-16,14.25,14.22,14.29,archive
Well-08,2023-12-17,14.34,14.31,14.38,archive
Well-08,2023-12-18,14.46,14.43,14.5,archive
Well-08,2023-12-19,14.53,14.5,14.57,archive
Well-08,2023-12-20,14.6,14.57,14.64,archive
Well-08,2023-12-21,14.55,14.52,14.59,archive
Well-08,2023-12-22,14.67,14.64,14.71,archive
Well-08,2023-12-23,14.76,14.73,14.8,archive
Well-08,2023-12-24,14.8,14.77,14.84,archive
Well-08,2023-12-25,14.88,14.85,14.92,archive
Well-08,2023-12-26,14.94,14.91,14.98,archive
Well-08,2023-12-27,15.03,15.0,15.07,archive
Well-08,2023-12-28,15.08,15.05,15.12,archive
Well-08,2023-12-29,15.03,15.0,15.07,archive
Well-08,2023-12-30,15.09,15.06,15.13,archive
Well-08,2023-12-31,15.21,15.18,15.25,archive
Well-08,2024-01-01,15.31,15.28,15.35,archive
Well-08,2024-01-02,15.32,15.29,15.36,archive
Well-08,2024-01-03,15.4,15.37,15.44,archive
Well-08,2024-01-04,15.5,15.47,15.54,archive
Well-08,2024-01-05,15.53,15.5,15.57,archive
Well-08,2024-01-06,15.56,15.53,15.6,archive
Well-08,2024-01-07,15.57,15.54,15.61,archive
Well-08,2024-01-08,15.6,15.57,15.64,archive
Well-08,2024-01-09,15.6,15.57,15.64,archive
Well-08,2024-01-10,15.59,15.56,15.63,archive
Well-08,2024-01-11,15.66,15.63,15.7,archive
Well-08,2024-01-12,15.69,15.66,15.73,archive
Well-08,2024-01-13,15.77,15.74,15.81,archive
Well-08,2024-01-14,15.79,15.76,15.83,archive
Well-08,2024-01-15,15.7,15.67,15.74,archive
Well-08,2024-01-16,15.74,15.71,15.78,archive
Well-08,2024-01-17,15.82,15.79,15.86,archive
Well-08,2024-01-18,15.94,15.91,15.98,archive
Well-08,2024-01-19,15.98,15.95,16.02,archive
Well-08,2024-01-20,16.47,16.44,16.51,archive
Well-08,2024-01-21,15.85,15.82,15.89,archive
Well-08,2024-01-22,15.88,15.85,15.92,archive
Well-08,2024-01-23,15.91,15.88,15.95,archive
Well-08,2024-01-24,15.93,15.9,15.97,archive
Well-08,2024-01-25,15.99,15.96,16.03,archive
Well-08,2024-01-26,16.08,16.05,16.12,archive
Well-08,2024-01-27,15.99,15.96,16.03,archive
Well-08,2024-01-28,16.03,16.0,16.07,archive
Well-08,2024-01-29,16.08,16.05,16.12,archive
Well-08,2024-01-30,16.08,16.05,16.12,archive
Well-08,2024-01-31,16.19,16.16,16.23,archive
Well-08,2024-02-01,16.26,16.23,16.3,archive
Well-08,2024-02-02,16.32,16.29,16.36,archive
Well-08,2024-02-03,16.23,16.2,16.27,archive
Well-08,2024-02-04,16.28,16.25,16.32,archive
Well-08,2024-02-05,16.3,16.27,16.34,archive
Well-08,2024-02-06,16.3,16.27,16.34,archive
Well-08,2024-02-07,16.27,16.24,16.31,archive
Well-08,2024-02-08,16.36,16.33,16.4,archive
Well-08,2024-02-09,16.47,16.44,16.51,archive
Well-08,2024-02-10,16.5,16.47,16.54,archive
Well-08,2024-02-11,16.59,16.56,16.63,archive
Well-08,2024-02-12,16.66,16.63,16.7,archive
Well-08,2024-02-13,16.69,16.66,16.73,archive
Well-08,2024-02-14,16.78,16.75,16.82,archive
Well-08,2024-02-15,16.82,16.79,16.86,archive
Well-08,2024-02-16,16.87,16.84,16.91,archive
Well-08,2024-02-17,16.93,16.9,16.97,archive
Well-08,2024-02-18,16.91,16.88,16.95,archive
Well-08,2024-02-19,16.85,16.82,16.89,archive
Well-08,2024-02-20,16.89,16.86,16.93,archive
Well-08,2024-02-21,16.8,16.77,16.84,archive
Well-08,2024-02-22,16.73,16.7,16.77,archive
Well-08,2024-02-23,16.76,16.73,16.8,archive
Well-08,2024-02-24,16.79,16.76,16.83,archive
Well-08,2024-02-25,16.75,16.72,16.79,archive
Well-08,2024-02-26,16.75,16.72,16.79,archive
Well-08,2024-02-27,16.81,16.78,16.85,archive
Well-08,2024-02-28,16.82,16.79,16.86,archive
Well-08,2024-02-29,16.8,16.77,16.84,archive
Well-08,2024-03-01,16.77,16.74,16.81,archive
Well-08,2024-03-02,16.7,16.67,16.74,archive
Well-08,2024-03-03,16.73,16.7,16.77,archive
Well-08,2024-03-04,16.72,16.69,16.76,archive
Well-08,2024-03-05,16.78,16.75,16.82,archive
Well-08,2024-03-06,16.74,16.71,16.78,archive
Well-08,2024-03-07,16.67,16.64,16.71,archive
Well-08,2024-03-08,16.62,16.59,16.66,archive
Well-08,2024-03-09,16.58,16.55,16.62,archive
Well-08,2024-03-10,16.56,16.53,16.6,archive
Well-08,2024-03-11,16.51,16.48,16.55,archive
Well-08,2024-03-12,16.38,16.35,16.42,archive
Well-08,2024-03-13,16.35,16.32,16.39,archive
Well-08,2024-03-14,16.27,16.24,16.31,archive
Well-08,2024-03-15,16.29,16.26,16.33,archive
Well-08,2024-03-16,16.36,16.33,16.4,archive
Well-08,2024-03-17,16.41,16.38,16.45,archive
Well-08,2024-03-18,16.32,16.29,16.36,archive
Well-08,2024-03-19,16.29,16.26,16.33,archive
Well-08,2024-03-20,16.34,16.31,16.38,archive
Well-08,2024-03-21,16.22,16.19,16.26,archive
Well-08,2024-03-22,16.26,16.23,16.3,archive
Well-08,2024-03-23,16.3,16.27,16.34,archive
Well-08,2024-03-24,16.25,16.22,16.29,archive
Well-08,2024-03-25,16.32,16.29,16.36,archive
Well-08,2024-03-26,16.25,16.22,16.29,archive
Well-08,2024-03-27,16.22,16.19,16.26,archive
Well-08,2024-03-28,16.17,16.14,16.21,archive
Well-08,2024-03-29,16.15,16.12,16.19,archive
Well-08,2024-03-30,16.01,15.98,16.05,archive
Well-08,2024-03-31,15.98,15.95,16.02,archive
Well-08,2024-04-01,15.92,15.89,15.96,archive
Well-08,2024-04-02,15.88,15.85,15.92,archive
Well-08,2024-04-03,15.8,15.77,15.84,archive
Well-08,2024-04-04,15.71,15.68,15.75,archive
Well-08,2024-04-05,15.63,15.6,15.67,archive
Well-08,2024-04-06,15.63,15.6,15.67,archive
Well-08,2024-04-07,15.62,15.59,15.66,archive
Well-08,2024-04-08,15.55,15.52,15.59,archive
Well-08,2024-04-09,15.55,15.52,15.59,archive
Well-08,2024-04-10,15.53,15.5,15.57,archive
Well-08,2024-04-11,15.49,15.46,15.53,archive
Well-08,2024-04-12,15.47,15.44,15.51,archive
Well-08,2024-04-13,15.42,15.39,15.46,archive
Well-08,2024-04-14,15.36,15.33,15.4,archive
Well-08,2024-04-15,15.26,15.23,15.3,archive
Well-08,2024-04-16,15.33,15.3,15.37,archive
Well-08,2024-04-17,15.26,15.23,15.3,archive
Well-08,2024-04-18,15.15,15.12,15.19,archive
Well-08,2024-04-19,15.08,15.05,15.12,archive
Well-08,2024-04-20,14.97,14.94,15.01,archive
Well-08,2024-04-21,14.87,14.84,14.91,archive
Well-08,2024-04-22,14.84,14.81,14.88,archive
Well-08,2024-04-23,14.82,14.79,14.86,archive
Well-08,2024-04-24,14.76,14.73,14.8,archive
Well-08,2024-04-25,14.76,14.73,14.8,archive
Well-08,2024-04-26,14.57,14.54,14.61,archive
Well-08,2024-04-27,14.55,14.52,14.59,archive
Well-08,2024-04-28,14.5,14.47,14.54,archive
Well-08,2024-04-29,14.4,14.37,14.44,archive
Well-08,2024-04-30,14.34,14.31,14.38,archive
Well-08,2024-05-01,14.2,14.17,14.24,archive
Well-08,2024-05-02,14.23,14.2,14.27,archive
Well-08,2024-05-03,14.23,14.2,14.27,archive
Well-08,2024-05-04,14.17,14.14,14.21,archive
Well-08,2024-05-05,14.15,14.12,14.19,archive
Well-08,2024-05-06,13.99,13.96,14.03,archive
Well-08,2024-05-07,13.92,13.89,13.96,archive
Well-08,2024-05-08,13.86,13.83,13.9,archive
Well-08,2024-05-09,13.75,13.72,13.79,archive
Well-08,2024-05-10,13.68,13.65,13.72,archive
Well-08,2024-05-11,13.61,13.58,13.65,archive
Well-08,2024-05-12,13.54,13.51,13.58,archive
Well-08,2024-05-13,13.61,13.58,13.65,archive
Well-08,2024-05-14,13.61,13.58,13.65,archive
Well-08,2024-05-15,13.47,13.44,13.51,archive
Well-08,2024-05-16,13.49,13.46,13.53,archive
Well-08,2024-05-17,13.45,13.42,13.49,archive
Well-08,2024-05-18,13.32,13.29,13.36,archive
Well-08,2024-05-19,13.3,13.27,13.34,archive
Well-08,2024-05-20,13.13,13.1,13.17,archive
Well-08,2024-05-21,13.0,12.97,13.04,archive
Well-08,2024-05-22,12.95,12.92,12.99,archive
Well-08,2024-05-23,12.82,12.79,12.86,archive
Well-08,2024-05-24,12.84,12.81,12.88,archive
Well-08,2024-05-25,12.72,12.69,12.76,archive
Well-08,2024-05-26,12.68,12.65,12.72,archive
Well-08,2024-05-27,12.63,12.6,12.67,archive
Well-08,2024-05-28,12.55,12.52,12.59,archive
Well-08,2024-05-29,12.49,12.46,12.53,archive
Well-08,2024-05-30,12.38,12.35,12.42,archive
Well-08,2024-05-31,12.23,12.2,12.27,archive
Well-08,2024-06-01,12.19,12.16,12.23,archive
Well-08,2024-06-02,12.19,12.16,12.23,archive
Well-08,2024-06-03,12.12,12.09,12.16,archive
Well-08,2024-06-04,12.05,12.02,12.09,archive
Well-08,2024-06-05,11.98,11.95,12.02,archive
Well-08,2024-06-06,11.95,11.92,11.99,archive
Well-08,2024-06-07,11.9,11.87,11.94,archive
Well-08,2024-06-08,11.91,11.88,11.95,archive
Well-08,2024-06-09,11.84,11.81,11.88,archive
Well-08,2024-06-10,11.71,11.68,11.75,archive
Well-08,2024-06-11,11.68,11.65,11.72,archive
Well-08,2024-06-12,11.62,11.59,11.66,archive
Well-08,2024-06-13,11.52,11.49,11.56,archive
Well-08,2024-06-14,11.47,11.44,11.51,archive
Well-08,2024-06-15,11.32,11.29,11.36,archive
Well-08,2024-06-16,11.22,11.19,11.26,archive
Well-08,2024-06-17,11.26,11.23,11.3,archive
Well-08,2024-06-18,11.23,11.2,11.27,archive
Well-08,2024-06-19,11.2,11.17,11.24,archive
Well-08,2024-06-20,11.13,11.1,11.17,archive
Well-08,2024-06-21,11.11,11.08,11.15,archive
Well-08,2024-06-22,10.99,10.96,11.03,archive
Well-08,2024-06-23,10.94,10.91,10.98,archive
Well-08,2024-06-24,10.88,10.85,10.92,archive
Well-08,2024-06-25,10.8,10.77,10.84,archive
Well-08,2024-06-26,10.77,10.74,10.81,archive
Well-08,2024-06-27,10.75,10.72,10.79,archive
Well-08,2024-06-28,10.72,10.69,10.76,archive
Well-08,2024-06-29,10.62,10.59,10.66,archive
Well-08,2024-06-30,10.55,10.52,10.59,archive
Well-08,2024-07-01,10.42,10.39,10.46,archive
Well-08,2024-07-02,10.37,10.34,10.41,archive
Well-08,2024-07-03,10.27,10.24,10.31,archive
Well-08,2024-07-04,10.08,10.05,10.12,archive
Well-08,2024-07-05,10.02,9.99,10.06,archive
Well-08,2024-07-06,9.94,9.91,9.98,archive
Well-08,2024-07-07,9.88,9.85,9.92,archive
Well-08,2024-07-08,9.79,9.76,9.83,archive
Well-08,2024-07-09,9.8,9.77,9.84,archive
Well-08,2024-07-10,9.77,9.74,9.81,archive
Well-08,2024-07-11,9.77,9.74,9.81,archive
Well-08,2024-07-12,9.81,9.78,9.85,archive
Well-08,2024-07-13,9.79,9.76,9.83,archive
Well-08,2024-07-14,9.7,9.67,9.74,archive
Well-08,2024-07-15,9.67,9.64,9.71,archive
Well-08,2024-07-16,9.6,9.57,9.64,archive
Well-08,2024-07-17,9.57,9.54,9.61,archive
Well-08,2024-07-18,9.5,9.47,9.54,archive
Well-08,2024-07-19,9.48,9.45,9.52,archive
Well-08,2024-07-20,9.45,9.42,9.49,archive
Well-08,2024-07-21,9.33,9.3,9.37,archive
Well-08,2024-07-22,9.26,9.23,9.3,archive
Well-08,2024-07-23,9.32,9.29,9.36,archive
Well-08,2024-07-24,9.3,9.27,9.34,archive
Well-08,2024-07-25,9.27,9.24,9.31,archive
Well-08,2024-07-26,9.23,9.2,9.27,archive
Well-08,2024-07-27,9.18,9.15,9.22,archive
Well-08,2024-07-28,9.2,9.17,9.24,archive
Well-08,2024-07-29,9.23,9.2,9.27,archive
Well-08,2024-07-30,9.26,9.23,9.3,archive
Well-08,2024-07-31,9.25,9.22,9.29,archive
Well-08,2024-08-01,9.16,9.13,9.2,archive
Well-08,2024-08-02,9.2,9.17,9.24,archive
Well-08,2024-08-03,9.17,9.14,9.21,archive
Well-08,2024-08-04,9.15,9.12,9.19,archive
Well-08,2024-08-05,9.08,9.05,9.12,archive
Well-08,2024-08-06,9.02,8.99,9.06,archive
Well-08,2024-08-07,9.08,9.05,9.12,archive
Well-08,2024-08-08,9.02,8.99,9.06,archive
Well-08,2024-08-09,8.96,8.93,9.0,archive
Well-08,2024-08-10,8.94,8.91,8.98,archive
Well-08,2024-08-11,8.96,8.93,9.0,archive
Well-08,2024-08-12,8.88,8.85,8.92,archive
Well-08,2024-08-13,8.82,8.79,8.86,archive
Well-08,2024-08-14,8.78,8.75,8.82,archive
Well-08,2024-08-15,8.75,8.72,8.79,archive
Well-08,2024-08-16,8.76,8.73,8.8,archive
Well-08,2024-08-17,8.76,8.73,8.8,archive
Well-08,2024-08-18,8.77,8.74,8.81,archive
Well-08,2024-08-19,8.85,8.82,8.89,archive
Well-08,2024-08-20,8.77,8.74,8.81,archive
Well-08,2024-08-21,8.79,8.76,8.83,archive
Well-08,2024-08-22,8.76,8.73,8.8,archive
Well-08,2024-08-23,8.72,8.69,8.76,archive
Well-08,2024-08-24,8.7,8.67,8.74,archive
Well-08,2024-08-25,8.76,8.73,8.8,archive
Well-08,2024-08-26,8.74,8.71,8.78,archive
Well-08,2024-08-27,8.78,8.75,8.82,archive
Well-08,2024-08-28,8.81,8.78,8.85,archive
Well-08,2024-08-29,8.73,8.7,8.77,archive
Well-08,2024-08-30,8.71,8.68,8.75,archive
Well-08,2024-08-31,8.75,8.72,8.79,archive
Well-08,2024-09-01,8.85,8.82,8.89,archive
Well-08,2024-09-02,8.9,8.87,8.94,archive
Well-08,2024-09-03,8.82,8.79,8.86,archive
Well-08,2024-09-04,8.96,8.93,9.0,archive
Well-08,2024-09-05,9.01,8.98,9.05,archive
Well-08,2024-09-06,8.92,8.89,8.96,archive
Well-08,2024-09-07,8.95,8.92,8.99,archive
Well-08,2024-09-08,8.98,8.95,9.02,archive
Well-08,2024-09-09,8.95,8.92,8.99,archive
Well-08,2024-09-10,8.9,8.87,8.94,archive
Well-08,2024-09-11,8.88,8.85,8.92,archive
Well-08,2024-09-12,8.9,8.87,8.94,archive
Well-08,2024-09-13,8.9,8.87,8.94,archive
Well-08,2024-09-14,8.86,8.83,8.9,archive
Well-08,2024-09-15,8.92,8.89,8.96,archive
Well-08,2024-09-16,8.92,8.89,8.96,archive
Well-08,2024-09-17,8.87,8.84,8.91,archive
Well-08,2024-09-18,8.94,8.91,8.98,archive
Well-08,2024-09-19,8.99,8.96,9.03,archive
Well-08,2024-09-20,9.07,9.04,9.11,archive
Well-08,2024-09-21,9.18,9.15,9.22,archive
Well-08,2024-09-22,9.24,9.21,9.28,archive
Well-08,2024-09-23,9.26,9.23,9.3,archive
Well-08,2024-09-24,9.26,9.23,9.3,archive
Well-08,2024-09-25,9.26,9.23,9.3,archive
Well-08,2024-09-26,9.2,9.17,9.24,archive
Well-08,2024-09-27,9.25,9.22,9.29,archive
Well-08,2024-09-28,9.3,9.27,9.34,archive
Well-08,2024-09-29,9.39,9.36,9.43,archive
Well-08,2024-09-30,9.44,9.41,9.48,archive
Well-08,2024-10-01,9.47,9.44,9.51,archive
Well-08,2024-10-02,9.54,9.51,9.58,archive
Well-08,2024-10-03,9.56,9.53,9.6,archive
Well-08,2024-10-04,9.61,9.58,9.65,archive
Well-08,2024-10-05,9.63,9.6,9.67,archive
Well-08,2024-10-06,9.74,9.71,9.78,archive
Well-08,2024-10-07,9.8,9.77,9.84,archive
Well-08,2024-10-08,9.85,9.82,9.89,archive
Well-08,2024-10-09,9.91,9.88,9.95,archive
Well-08,2024-10-10,9.91,9.88,9.95,archive
Well-08,2024-10-11,9.99,9.96,10.03,archive
Well-08,2024-10-12,10.05,10.02,10.09,archive
Well-08,2024-10-13,10.16,10.13,10.2,archive
Well-08,2024-10-14,10.23,10.2,10.27,archive
Well-08,2024-10-15,10.31,10.28,10.35,archive
Well-08,2024-10-16,10.26,10.23,10.3,archive
Well-08,2024-10-17,10.35,10.32,10.39,archive
Well-08,2024-10-18,10.43,10.4,10.47,archive
Well-08,2024-10-19,10.59,10.56,10.63,archive
Well-08,2024-10-20,10.66,10.63,10.7,archive
Well-08,2024-10-21,10.67,10.64,10.71,archive
Well-08,2024-10-22,10.62,10.59,10.66,archive
Well-08,2024-10-23,10.71,10.68,10.75,archive
Well-08,2024-10-24,10.81,10.78,10.85,archive
Well-08,2024-10-25,10.81,10.78,10.85,archive
Well-08,2024-10-26,10.71,10.68,10.75,archive
Well-08,2024-10-27,10.73,10.7,10.77,archive
Well-08,2024-10-28,10.84,10.81,10.88,archive
Well-08,2024-10-29,10.97,10.94,11.01,archive
Well-08,2024-10-30,11.02,10.99,11.06,archive
Well-08,2024-10-31,11.11,11.08,11.15,archive
Well-08,2024-11-01,11.19,11.16,11.23,archive
Well-08,2024-11-02,11.14,11.11,11.18,archive
Well-08,2024-11-03,11.19,11.16,11.23,archive
Well-08,2024-11-04,11.33,11.3,11.37,archive
Well-08,2024-11-05,11.42,11.39,11.46,archive
Well-08,2024-11-06,11.52,11.49,11.56,archive
Well-08,2024-11-07,11.58,11.55,11.62,archive
Well-08,2024-11-08,11.6,11.57,11.64,archive
Well-08,2024-11-09,12.65,12.62,12.69,archive
Well-08,2024-11-10,11.66,11.63,11.7,archive
Well-08,2024-11-11,11.72,11.69,11.76,archive
Well-08,2024-11-12,11.84,11.81,11.88,archive
Well-08,2024-11-13,11.83,11.8,11.87,archive
Well-08,2024-11-14,11.9,11.87,11.94,archive
Well-08,2024-11-15,11.84,11.81,11.88,archive
Well-08,2024-11-16,11.9,11.87,11.94,archive
Well-08,2024-11-17,12.02,11.99,12.06,archive
Well-08,2024-11-18,12.09,12.06,12.13,archive
Well-08,2024-11-19,12.19,12.16,12.23,archive
Well-08,2024-11-20,12.26,12.23,12.3,archive
Well-08,2024-11-21,13.21,13.18,13.25,archive
Well-08,2024-11-22,12.48,12.45,12.52,archive
Well-08,2024-11-23,12.58,12.55,12.62,archive
Well-08,2024-11-24,14.18,14.15,14.22,archive
Well-08,2024-11-25,12.67,12.64,12.71,archive
Well-08,2024-11-26,12.73,12.7,12.77,archive
Well-08,2024-11-27,14.33,14.3,14.37,archive
Well-08,2024-11-28,12.93,12.9,12.97,archive
Well-08,2024-11-29,13.08,13.05,13.12,archive
Well-08,2024-11-30,13.18,13.15,13.22,archive
Well-08,2024-12-01,13.13,13.1,13.17,archive
Well-08,2024-12-02,13.3,13.27,13.34,archive
Well-08,2024-12-03,13.39,13.36,13.43,archive
Well-08,2024-12-04,13.49,13.46,13.53,archive
Well-08,2024-12-05,13.46,13.43,13.5,archive
Well-08,2024-12-06,13.53,13.5,13.57,archive
Well-08,2024-12-07,13.57,13.54,13.61,archive
Well-08,2024-12-08,13.55,13.52,13.59,archive
Well-08,2024-12-09,13.6,13.57,13.64,archive
Well-08,2024-12-10,15.1,15.07,15.14,archive
Well-08,2024-12-11,13.71,13.68,13.75,archive
Well-08,2024-12-12,13.77,13.74,13.81,archive
Well-08,2024-12-13,13.87,13.84,13.91,archive
Well-08,2024-12-14,13.91,13.88,13.95,archive
Well-08,2024-12-15,13.88,13.85,13.92,archive
Well-08,2024-12-16,13.98,13.95,14.02,archive
Well-08,2024-12-17,14.02,13.99,14.06,archive
Well-08,2024-12-18,14.11,14.08,14.15,archive
Well-08,2024-12-19,14.19,14.16,14.23,archive
Well-08,2024-12-20,14.19,14.16,14.23,archive
Well-08,2024-12-21,14.28,14.25,14.32,archive
Well-08,2024-12-22,14.3,14.27,14.34,archive
Well-08,2024-12-23,14.42,14.39,14.46,archive
Well-08,2024-12-24,14.47,14.44,14.51,archive
Well-08,2024-12-25,14.49,14.46,14.53,archive
Well-08,2024-12-26,14.56,14.53,14.6,archive
Well-08,2024-12-27,14.61,14.58,14.65,archive
Well-08,2024-12-28,14.68,14.65,14.72,archive
Well-08,2024-12-29,14.71,14.68,14.75,archive
Well-08,2024-12-30,14.76,14.73,14.8,archive
Well-08,2024-12-31,14.82,14.79,14.86,archive
Well-08,2025-01-01,14.8,14.77,14.84,archive
Well-08,2025-01-02,14.91,14.88,14.95,archive
Well-08,2025-01-03,14.96,14.93,15.0,archive
Well-08,2025-01-04,15.82,15.79,15.86,archive
Well-08,2025-01-05,15.03,15.0,15.07,archive
Well-08,2025-01-06,15.01,14.98,15.05,archive
Well-08,2025-01-07,15.07,15.04,15.11,archive
Well-08,2025-01-08,15.11,15.08,15.15,archive
Well-08,2025-01-09,15.22,15.19,15.26,archive
Well-08,2025-01-10,15.25,15.22,15.29,archive
Well-08,2025-01-11,15.32,15.29,15.36,archive
Well-08,2025-01-12,15.38,15.35,15.42,archive
Well-08,2025-01-13,15.35,15.32,15.39,archive
Well-08,2025-01-14,15.34,15.31,15.38,archive
Well-08,2025-01-15,15.39,15.36,15.43,archive
Well-08,2025-01-16,15.45,15.42,15.49,archive
Well-08,2025-01-17,15.45,15.42,15.49,archive
Well-08,2025-01-18,15.64,15.61,15.68,archive
Well-08,2025-01-19,15.7,15.67,15.74,archive
Well-08,2025-01-20,15.75,15.72,15.79,archive
Well-08,2025-01-21,15.95,15.92,15.99,archive
Well-08,2025-01-22,16.04,16.01,16.08,archive
Well-08,2025-01-23,16.18,16.15,16.22,archive
Well-08,2025-01-24,16.25,16.22,16.29,archive
Well-08,2025-01-25,16.28,16.25,16.32,archive
Well-08,2025-01-26,16.28,16.25,16.32,archive
Well-08,2025-01-27,16.34,16.31,16.38,archive
Well-08,2025-01-28,16.33,16.3,16.37,archive
Well-08,2025-01-29,16.35,16.32,16.39,archive
Well-08,2025-01-30,16.36,16.33,16.4,archive
Well-08,2025-01-31,17.28,17.25,17.32,archive
Well-08,2025-02-01,16.31,16.28,16.35,archive
Well-08,2025-02-02,16.29,16.26,16.33,archive
Well-08,2025-02-03,16.31,16.28,16.35,archive
Well-08,2025-02-04,16.35,16.32,16.39,archive
Well-08,2025-02-05,16.35,16.32,16.39,archive
Well-08,2025-02-06,16.37,16.34,16.41,archive
Well-08,2025-02-07,16.44,16.41,16.48,archive
Well-08,2025-02-08,16.42,16.39,16.46,archive
Well-08,2025-02-09,16.42,16.39,16.46,archive
Well-08,2025-02-10,16.47,16.44,16.51,archive
Well-08,2025-02-11,16.4,16.37,16.44,archive
Well-08,2025-02-12,16.46,16.43,16.5,archive
Well-08,2025-02-13,16.43,16.4,16.47,archive
Well-08,2025-02-14,16.5,16.47,16.54,archive
Well-08,2025-02-15,16.53,16.5,16.57,archive
Well-08,2025-02-16,16.56,16.53,16.6,archive
Well-08,2025-02-17,16.59,16.56,16.63,archive
Well-08,2025-02-18,16.64,16.61,16.68,archive
Well-08,2025-02-19,16.77,16.74,16.81,archive
Well-08,2025-02-20,16.81,16.78,16.85,archive
Well-08,2025-02-21,16.86,16.83,16.9,archive
Well-08,2025-02-22,16.74,16.71,16.78,archive
Well-08,2025-02-23,16.67,16.64,16.71,archive
Well-08,2025-02-24,16.66,16.63,16.7,archive
Well-08,2025-02-25,16.7,16.67,16.74,archive
Well-08,2025-02-26,16.8,16.77,16.84,archive
Well-08,2025-02-27,16.85,16.82,16.89,archive
Well-08,2025-02-28,16.76,16.73,16.8,archive
Well-08,2025-03-01,16.88,16.85,16.92,archive
Well-08,2025-03-02,16.92,16.89,16.96,archive
Well-08,2025-03-03,16.95,16.92,16.99,archive
Well-08,2025-03-04,16.9,16.87,16.94,archive
Well-08,2025-03-05,16.96,16.93,17.0,archive
Well-08,2025-03-06,16.94,16.91,16.98,archive
Well-08,2025-03-07,16.83,16.8,16.87,archive
Well-08,2025-03-08,16.77,16.74,16.81,archive
Well-08,2025-03-09,16.7,16.67,16.74,archive
Well-08,2025-03-10,16.64,16.61,16.68,archive
Well-08,2025-03-11,16.59,16.56,16.63,archive
Well-08,2025-03-12,16.67,16.64,16.71,archive
Well-08,2025-03-13,16.63,16.6,16.67,archive
Well-08,2025-03-14,16.61,16.58,16.65,archive
Well-08,2025-03-15,16.57,16.54,16.61,archive
Well-08,2025-03-16,16.51,16.48,16.55,archive
Well-08,2025-03-17,16.42,16.39,16.46,archive
Well-08,2025-03-18,16.43,16.4,16.47,archive
Well-08,2025-03-19,16.41,16.38,16.45,archive
Well-08,2025-03-20,16.37,16.34,16.41,archive
Well-08,2025-03-21,16.35,16.32,16.39,archive
Well-08,2025-03-22,16.31,16.28,16.35,archive
Well-08,2025-03-23,16.26,16.23,16.3,archive
Well-08,2025-03-24,16.27,16.24,16.31,archive
Well-08,2025-03-25,16.26,16.23,16.3,archive
Well-08,2025-03-26,16.19,16.16,16.23,archive
Well-08,2025-03-27,16.19,16.16,16.23,archive
Well-08,2025-03-28,16.2,16.17,16.24,archive
Well-08,2025-03-29,16.19,16.16,16.23,archive
Well-08,2025-03-30,16.16,16.13,16.2,archive
Well-08,2025-03-31,16.13,16.1,16.17,archive
Well-08,2025-04-01,16.04,16.01,16.08,archive
Well-08,2025-04-02,15.92,15.89,15.96,archive
Well-08,2025-04-03,15.96,15.93,16.0,archive
Well-08,2025-04-04,15.82,15.79,15.86,archive
Well-08,2025-04-05,15.84,15.81,15.88,archive
Well-08,2025-04-06,15.79,15.76,15.83,archive
Well-08,2025-04-07,15.78,15.75,15.82,archive
Well-08,2025-04-08,15.73,15.7,15.77,archive
Well-08,2025-04-09,15.69,15.66,15.73,archive
Well-08,2025-04-10,15.6,15.57,15.64,archive
Well-08,2025-04-11,15.56,15.53,15.6,archive
Well-08,2025-04-12,15.57,15.54,15.61,archive
Well-08,2025-04-13,15.48,15.45,15.52,archive
Well-08,2025-04-14,15.35,15.32,15.39,archive
Well-08,2025-04-15,15.32,15.29,15.36,archive
Well-08,2025-04-16,15.32,15.29,15.36,archive
Well-08,2025-04-17,15.31,15.28,15.35,archive
Well-08,2025-04-18,15.21,15.18,15.25,archive
Well-08,2025-04-19,15.07,15.04,15.11,archive
Well-08,2025-04-20,15.01,14.98,15.05,archive
Well-08,2025-04-21,14.93,14.9,14.97,archive
Well-08,2025-04-22,14.91,14.88,14.95,archive
Well-08,2025-04-23,14.87,14.84,14.91,archive
Well-08,2025-04-24,14.82,14.79,14.86,archive
Well-08,2025-04-25,14.71,14.68,14.75,archive
Well-08,2025-04-26,14.61,14.58,14.65,archive
Well-08,2025-04-27,14.62,14.59,14.66,archive
Well-08,2025-04-28,14.46,14.43,14.5,archive
Well-08,2025-04-29,14.46,14.43,14.5,archive
Well-08,2025-04-30,14.44,14.41,14.48,archive
Well-08,2025-05-01,14.34,14.31,14.38,archive
Well-08,2025-05-02,14.22,14.19,14.26,archive
Well-08,2025-05-03,14.17,14.14,14.21,archive
Well-08,2025-05-04,14.18,14.15,14.22,archive
Well-08,2025-05-05,14.1,14.07,14.14,archive
Well-08,2025-05-06,14.05,14.02,14.09,archive
Well-08,2025-05-07,13.96,13.93,14.0,archive
Well-08,2025-05-08,13.95,13.92,13.99,archive
Well-08,2025-05-09,13.87,13.84,13.91,archive
Well-08,2025-05-10,13.91,13.88,13.95,archive
Well-08,2025-05-11,13.83,13.8,13.87,archive
Well-08,2025-05-12,13.68,13.65,13.72,archive
Well-08,2025-05-13,13.58,13.55,13.62,archive
Well-08,2025-05-14,13.52,13.49,13.56,archive
Well-08,2025-05-15,13.4,13.37,13.44,archive
Well-08,2025-05-16,13.39,13.36,13.43,archive
Well-08,2025-05-17,13.29,13.26,13.33,archive
Well-08,2025-05-18,13.14,13.11,13.18,archive
Well-08,2025-05-19,13.11,13.08,13.15,archive
Well-08,2025-05-20,13.02,12.99,13.06,archive
Well-08,2025-05-21,13.03,13.0,13.07,archive
Well-08,2025-05-22,12.97,12.94,13.01,archive
Well-08,2025-05-23,12.95,12.92,12.99,archive
Well-08,2025-05-24,12.87,12.84,12.91,archive
Well-08,2025-05-25,12.82,12.79,12.86,archive
Well-08,2025-05-26,12.7,12.67,12.74,archive
Well-08,2025-05-27,12.69,12.66,12.73,archive
Well-08,2025-05-28,12.63,12.6,12.67,archive
Well-08,2025-05-29,12.55,12.52,12.59,archive
Well-08,2025-05-30,12.41,12.38,12.45,archive
Well-08,2025-05-31,12.36,12.33,12.4,archive
Well-08,2025-06-01,12.33,12.3,12.37,archive
Well-08,2025-06-02,12.24,12.21,12.28,archive
Well-08,2025-06-03,12.18,12.15,12.22,archive
Well-08,2025-06-04,12.16,12.13,12.2,archive
Well-08,2025-06-05,12.14,12.11,12.18,archive
Well-08,2025-06-06,12.0,11.97,12.04,archive
Well-08,2025-06-07,11.9,11.87,11.94,archive
Well-08,2025-06-08,11.96,11.93,12.0,archive
Well-08,2025-06-09,11.89,11.86,11.93,archive
Well-08,2025-06-10,11.74,11.71,11.78,archive
Well-08,2025-06-11,11.63,11.6,11.67,archive
Well-08,2025-06-12,11.61,11.58,11.65,archive
Well-08,2025-06-13,11.47,11.44,11.51,archive
Well-08,2025-06-14,11.39,11.36,11.43,archive
Well-08,2025-06-15,11.28,11.25,11.32,archive
Well-08,2025-06-16,11.31,11.28,11.35,archive
Well-08,2025-06-17,11.26,11.23,11.3,archive
Well-08,2025-06-18,11.21,11.18,11.25,archive
Well-08,2025-06-19,11.17,11.14,11.21,archive
Well-08,2025-06-20,11.04,11.01,11.08,archive
Well-08,2025-06-21,11.09,11.06,11.13,archive
Well-08,2025-06-22,11.03,11.0,11.07,archive
Well-08,2025-06-23,11.07,11.04,11.11,archive
Well-08,2025-06-24,10.91,10.88,10.95,archive
Well-08,2025-06-25,10.88,10.85,10.92,archive
Well-08,2025-06-26,10.82,10.79,10.86,archive
Well-08,2025-06-27,10.69,10.66,10.73,archive
Well-08,2025-06-28,10.56,10.53,10.6,archive
Well-08,2025-06-29,10.44,10.41,10.48,archive
Well-08,2025-06-30,10.42,10.39,10.46,archive
Well-08,2025-07-01,10.46,10.43,10.5,archive
Well-08,2025-07-02,10.4,10.37,10.44,archive
Well-08,2025-07-03,10.37,10.34,10.41,archive
Well-08,2025-07-04,10.33,10.3,10.37,archive
Well-08,2025-07-05,10.26,10.23,10.3,archive
Well-08,2025-07-06,10.27,10.24,10.31,archive
Well-08,2025-07-07,10.23,10.2,10.27,archive
Well-08,2025-07-08,10.25,10.22,10.29,archive
Well-08,2025-07-09,10.2,10.17,10.24,archive
Well-08,2025-07-10,10.04,10.01,10.08,archive
Well-08,2025-07-11,9.93,9.9,9.97,archive
Well-08,2025-07-12,9.89,9.86,9.93,archive
Well-08,2025-07-13,9.79,9.76,9.83,archive
Well-08,2025-07-14,9.74,9.71,9.78,archive
Well-08,2025-07-15,9.69,9.66,9.73,archive
Well-08,2025-07-16,9.73,9.7,9.77,archive
Well-08,2025-07-17,9.62,9.59,9.66,archive
Well-08,2025-07-18,9.64,9.61,9.68,archive
Well-08,2025-07-19,9.6,9.57,9.64,archive
Well-08,2025-07-20,9.57,9.54,9.61,archive
Well-08,2025-07-21,9.5,9.47,9.54,archive
Well-08,2025-07-22,9.47,9.44,9.51,archive
Well-08,2025-07-23,9.37,9.34,9.41,archive
Well-08,2025-07-24,9.33,9.3,9.37,archive
Well-08,2025-07-25,9.35,9.32,9.39,archive
Well-08,2025-07-26,9.32,9.29,9.36,archive
Well-08,2025-07-27,9.29,9.26,9.33,archive
Well-08,2025-07-28,9.19,9.16,9.23,archive
Well-08,2025-07-29,9.19,9.16,9.23,archive
Well-08,2025-07-30,9.19,9.16,9.23,archive
Well-08,2025-07-31,9.2,9.17,9.24,archive
Well-08,2025-08-01,9.15,9.12,9.19,archive
Well-08,2025-08-02,9.04,9.01,9.08,archive
Well-08,2025-08-03,8.99,8.96,9.03,archive
Well-08,2025-08-04,9.0,8.97,9.04,archive
Well-08,2025-08-05,8.99,8.96,9.03,archive
Well-08,2025-08-06,9.03,9.0,9.07,archive
Well-08,2025-08-07,8.94,8.91,8.98,archive
Well-08,2025-08-08,8.97,8.94,9.01,archive
Well-08,2025-08-09,8.82,8.79,8.86,archive
Well-08,2025-08-10,8.72,8.69,8.76,archive
Well-08,2025-08-11,8.73,8.7,8.77,archive
Well-08,2025-08-12,8.78,8.75,8.82,archive
Well-08,2025-08-13,8.72,8.69,8.76,archive
Well-08,2025-08-14,8.76,8.73,8.8,archive
Well-08,2025-08-15,8.79,8.76,8.83,archive
Well-08,2025-08-16,8.8,8.77,8.84,archive
Well-08,2025-08-17,8.69,8.66,8.73,archive
Well-08,2025-08-18,8.68,8.65,8.72,archive
Well-08,2025-08-19,8.66,8.63,8.7,archive
Well-08,2025-08-20,8.67,8.64,8.71,archive
Well-08,2025-08-21,8.72,8.69,8.76,archive
Well-08,2025-08-22,8.65,8.62,8.69,archive
Well-08,2025-08-23,8.6,8.57,8.64,archive
Well-08,2025-08-24,8.69,8.66,8.73,archive
Well-08,2025-08-25,8.7,8.67,8.74,archive
Well-08,2025-08-26,8.69,8.66,8.73,archive
Well-08,2025-08-27,8.72,8.69,8.76,archive
Well-08,2025-08-28,8.72,8.69,8.76,archive
Well-08,2025-08-29,8.7,8.67,8.74,archive
Well-08,2025-08-30,8.74,8.71,8.78,archive
Well-08,2025-08-31,8.81,8.78,8.85,archive
Well-08,2025-09-01,8.86,8.83,8.9,archive
Well-08,2025-09-02,8.97,8.94,9.01,archive
Well-08,2025-09-03,8.96,8.93,9.0,archive
Well-08,2025-09-04,9.03,9.0,9.07,archive
Well-08,2025-09-05,9.07,9.04,9.11,archive
Well-08,2025-09-06,9.05,9.02,9.09,archive
Well-08,2025-09-07,9.06,9.03,9.1,archive
Well-08,2025-09-08,9.03,9.0,9.07,archive
Well-08,2025-09-09,9.08,9.05,9.12,archive
Well-08,2025-09-10,9.04,9.01,9.08,archive
Well-08,2025-09-11,9.01,8.98,9.05,archive
Well-08,2025-09-12,8.98,8.95,9.02,archive
Well-08,2025-09-13,9.0,8.97,9.04,archive
Well-08,2025-09-14,8.97,8.94,9.01,archive
Well-08,2025-09-15,8.88,8.85,8.92,archive
Well-08,2025-09-16,8.87,8.84,8.91,archive
Well-08,2025-09-17,8.87,8.84,8.91,archive
Well-08,2025-09-18,8.82,8.79,8.86,archive
Well-08,2025-09-19,8.87,8.84,8.91,archive
Well-08,2025-09-20,8.95,8.92,8.99,archive
Well-08,2025-09-21,9.03,9.0,9.07,archive
Well-08,2025-09-22,9.12,9.09,9.16,archive
Well-08,2025-09-23,9.12,9.09,9.16,archive
Well-08,2025-09-24,9.16,9.13,9.2,archive
Well-08,2025-09-25,9.25,9.22,9.29,archive
Well-08,2025-09-26,9.38,9.35,9.42,archive
Well-08,2025-09-27,9.47,9.44,9.51,archive
Well-08,2025-09-28,9.51,9.48,9.55,archive
Well-08,2025-09-29,9.57,9.54,9.61,archive
Well-08,2025-09-30,9.64,9.61,9.68,archive
Well-08,2025-10-01,9.67,9.64,9.71,archive
Well-08,2025-10-02,9.73,9.7,9.77,archive
Well-08,2025-10-03,9.7,9.67,9.74,archive
Well-08,2025-10-04,9.76,9.73,9.8,archive
Well-08,2025-10-05,9.79,9.76,9.83,archive
Well-08,2025-10-06,9.84,9.81,9.88,archive
Well-08,2025-10-07,9.83,9.8,9.87,archive
Well-08,2025-10-08,9.92,9.89,9.96,archive
Well-08,2025-10-09,10.0,9.97,10.04,archive
Well-08,2025-10-10,10.1,10.07,10.14,archive
Well-08,2025-10-11,10.16,10.13,10.2,archive
Well-08,2025-10-12,10.18,10.15,10.22,archive
Well-08,2025-10-13,10.16,10.13,10.2,archive
Well-08,2025-10-14,10.23,10.2,10.27,archive
Well-08,2025-10-15,10.17,10.14,10.21,archive
Well-08,2025-10-16,10.23,10.2,10.27,archive
Well-08,2025-10-17,10.32,10.29,10.36,archive
Well-08,2025-10-18,10.4,10.37,10.44,archive
Well-08,2025-10-19,10.5,10.47,10.54,archive
Well-08,2025-10-20,10.59,10.56,10.63,archive
Well-08,2025-10-21,10.51,10.48,10.55,archive
Well-08,2025-10-22,10.51,10.48,10.55,archive
Well-08,2025-10-23,10.7,10.67,10.74,archive
Well-08,2025-10-24,10.78,10.75,10.82,archive
Well-08,2025-10-25,10.87,10.84,10.91,archive
Well-08,2025-10-26,10.96,10.93,11.0,archive
Well-08,2025-10-27,11.04,11.01,11.08,archive
Well-08,2025-10-28,11.08,11.05,11.12,archive
Well-08,2025-10-29,11.16,11.13,11.2,archive
Well-08,2025-10-30,11.11,11.08,11.15,archive
Well-08,2025-10-31,11.17,11.14,11.21,archive
Well-08,2025-11-01,11.21,11.18,11.25,archive
Well-08,2025-11-02,11.27,11.24,11.31,archive
Well-08,2025-11-03,11.24,11.21,11.28,archive
Well-08,2025-11-04,11.35,11.32,11.39,archive
Well-08,2025-11-05,11.41,11.38,11.45,archive
Well-08,2025-11-06,11.49,11.46,11.53,archive
Well-08,2025-11-07,11.56,11.53,11.6,archive
Well-08,2025-11-08,11.53,11.5,11.57,archive
Well-08,2025-11-09,11.6,11.57,11.64,archive
Well-08,2025-11-10,11.69,11.66,11.73,archive
Well-08,2025-11-11,11.74,11.71,11.78,archive
Well-08,2025-11-12,11.89,11.86,11.93,archive
Well-08,2025-11-13,11.92,11.89,11.96,archive
Well-08,2025-11-14,12.03,12.0,12.07,archive
Well-08,2025-11-15,12.04,12.01,12.08,archive
Well-08,2025-11-16,12.15,12.12,12.19,archive
Well-08,2025-11-17,12.28,12.25,12.32,archive
Well-08,2025-11-18,12.35,12.32,12.39,archive
Well-08,2025-11-19,12.37,12.34,12.41,archive
Well-08,2025-11-20,12.51,12.48,12.55,archive
Well-08,2025-11-21,12.57,12.54,12.61,archive
Well-08,2025-11-22,12.67,12.64,12.71,archive
Well-08,2025-11-23,12.71,12.68,12.75,archive
Well-08,2025-11-24,12.82,12.79,12.86,archive
Well-08,2025-11-25,12.89,12.86,12.93,archive
Well-08,2025-11-26,12.93,12.9,12.97,archive
Well-08,2025-11-27,13.02,12.99,13.06,archive
Well-08,2025-11-28,13.11,13.08,13.15,archive
Well-08,2025-11-29,13.16,13.13,13.2,archive
Well-08,2025-11-30,13.19,13.16,13.23,archive
Well-08,2025-12-01,13.3,13.27,13.34,archive
Well-08,2025-12-02,13.28,13.25,13.32,archive
Well-08,2025-12-03,13.32,13.29,13.36,archive
Well-08,2025-12-04,13.35,13.32,13.39,archive
Well-08,2025-12-05,13.44,13.41,13.48,archive
Well-08,2025-12-06,13.51,13.48,13.55,archive
Well-08,2025-12-07,13.59,13.56,13.63,archive
Well-08,2025-12-08,13.59,13.56,13.63,archive
Well-08,2025-12-09,13.73,13.7,13.77,archive
Well-08,2025-12-10,13.76,13.73,13.8,archive
Well-08,2025-12-11,13.79,13.76,13.83,archive
Well-08,2025-12-12,13.88,13.85,13.92,archive
Well-08,2025-12-13,13.88,13.85,13.92,archive
Well-08,2025-12-14,13.97,13.94,14.01,archive
Well-08,2025-12-15,14.1,14.07,14.14,live
Well-08,2025-12-16,14.18,14.15,14.22,live
Well-08,2025-12-17,14.28,14.25,14.32,live
Well-08,2025-12-18,14.4,14.37,14.44,live
Well-08,2025-12-19,14.34,14.31,14.38,live
Well-08,2025-12-20,14.44,14.41,14.48,live
Well-08,2025-12-21,14.49,14.46,14.53,live
Well-08,2025-12-22,14.56,14.53,14.6,live
Well-08,2025-12-23,14.68,14.65,14.72,live
Well-08,2025-12-24,14.76,14.73,14.8,live
Well-08,2025-12-25,14.8,14.77,14.84,live
Well-08,2025-12-26,14.87,14.84,14.91,live
Well-08,2025-12-27,14.89,14.86,14.93,live
Well-08,2025-12-28,14.9,14.87,14.94,live
Well-08,2025-12-29,14.92,14.89,14.96,live
Well-08,2025-12-30,14.89,14.86,14.93,live
Well-08,2025-12-31,14.88,14.85,14.92,live
Well-08,2026-01-01,14.92,14.89,14.96,live
Well-08,2026-01-02,15.05,15.02,15.09,live
Well-08,2026-01-03,15.18,15.15,15.22,live
Well-08,2026-01-04,15.3,15.27,15.34,live
Well-08,2026-01-05,16.45,16.42,16.49,live
Well-08,2026-01-06,15.32,15.29,15.36,live
Well-08,2026-01-07,15.35,15.32,15.39,live
Well-08,2026-01-08,15.36,15.33,15.4,live
Well-08,2026-01-09,15.31,15.28,15.35,live
Well-08,2026-01-10,15.37,15.34,15.41,live
Well-08,2026-01-11,15.52,15.49,15.56,live
Well-08,2026-01-12,15.64,15.61,15.68,live
Well-08,2026-01-13,15.72,15.69,15.76,live
Well-08,2026-01-14,15.63,15.6,15.67,live
Well-08,2026-01-15,15.69,15.66,15.73,live
Well-08,2026-01-16,15.78,15.75,15.82,live
Well-08,2026-01-17,15.81,15.78,15.85,live
Well-08,2026-01-18,15.83,15.8,15.87,live
Well-08,2026-01-19,15.88,15.85,15.92,live
Well-08,2026-01-20,15.93,15.9,15.97,live
Well-08,2026-01-21,16.01,15.98,16.05,live
Well-08,2026-01-22,15.99,15.96,16.03,live
Well-08,2026-01-23,16.06,16.03,16.1,live
Well-08,2026-01-24,16.12,16.09,16.16,live
Well-08,2026-01-25,16.15,16.12,16.19,live
Well-08,2026-01-26,16.19,16.16,16.23,live
Well-08,2026-01-27,16.24,16.21,16.28,live
Well-08,2026-01-28,16.39,16.36,16.43,live
Well-08,2026-01-29,16.32,16.29,16.36,live
Well-08,2026-01-30,16.35,16.32,16.39,live
Well-08,2026-01-31,16.51,16.48,16.55,live
Well-08,2026-02-01,16.5,16.47,16.54,live
Well-08,2026-02-02,16.5,16.47,16.54,live
Well-08,2026-02-03,16.55,16.52,16.59,live
Well-08,2026-02-04,16.5,16.47,16.54,live
Well-08,2026-02-05,16.52,16.49,16.56,live
Well-08,2026-02-06,16.54,16.51,16.58,live
Well-08,2026-02-07,16.59,16.56,16.63,live
Well-08,2026-02-08,16.61,16.58,16.65,live
Well-08,2026-02-09,16.64,16.61,16.68,live
Well-08,2026-02-10,16.7,16.67,16.74,live
Well-08,2026-02-11,16.58,16.55,16.62,live
Well-08,2026-02-12,16.52,16.49,16.56,live
Well-08,2026-02-13,16.55,16.52,16.59,live
Well-08,2026-02-14,16.54,16.51,16.58,live
Well-08,2026-02-15,16.49,16.46,16.53,live
Well-08,2026-02-16,16.5,16.47,16.54,live
Well-08,2026-02-17,16.5,16.47,16.54,live
Well-08,2026-02-18,16.48,16.45,16.52,live
Well-08,2026-02-19,16.61,16.58,16.65,live
Well-08,2026-02-20,16.66,16.63,16.7,live
Well-08,2026-02-21,16.62,16.59,16.66,live
Well-08,2026-02-22,16.69,16.66,16.73,live
Well-08,2026-02-23,16.64,16.61,16.68,live
Well-08,2026-02-24,16.65,16.62,16.69,live
Well-08,2026-02-25,16.6,16.57,16.64,live
Well-08,2026-02-26,16.59,16.56,16.63,live
Well-08,2026-02-27,16.58,16.55,16.62,live
Well-08,2026-02-28,16.57,16.54,16.61,live
Well-08,2026-03-01,16.55,16.52,16.59,live
Well-08,2026-03-02,16.58,16.55,16.62,live
Well-08,2026-03-03,16.57,16.54,16.61,live
Well-08,2026-03-04,16.5,16.47,16.54,live
Well-08,2026-03-05,16.58,16.55,16.62,live
Well-08,2026-03-06,16.51,16.48,16.55,live
Well-08,2026-03-07,16.52,16.49,16.56,live
Well-08,2026-03-08,16.47,16.44,16.51,live
Well-08,2026-03-09,16.45,16.42,16.49,live
Well-08,2026-03-10,16.33,16.3,16.37,live
Well-08,2026-03-11,16.26,16.23,16.3,live
Well-08,2026-03-12,16.25,16.22,16.29,live
Well-08,2026-03-13,16.24,16.21,16.28,live
Well-08,2026-03-14,16.32,16.29,16.36,live
Well-08,2026-03-15,16.27,16.24,16.31,live
Well-08,2026-03-16,16.23,16.2,16.27,live
Well-08,2026-03-17,16.23,16.2,16.27,live
Well-08,2026-03-18,16.27,16.24,16.31,live
Well-08,2026-03-19,16.27,16.24,16.31,live
Well-08,2026-03-20,16.27,16.24,16.31,live
Well-08,2026-03-21,16.26,16.23,16.3,live
Well-08,2026-03-22,16.27,16.24,16.31,live
Well-08,2026-03-23,16.25,16.22,16.29,live
Well-08,2026-03-24,16.28,16.25,16.32,live
Well-08,2026-03-25,16.24,16.21,16.28,live
Well-08,2026-03-26,16.23,16.2,16.27,live
Well-08,2026-03-27,16.21,16.18,16.25,live
Well-08,2026-03-28,16.28,16.25,16.32,live
Well-08,2026-03-29,16.13,16.1,16.17,live
Well-08,2026-03-30,16.1,16.07,16.14,live
Well-08,2026-03-31,16.01,15.98,16.05,live
Well-08,2026-04-01,16.01,15.98,16.05,live
Well-08,2026-04-02,16.0,15.97,16.04,live
Well-08,2026-04-03,15.96,15.93,16.0,live
Well-08,2026-04-04,15.92,15.89,15.96,live
Well-08,2026-04-05,15.86,15.83,15.9,live
Well-08,2026-04-06,15.79,15.76,15.83,live
Well-08,2026-04-07,15.81,15.78,15.85,live
Well-08,2026-04-08,15.77,15.74,15.81,live
Well-08,2026-04-09,15.78,15.75,15.82,live
Well-08,2026-04-10,15.73,15.7,15.77,live
Well-08,2026-04-11,15.7,15.67,15.74,live
Well-08,2026-04-12,15.57,15.54,15.61,live
Well-08,2026-04-13,15.54,15.51,15.58,live
Well-08,2026-04-14,15.45,15.42,15.49,live
Well-08,2026-04-15,15.39,15.36,15.43,live
Well-08,2026-04-16,15.28,15.25,15.32,live
Well-08,2026-04-17,15.14,15.11,15.18,live
Well-08,2026-04-18,15.13,15.1,15.17,live
Well-08,2026-04-19,15.08,15.05,15.12,live
Well-08,2026-04-20,15.0,14.97,15.04,live
Well-08,2026-04-21,14.96,14.93,15.0,live
Well-08,2026-04-22,14.93,14.9,14.97,live
Well-08,2026-04-23,14.86,14.83,14.9,live
Well-08,2026-04-24,14.82,14.79,14.86,live
Well-08,2026-04-25,14.71,14.68,14.75,live
Well-08,2026-04-26,14.64,14.61,14.68,live
Well-08,2026-04-27,14.59,14.56,14.63,live
Well-08,2026-04-28,14.5,14.47,14.54,live
Well-08,2026-04-29,14.44,14.41,14.48,live
Well-08,2026-04-30,14.37,14.34,14.41,live
Well-08,2026-05-01,14.28,14.25,14.32,live
Well-08,2026-05-02,14.25,14.22,14.29,live
Well-08,2026-05-03,14.12,14.09,14.16,live
Well-08,2026-05-04,14.06,14.03,14.1,live
Well-08,2026-05-05,14.02,13.99,14.06,live
Well-08,2026-05-06,14.03,14.0,14.07,live
Well-08,2026-05-07,13.93,13.9,13.97,live
Well-08,2026-05-08,13.84,13.81,13.88,live
Well-08,2026-05-09,13.75,13.72,13.79,live
Well-08,2026-05-10,13.71,13.68,13.75,live
Well-08,2026-05-11,13.58,13.55,13.62,live
Well-08,2026-05-12,13.56,13.53,13.6,live
Well-08,2026-05-13,13.46,13.43,13.5,live
Well-08,2026-05-14,13.36,13.33,13.4,live
Well-08,2026-05-15,13.3,13.27,13.34,live
Well-08,2026-05-16,13.11,13.08,13.15,live
Well-08,2026-05-17,13.04,13.01,13.08,live
Well-08,2026-05-18,12.87,12.84,12.91,live
Well-08,2026-05-19,12.81,12.78,12.85,live
Well-08,2026-05-20,12.82,12.79,12.86,live
Well-08,2026-05-21,12.76,12.73,12.8,live
Well-08,2026-05-22,12.79,12.76,12.83,live
Well-08,2026-05-23,12.81,12.78,12.85,live
Well-08,2026-05-24,12.78,12.75,12.82,live
Well-08,2026-05-25,12.7,12.67,12.74,live
Well-08,2026-05-26,12.66,12.63,12.7,live
Well-08,2026-05-27,12.58,12.55,12.62,live
Well-08,2026-05-28,12.53,12.5,12.57,live
Well-08,2026-05-29,12.51,12.48,12.55,live
Well-08,2026-05-30,12.42,12.39,12.46,live
Well-08,2026-05-31,12.37,12.34,12.41,live
Well-08,2026-06-01,12.24,12.21,12.28,live
Well-08,2026-06-02,12.2,12.17,12.24,live
Well-08,2026-06-03,12.16,12.13,12.2,live
Well-08,2026-06-04,12.19,12.16,12.23,live
Well-08,2026-06-05,12.04,12.01,12.08,live
Well-08,2026-06-06,11.97,11.94,12.01,live
Well-08,2026-06-07,11.87,11.84,11.91,live
Well-08,2026-06-08,11.81,11.78,11.85,live
Well-08,2026-06-09,11.75,11.72,11.79,live
Well-08,2026-06-10,11.71,11.68,11.75,live
Well-08,2026-06-11,11.57,11.54,11.61,live
Well-08,2026-06-12,11.56,11.53,11.6,live
Well-08,2026-06-13,11.44,11.41,11.48,live
Well-08,2026-06-14,11.36,11.33,11.4,live
Well-08,2026-06-15,11.34,11.31,11.38,live
Well-08,2026-06-16,11.28,11.25,11.32,live
Well-08,2026-06-17,11.26,11.23,11.3,live
Well-08,2026-06-18,11.25,11.22,11.29,live
Well-08,2026-06-19,11.14,11.11,11.18,live
Well-08,2026-06-20,11.11,11.08,11.15,live
Well-08,2026-06-21,11.04,11.01,11.08,live
Well-08,2026-06-22,10.99,10.96,11.03,live
Well-08,2026-06-23,10.86,10.83,10.9,live
Well-08,2026-06-24,10.77,10.74,10.81,live
Well-08,2026-06-25,10.78,10.75,10.82,live
Well-08,2026-06-26,10.81,10.78,10.85,live
Well-08,2026-06-27,10.79,10.76,10.83,live
Well-08,2026-06-28,10.72,10.69,10.76,live
Well-08,2026-06-29,10.75,10.72,10.79,live
Well-08,2026-06-30,10.65,10.62,10.69,live
Well-08,2026-07-01,10.6,10.57,10.64,live
Well-08,2026-07-02,10.54,10.51,10.58,live
Well-08,2026-07-03,10.48,10.45,10.52,live
Well-08,2026-07-04,10.5,10.47,10.54,live
Well-08,2026-07-05,10.54,10.51,10.58,live
Well-08,2026-07-06,10.48,10.45,10.52,live
Well-08,2026-07-07,10.37,10.34,10.41,live
Well-08,2026-07-08,10.36,10.33,10.4,live
Well-08,2026-07-09,10.28,10.25,10.32,live
Well-08,2026-07-10,10.16,10.13,10.2,live
Well-08,2026-07-11,10.12,10.09,10.16,live
Well-08,2026-07-12,10.05,10.02,10.09,live
Well-08,2026-07-13,9.98,9.95,10.02,live
Well-08,2026-07-14,9.88,9.85,9.92,live
Well-08,2026-07-15,9.75,9.72,9.79,live
Well-08,2026-07-16,9.73,9.7,9.77,live
Well-08,2026-07-17,9.67,9.64,9.71,live
Well-08,2026-07-18,9.55,9.52,9.59,live
Well-08,2026-07-19,9.5,9.47,9.54,live
Well-08,2026-07-20,9.57,9.54,9.61,live
Well-08,2026-07-21,9.51,9.48,9.55,live
Well-08,2026-07-22,9.47,9.44,9.51,live
Well-08,2026-07-23,9.4,9.37,9.44,live
Well-08,2026-07-24,9.37,9.34,9.41,live
Well-08,2026-07-25,9.27,9.24,9.31,live
Well-08,2026-07-26,9.17,9.14,9.21,live
Well-08,2026-07-27,9.11,9.08,9.15,live
Well-08,2026-07-28,9.11,9.08,9.15,live
Well-08,2026-07-29,9.14,9.11,9.18,live
Well-08,2026-07-30,9.12,9.09,9.16,live
Well-08,2026-07-31,9.12,9.09,9.16,live
Well-08,2026-08-01,9.14,9.11,9.18,live
Well-08,2026-08-02,9.05,9.02,9.09,live
Well-08,2026-08-03,9.02,8.99,9.06,live
Well-08,2026-08-04,8.91,8.88,8.95,live
Well-08,2026-08-05,8.9,8.87,8.94,live
Well-08,2026-08-06,8.78,8.75,8.82,live
Well-08,2026-08-07,8.78,8.75,8.82,live
Well-08,2026-08-08,8.71,8.68,8.75,live
Well-08,2026-08-09,8.8,8.77,8.84,live
Well-08,2026-08-10,8.8,8.77,8.84,live
Well-08,2026-08-11,8.9,8.87,8.94,live
Well-08,2026-08-12,8.83,8.8,8.87,live
Well-08,2026-08-13,9.0,8.97,9.04,live
Well-08,2026-08-14,9.02,8.99,9.06,live
Well-08,2026-08-15,9.0,8.97,9.04,live
Well-08,2026-08-16,8.99,8.96,9.03,live
Well-08,2026-08-17,8.9,8.87,8.94,live
Well-08,2026-08-18,8.99,8.96,9.03,live
Well-08,2026-08-19,8.98,8.95,9.02,live
Well-08,2026-08-20,8.96,8.93,9.0,live
Well-08,2026-08-21,8.96,8.93,9.0,live
Well-08,2026-08-22,8.9,8.87,8.94,live
Well-08,2026-08-23,8.93,8.9,8.97,live
Well-08,2026-08-24,8.84,8.81,8.88,live
Well-08,2026-08-25,8.83,8.8,8.87,live
Well-08,2026-08-26,8.77,8.74,8.81,live
Well-08,2026-08-27,8.73,8.7,8.77,live
Well-08,2026-08-28,8.76,8.73,8.8,live
Well-08,2026-08-29,8.73,8.7,8.77,live
Well-08,2026-08-30,8.69,8.66,8.73,live
Well-08,2026-08-31,8.66,8.63,8.7,live
Well-08,2026-09-01,8.61,8.58,8.65,live
Well-08,2026-09-02,8.63,8.6,8.67,live
Well-08,2026-09-03,8.58,8.55,8.62,live
Well-08,2026-09-04,8.53,8.5,8.57,live
Well-08,2026-09-05,8.48,8.45,8.52,live
Well-08,2026-09-06,8.53,8.5,8.57,live
Well-08,2026-09-07,8.51,8.48,8.55,live
Well-08,2026-09-08,8.53,8.5,8.57,live
Well-08,2026-09-09,8.57,8.54,8.61,live
Well-08,2026-09-10,8.66,8.63,8.7,live
Well-08,2026-09-11,8.8,8.77,8.84,live
Well-08,2026-09-12,8.9,8.87,8.94,live
Well-08,2026-09-13,8.96,8.93,9.0,live
Well-08,2026-09-14,9.01,8.98,9.05,live
Well-08,2026-09-15,8.98,8.95,9.02,live
Well-08,2026-09-16,8.98,8.95,9.02,live
Well-08,2026-09-17,9.07,9.04,9.11,live
Well-08,2026-09-18,9.12,9.09,9.16,live
Well-08,2026-09-19,9.14,9.11,9.18,live
Well-08,2026-09-20,9.18,9.15,9.22,live
Well-08,2026-09-21,9.18,9.15,9.22,live
Well-08,2026-09-22,9.24,9.21,9.28,live
Well-08,2026-09-23,9.29,9.26,9.33,live
Well-08,2026-09-24,9.25,9.22,9.29,live
Well-09,2022-06-01,13.16,13.13,13.2,archive
Well-09,2022-06-02,13.18,13.15,13.22,archive
Well-09,2022-06-03,13.14,13.11,13.18,archive
Well-09,2022-06-04,13.13,13.1,13.17,archive
Well-09,2022-06-05,13.12,13.09,13.16,archive
Well-09,2022-06-06,13.11,13.08,13.15,archive
Well-09,2022-06-07,13.11,13.08,13.15,archive
Well-09,2022-06-08,13.09,13.06,13.13,archive
Well-09,2022-06-09,13.0,12.97,13.04,archive
Well-09,2022-06-10,12.9,12.87,12.94,archive
Well-09,2022-06-11,12.94,12.91,12.98,archive
Well-09,2022-06-12,12.89,12.86,12.93,archive
Well-09,2022-06-13,12.88,12.85,12.92,archive
Well-09,2022-06-14,12.8,12.77,12.84,archive
Well-09,2022-06-15,12.86,12.83,12.9,archive
Well-09,2022-06-16,12.85,12.82,12.89,archive
Well-09,2022-06-17,12.91,12.88,12.95,archive
Well-09,2022-06-18,12.91,12.88,12.95,archive
Well-09,2022-06-19,12.83,12.8,12.87,archive
Well-09,2022-06-20,12.8,12.77,12.84,archive
Well-09,2022-06-21,12.77,12.74,12.81,archive
Well-09,2022-06-22,12.67,12.64,12.71,archive
Well-09,2022-06-23,12.56,12.53,12.6,archive
Well-09,2022-06-24,12.64,12.61,12.68,archive
Well-09,2022-06-25,12.56,12.53,12.6,archive
Well-09,2022-06-26,12.62,12.59,12.66,archive
Well-09,2022-06-27,12.63,12.6,12.67,archive
Well-09,2022-06-28,12.6,12.57,12.64,archive
Well-09,2022-06-29,12.49,12.46,12.53,archive
Well-09,2022-06-30,12.46,12.43,12.5,archive
Well-09,2022-07-01,12.45,12.42,12.49,archive
Well-09,2022-07-02,12.44,12.41,12.48,archive
Well-09,2022-07-03,12.46,12.43,12.5,archive
Well-09,2022-07-04,12.55,12.52,12.59,archive
Well-09,2022-07-05,12.56,12.53,12.6,archive
Well-09,2022-07-06,12.58,12.55,12.62,archive
Well-09,2022-07-07,12.55,12.52,12.59,archive
Well-09,2022-07-08,12.55,12.52,12.59,archive
Well-09,2022-07-09,12.46,12.43,12.5,archive
Well-09,2022-07-10,12.4,12.37,12.44,archive
Well-09,2022-07-11,12.41,12.38,12.45,archive
Well-09,2022-07-12,12.39,12.36,12.43,archive
Well-09,2022-07-13,12.41,12.38,12.45,archive
Well-09,2022-07-14,12.41,12.38,12.45,archive
Well-09,2022-07-15,12.43,12.4,12.47,archive
Well-09,2022-07-16,12.35,12.32,12.39,archive
Well-09,2022-07-17,12.36,12.33,12.4,archive
Well-09,2022-07-18,12.32,12.29,12.36,archive
Well-09,2022-07-19,12.29,12.26,12.33,archive
Well-09,2022-07-20,12.38,12.35,12.42,archive
Well-09,2022-07-21,12.25,12.22,12.29,archive
Well-09,2022-07-22,12.23,12.2,12.27,archive
Well-09,2022-07-23,12.14,12.11,12.18,archive
Well-09,2022-07-24,12.07,12.04,12.11,archive
Well-09,2022-07-25,12.05,12.02,12.09,archive
Well-09,2022-07-26,12.08,12.05,12.12,archive
Well-09,2022-07-27,12.05,12.02,12.09,archive
Well-09,2022-07-28,12.08,12.05,12.12,archive
Well-09,2022-07-29,11.97,11.94,12.01,archive
Well-09,2022-07-30,12.04,12.01,12.08,archive
Well-09,2022-07-31,12.08,12.05,12.12,archive
Well-09,2022-08-01,12.01,11.98,12.05,archive
Well-09,2022-08-02,11.93,11.9,11.97,archive
Well-09,2022-08-03,12.0,11.97,12.04,archive
Well-09,2022-08-04,11.98,11.95,12.02,archive
Well-09,2022-08-05,12.04,12.01,12.08,archive
Well-09,2022-08-06,12.1,12.07,12.14,archive
Well-09,2022-08-07,12.11,12.08,12.15,archive
Well-09,2022-08-08,12.15,12.12,12.19,archive
Well-09,2022-08-09,12.2,12.17,12.24,archive
Well-09,2022-08-10,12.21,12.18,12.25,archive
Well-09,2022-08-11,12.18,12.15,12.22,archive
Well-09,2022-08-12,12.11,12.08,12.15,archive
Well-09,2022-08-13,12.07,12.04,12.11,archive
Well-09,2022-08-14,12.08,12.05,12.12,archive
Well-09,2022-08-15,12.07,12.04,12.11,archive
Well-09,2022-08-16,12.1,12.07,12.14,archive
Well-09,2022-08-17,12.04,12.01,12.08,archive
Well-09,2022-08-18,12.03,12.0,12.07,archive
Well-09,2022-08-19,12.09,12.06,12.13,archive
Well-09,2022-08-20,12.11,12.08,12.15,archive
Well-09,2022-08-21,12.07,12.04,12.11,archive
Well-09,2022-08-22,12.08,12.05,12.12,archive
Well-09,2022-08-23,12.16,12.13,12.2,archive
Well-09,2022-08-24,12.12,12.09,12.16,archive
Well-09,2022-08-25,12.11,12.08,12.15,archive
Well-09,2022-08-26,12.05,12.02,12.09,archive
Well-09,2022-08-27,11.99,11.96,12.03,archive
Well-09,2022-08-28,11.96,11.93,12.0,archive
Well-09,2022-08-29,11.94,11.91,11.98,archive
Well-09,2022-08-30,11.94,11.91,11.98,archive
Well-09,2022-08-31,11.95,11.92,11.99,archive
Well-09,2022-09-01,12.0,11.97,12.04,archive
Well-09,2022-09-02,12.03,12.0,12.07,archive
Well-09,2022-09-03,12.03,12.0,12.07,archive
Well-09,2022-09-04,12.01,11.98,12.05,archive
Well-09,2022-09-05,12.01,11.98,12.05,archive
Well-09,2022-09-06,11.94,11.91,11.98,archive
Well-09,2022-09-07,11.98,11.95,12.02,archive
Well-09,2022-09-08,11.99,11.96,12.03,archive
Well-09,2022-09-09,12.09,12.06,12.13,archive
Well-09,2022-09-10,12.11,12.08,12.15,archive
Well-09,2022-09-11,12.05,12.02,12.09,archive
Well-09,2022-09-12,12.06,12.03,12.1,archive
Well-09,2022-09-13,12.15,12.12,12.19,archive
Well-09,2022-09-14,12.15,12.12,12.19,archive
Well-09,2022-09-15,12.22,12.19,12.26,archive
Well-09,2022-09-16,12.19,12.16,12.23,archive
Well-09,2022-09-17,12.2,12.17,12.24,archive
Well-09,2022-09-18,12.24,12.21,12.28,archive
Well-09,2022-09-19,12.19,12.16,12.23,archive
Well-09,2022-09-20,12.2,12.17,12.24,archive
Well-09,2022-09-21,12.12,12.09,12.16,archive
Well-09,2022-09-22,12.18,12.15,12.22,archive
Well-09,2022-09-23,12.18,12.15,12.22,archive
Well-09,2022-09-24,12.22,12.19,12.26,archive
Well-09,2022-09-25,12.32,12.29,12.36,archive
Well-09,2022-09-26,12.38,12.35,12.42,archive
Well-09,2022-09-27,12.38,12.35,12.42,archive
Well-09,2022-09-28,12.34,12.31,12.38,archive
Well-09,2022-09-29,12.34,12.31,12.38,archive
Well-09,2022-09-30,12.33,12.3,12.37,archive
Well-09,2022-10-01,12.21,12.18,12.25,archive
Well-09,2022-10-02,12.25,12.22,12.29,archive
Well-09,2022-10-03,12.27,12.24,12.31,archive
Well-09,2022-10-04,12.28,12.25,12.32,archive
Well-09,2022-10-05,12.3,12.27,12.34,archive
Well-09,2022-10-06,12.37,12.34,12.41,archive
Well-09,2022-10-07,12.35,12.32,12.39,archive
Well-09,2022-10-08,12.33,12.3,12.37,archive
Well-09,2022-10-09,12.43,12.4,12.47,archive
Well-09,2022-10-10,12.45,12.42,12.49,archive
Well-09,2022-10-11,12.49,12.46,12.53,archive
Well-09,2022-10-12,12.47,12.44,12.51,archive
Well-09,2022-10-13,12.43,12.4,12.47,archive
Well-09,2022-10-14,12.46,12.43,12.5,archive
Well-09,2022-10-15,12.45,12.42,12.49,archive
Well-09,2022-10-16,12.38,12.35,12.42,archive
Well-09,2022-10-17,12.39,12.36,12.43,archive
Well-09,2022-10-18,12.37,12.34,12.41,archive
Well-09,2022-10-19,12.41,12.38,12.45,archive
Well-09,2022-10-20,12.43,12.4,12.47,archive
Well-09,2022-10-21,12.39,12.36,12.43,archive
Well-09,2022-10-22,12.52,12.49,12.56,archive
Well-09,2022-10-23,12.59,12.56,12.63,archive
Well-09,2022-10-24,12.55,12.52,12.59,archive
Well-09,2022-10-25,12.62,12.59,12.66,archive
Well-09,2022-10-26,12.61,12.58,12.65,archive
Well-09,2022-10-27,12.67,12.64,12.71,archive
Well-09,2022-10-28,12.73,12.7,12.77,archive
Well-09,2022-10-29,12.68,12.65,12.72,archive
Well-09,2022-10-30,12.77,12.74,12.81,archive
Well-09,2022-10-31,12.68,12.65,12.72,archive
Well-09,2022-11-01,12.69,12.66,12.73,archive
Well-09,2022-11-02,12.72,12.69,12.76,archive
Well-09,2022-11-03,12.67,12.64,12.71,archive
Well-09,2022-11-04,12.64,12.61,12.68,archive
Well-09,2022-11-05,12.73,12.7,12.77,archive
Well-09,2022-11-06,12.75,12.72,12.79,archive
Well-09,2022-11-07,12.81,12.78,12.85,archive
Well-09,2022-11-08,12.77,12.74,12.81,archive
Well-09,2022-11-09,12.84,12.81,12.88,archive
Well-09,2022-11-10,12.82,12.79,12.86,archive
Well-09,2022-11-11,12.95,12.92,12.99,archive
Well-09,2022-11-12,12.96,12.93,13.0,archive
Well-09,2022-11-13,13.03,13.0,13.07,archive
Well-09,2022-11-14,13.03,13.0,13.07,archive
Well-09,2022-11-15,13.06,13.03,13.1,archive
Well-09,2022-11-16,13.13,13.1,13.17,archive
Well-09,2022-11-17,13.14,13.11,13.18,archive
Well-09,2022-11-18,13.24,13.21,13.28,archive
Well-09,2022-11-19,13.3,13.27,13.34,archive
Well-09,2022-11-20,13.37,13.34,13.41,archive
Well-09,2022-11-21,13.41,13.38,13.45,archive
Well-09,2022-11-22,13.33,13.3,13.37,archive
Well-09,2022-11-23,13.83,13.8,13.87,archive
Well-09,2022-11-24,13.45,13.42,13.49,archive
Well-09,2022-11-25,13.46,13.43,13.5,archive
Well-09,2022-11-26,13.44,13.41,13.48,archive
Well-09,2022-11-27,13.48,13.45,13.52,archive
Well-09,2022-11-28,13.56,13.53,13.6,archive
Well-09,2022-11-29,13.51,13.48,13.55,archive
Well-09,2022-11-30,13.58,13.55,13.62,archive
Well-09,2022-12-01,13.68,13.65,13.72,archive
Well-09,2022-12-02,13.72,13.69,13.76,archive
Well-09,2022-12-03,13.74,13.71,13.78,archive
Well-09,2022-12-04,13.71,13.68,13.75,archive
Well-09,2022-12-05,13.7,13.67,13.74,archive
Well-09,2022-12-06,13.67,13.64,13.71,archive
Well-09,2022-12-07,13.63,13.6,13.67,archive
Well-09,2022-12-08,13.67,13.64,13.71,archive
Well-09,2022-12-09,13.68,13.65,13.72,archive
Well-09,2022-12-10,13.64,13.61,13.68,archive
Well-09,2022-12-11,13.65,13.62,13.69,archive
Well-09,2022-12-12,13.57,13.54,13.61,archive
Well-09,2022-12-13,13.57,13.54,13.61,archive
Well-09,2022-12-14,13.53,13.5,13.57,archive
Well-09,2022-12-15,13.55,13.52,13.59,archive
Well-09,2022-12-16,13.59,13.56,13.63,archive
Well-09,2022-12-17,13.53,13.5,13.57,archive
Well-09,2022-12-18,13.54,13.51,13.58,archive
Well-09,2022-12-19,13.57,13.54,13.61,archive
Well-09,2022-12-20,13.65,13.62,13.69,archive
Well-09,2022-12-21,13.6,13.57,13.64,archive
Well-09,2022-12-22,13.57,13.54,13.61,archive
Well-09,2022-12-23,13.61,13.58,13.65,archive
Well-09,2022-12-24,13.68,13.65,13.72,archive
Well-09,2022-12-25,13.73,13.7,13.77,archive
Well-09,2022-12-26,13.73,13.7,13.77,archive
Well-09,2022-12-27,13.83,13.8,13.87,archive
Well-09,2022-12-28,13.78,13.75,13.82,archive
Well-09,2022-12-29,13.83,13.8,13.87,archive
Well-09,2022-12-30,13.88,13.85,13.92,archive
Well-09,2022-12-31,13.89,13.86,13.93,archive
Well-09,2023-01-01,13.87,13.84,13.91,archive
Well-09,2023-01-02,13.89,13.86,13.93,archive
Well-09,2023-01-03,13.93,13.9,13.97,archive
Well-09,2023-01-04,13.93,13.9,13.97,archive
Well-09,2023-01-05,13.9,13.87,13.94,archive
Well-09,2023-01-06,13.92,13.89,13.96,archive
Well-09,2023-01-07,13.92,13.89,13.96,archive
Well-09,2023-01-08,14.04,14.01,14.08,archive
Well-09,2023-01-09,14.07,14.04,14.11,archive
Well-09,2023-01-10,14.08,14.05,14.12,archive
Well-09,2023-01-11,14.17,14.14,14.21,archive
Well-09,2023-01-12,14.15,14.12,14.19,archive
Well-09,2023-01-13,14.11,14.08,14.15,archive
Well-09,2023-01-14,14.15,14.12,14.19,archive
Well-09,2023-01-15,14.2,14.17,14.24,archive
Well-09,2023-01-16,14.19,14.16,14.23,archive
Well-09,2023-01-17,14.23,14.2,14.27,archive
Well-09,2023-01-18,14.23,14.2,14.27,archive
Well-09,2023-01-19,14.17,14.14,14.21,archive
Well-09,2023-01-20,14.19,14.16,14.23,archive
Well-09,2023-01-21,14.25,14.22,14.29,archive
Well-09,2023-01-22,14.31,14.28,14.35,archive
Well-09,2023-01-23,14.38,14.35,14.42,archive
Well-09,2023-01-24,14.43,14.4,14.47,archive
Well-09,2023-01-25,14.39,14.36,14.43,archive
Well-09,2023-01-26,14.41,14.38,14.45,archive
Well-09,2023-01-27,14.41,14.38,14.45,archive
Well-09,2023-01-28,14.4,14.37,14.44,archive
Well-09,2023-01-29,14.44,14.41,14.48,archive
Well-09,2023-01-30,14.37,14.34,14.41,archive
Well-09,2023-01-31,14.33,14.3,14.37,archive
Well-09,2023-02-01,14.39,14.36,14.43,archive
Well-09,2023-02-02,14.34,14.31,14.38,archive
Well-09,2023-02-03,14.38,14.35,14.42,archive
Well-09,2023-02-04,14.38,14.35,14.42,archive
Well-09,2023-02-05,14.32,14.29,14.36,archive
Well-09,2023-02-06,14.32,14.29,14.36,archive
Well-09,2023-02-07,14.36,14.33,14.4,archive
Well-09,2023-02-08,14.36,14.33,14.4,archive
Well-09,2023-02-09,14.41,14.38,14.45,archive
Well-09,2023-02-10,14.42,14.39,14.46,archive
Well-09,2023-02-11,14.42,14.39,14.46,archive
Well-09,2023-02-12,14.42,14.39,14.46,archive
Well-09,2023-02-13,14.51,14.48,14.55,archive
Well-09,2023-02-14,14.59,14.56,14.63,archive
Well-09,2023-02-15,14.54,14.51,14.58,archive
Well-09,2023-02-16,14.62,14.59,14.66,archive
Well-09,2023-02-17,14.55,14.52,14.59,archive
Well-09,2023-02-18,14.57,14.54,14.61,archive
Well-09,2023-02-19,14.52,14.49,14.56,archive
Well-09,2023-02-20,14.57,14.54,14.61,archive
Well-09,2023-02-21,14.59,14.56,14.63,archive
Well-09,2023-02-22,14.56,14.53,14.6,archive
Well-09,2023-02-23,14.5,14.47,14.54,archive
Well-09,2023-02-24,14.41,14.38,14.45,archive
Well-09,2023-02-25,14.43,14.4,14.47,archive
Well-09,2023-02-26,14.43,14.4,14.47,archive
Well-09,2023-02-27,14.44,14.41,14.48,archive
Well-09,2023-02-28,15.49,15.46,15.53,archive
Well-09,2023-03-01,14.5,14.47,14.54,archive
Well-09,2023-03-02,14.57,14.54,14.61,archive
Well-09,2023-03-03,14.6,14.57,14.64,archive
Well-09,2023-03-04,14.52,14.49,14.56,archive
Well-09,2023-03-05,14.51,14.48,14.55,archive
Well-09,2023-03-06,14.43,14.4,14.47,archive
Well-09,2023-03-07,14.32,14.29,14.36,archive
Well-09,2023-03-08,14.31,14.28,14.35,archive
Well-09,2023-03-09,14.35,14.32,14.39,archive
Well-09,2023-03-10,14.33,14.3,14.37,archive
Well-09,2023-03-11,14.34,14.31,14.38,archive
Well-09,2023-03-12,14.31,14.28,14.35,archive
Well-09,2023-03-13,14.31,14.28,14.35,archive
Well-09,2023-03-14,14.3,14.27,14.34,archive
Well-09,2023-03-15,14.25,14.22,14.29,archive
Well-09,2023-03-16,14.35,14.32,14.39,archive
Well-09,2023-03-17,14.37,14.34,14.41,archive
Well-09,2023-03-18,14.27,14.24,14.31,archive
Well-09,2023-03-19,14.33,14.3,14.37,archive
Well-09,2023-03-20,14.29,14.26,14.33,archive
Well-09,2023-03-21,14.29,14.26,14.33,archive
Well-09,2023-03-22,14.22,14.19,14.26,archive
Well-09,2023-03-23,14.21,14.18,14.25,archive
Well-09,2023-03-24,14.21,14.18,14.25,archive
Well-09,2023-03-25,14.13,14.1,14.17,archive
Well-09,2023-03-26,14.15,14.12,14.19,archive
Well-09,2023-03-27,14.2,14.17,14.24,archive
Well-09,2023-03-28,14.2,14.17,14.24,archive
Well-09,2023-03-29,14.11,14.08,14.15,archive
Well-09,2023-03-30,14.12,14.09,14.16,archive
Well-09,2023-03-31,14.18,14.15,14.22,archive
Well-09,2023-04-01,14.17,14.14,14.21,archive
Well-09,2023-04-02,14.17,14.14,14.21,archive
Well-09,2023-04-03,14.17,14.14,14.21,archive
Well-09,2023-04-04,14.18,14.15,14.22,archive
Well-09,2023-04-05,14.18,14.15,14.22,archive
Well-09,2023-04-06,14.14,14.11,14.18,archive
Well-09,2023-04-07,14.06,14.03,14.1,archive
Well-09,2023-04-08,14.07,14.04,14.11,archive
Well-09,2023-04-09,14.06,14.03,14.1,archive
Well-09,2023-04-10,14.11,14.08,14.15,archive
Well-09,2023-04-11,14.13,14.1,14.17,archive
Well-09,2023-04-12,14.15,14.12,14.19,archive
Well-09,2023-04-13,14.12,14.09,14.16,archive
Well-09,2023-04-14,14.07,14.04,14.11,archive
Well-09,2023-04-15,14.12,14.09,14.16,archive
Well-09,2023-04-16,14.07,14.04,14.11,archive
Well-09,2023-04-17,14.02,13.99,14.06,archive
Well-09,2023-04-18,13.97,13.94,14.01,archive
Well-09,2023-04-19,14.05,14.02,14.09,archive
Well-09,2023-04-20,14.05,14.02,14.09,archive
Well-09,2023-04-21,14.07,14.04,14.11,archive
Well-09,2023-04-22,14.07,14.04,14.11,archive
Well-09,2023-04-23,14.02,13.99,14.06,archive
Well-09,2023-04-24,14.01,13.98,14.05,archive
Well-09,2023-04-25,13.98,13.95,14.02,archive
Well-09,2023-04-26,14.02,13.99,14.06,archive
Well-09,2023-04-27,14.01,13.98,14.05,archive
Well-09,2023-04-28,14.01,13.98,14.05,archive
Well-09,2023-04-29,13.94,13.91,13.98,archive
Well-09,2023-04-30,13.98,13.95,14.02,archive
Well-09,2023-05-01,13.95,13.92,13.99,archive
Well-09,2023-05-02,13.91,13.88,13.95,archive
Well-09,2023-05-03,13.9,13.87,13.94,archive
Well-09,2023-05-04,13.93,13.9,13.97,archive
Well-09,2023-05-05,13.98,13.95,14.02,archive
Well-09,2023-05-06,13.82,13.79,13.86,archive
Well-09,2023-05-07,13.78,13.75,13.82,archive
Well-09,2023-05-08,13.78,13.75,13.82,archive
Well-09,2023-05-09,13.77,13.74,13.81,archive
Well-09,2023-05-10,13.73,13.7,13.77,archive
Well-09,2023-05-11,13.67,13.64,13.71,archive
Well-09,2023-05-12,13.64,13.61,13.68,archive
Well-09,2023-05-13,13.61,13.58,13.65,archive
Well-09,2023-05-14,13.55,13.52,13.59,archive
Well-09,2023-05-15,13.55,13.52,13.59,archive
Well-09,2023-05-16,13.51,13.48,13.55,archive
Well-09,2023-05-17,13.53,13.5,13.57,archive
Well-09,2023-05-18,13.48,13.45,13.52,archive
Well-09,2023-05-19,13.51,13.48,13.55,archive
Well-09,2023-05-20,13.55,13.52,13.59,archive
Well-09,2023-05-21,13.57,13.54,13.61,archive
Well-09,2023-05-22,13.52,13.49,13.56,archive
Well-09,2023-05-23,13.47,13.44,13.51,archive
Well-09,2023-05-24,13.46,13.43,13.5,archive
Well-09,2023-05-25,13.41,13.38,13.45,archive
Well-09,2023-05-26,13.44,13.41,13.48,archive
Well-09,2023-05-27,13.38,13.35,13.42,archive
Well-09,2023-05-28,13.31,13.28,13.35,archive
Well-09,2023-05-29,13.33,13.3,13.37,archive
Well-09,2023-05-30,13.27,13.24,13.31,archive
Well-09,2023-05-31,13.22,13.19,13.26,archive
Well-09,2023-06-01,13.1,13.07,13.14,archive
Well-09,2023-06-02,13.1,13.07,13.14,archive
Well-09,2023-06-03,13.0,12.97,13.04,archive
Well-09,2023-06-04,12.98,12.95,13.02,archive
Well-09,2023-06-05,12.98,12.95,13.02,archive
Well-09,2023-06-06,13.01,12.98,13.05,archive
Well-09,2023-06-07,13.04,13.01,13.08,archive
Well-09,2023-06-08,13.04,13.01,13.08,archive
Well-09,2023-06-09,12.97,12.94,13.01,archive
Well-09,2023-06-10,12.94,12.91,12.98,archive
Well-09,2023-06-11,12.96,12.93,13.0,archive
Well-09,2023-06-12,12.97,12.94,13.01,archive
Well-09,2023-06-13,12.95,12.92,12.99,archive
Well-09,2023-06-14,12.81,12.78,12.85,archive
Well-09,2023-06-15,12.8,12.77,12.84,archive
Well-09,2023-06-16,12.8,12.77,12.84,archive
Well-09,2023-06-17,12.72,12.69,12.76,archive
Well-09,2023-06-18,12.66,12.63,12.7,archive
Well-09,2023-06-19,12.74,12.71,12.78,archive
Well-09,2023-06-20,12.8,12.77,12.84,archive
Well-09,2023-06-21,12.86,12.83,12.9,archive
Well-09,2023-06-22,12.84,12.81,12.88,archive
Well-09,2023-06-23,12.8,12.77,12.84,archive
Well-09,2023-06-24,12.79,12.76,12.83,archive
Well-09,2023-06-25,12.8,12.77,12.84,archive
Well-09,2023-06-26,12.81,12.78,12.85,archive
Well-09,2023-06-27,12.89,12.86,12.93,archive
Well-09,2023-06-28,12.83,12.8,12.87,archive
Well-09,2023-06-29,12.81,12.78,12.85,archive
Well-09,2023-06-30,12.76,12.73,12.8,archive
Well-09,2023-07-01,12.74,12.71,12.78,archive
Well-09,2023-07-02,12.65,12.62,12.69,archive
Well-09,2023-07-03,12.53,12.5,12.57,archive
Well-09,2023-07-04,12.54,12.51,12.58,archive
Well-09,2023-07-05,12.44,12.41,12.48,archive
Well-09,2023-07-06,12.32,12.29,12.36,archive
Well-09,2023-07-07,12.29,12.26,12.33,archive
Well-09,2023-07-08,12.4,12.37,12.44,archive
Well-09,2023-07-09,12.31,12.28,12.35,archive
Well-09,2023-07-10,12.25,12.22,12.29,archive
Well-09,2023-07-11,12.26,12.23,12.3,archive
Well-09,2023-07-12,12.3,12.27,12.34,archive
Well-09,2023-07-13,12.24,12.21,12.28,archive
Well-09,2023-07-14,12.14,12.11,12.18,archive
Well-09,2023-07-15,12.12,12.09,12.16,archive
Well-09,2023-07-16,12.22,12.19,12.26,archive
Well-09,2023-07-17,12.22,12.19,12.26,archive
Well-09,2023-07-18,12.24,12.21,12.28,archive
Well-09,2023-07-19,12.15,12.12,12.19,archive
Well-09,2023-07-20,12.2,12.17,12.24,archive
Well-09,2023-07-21,12.25,12.22,12.29,archive
Well-09,2023-07-22,12.21,12.18,12.25,archive
Well-09,2023-07-23,12.19,12.16,12.23,archive
Well-09,2023-07-24,12.17,12.14,12.21,archive
Well-09,2023-07-25,12.1,12.07,12.14,archive
Well-09,2023-07-26,12.14,12.11,12.18,archive
Well-09,2023-07-27,12.23,12.2,12.27,archive
Well-09,2023-07-28,12.16,12.13,12.2,archive
Well-09,2023-07-29,12.19,12.16,12.23,archive
Well-09,2023-07-30,12.21,12.18,12.25,archive
Well-09,2023-07-31,12.22,12.19,12.26,archive
Well-09,2023-08-01,12.33,12.3,12.37,archive
Well-09,2023-08-02,12.3,12.27,12.34,archive
Well-09,2023-08-03,12.26,12.23,12.3,archive
Well-09,2023-08-04,12.19,12.16,12.23,archive
Well-09,2023-08-05,12.21,12.18,12.25,archive
Well-09,2023-08-06,12.22,12.19,12.26,archive
Well-09,2023-08-07,12.24,12.21,12.28,archive
Well-09,2023-08-08,12.19,12.16,12.23,archive
Well-09,2023-08-09,12.3,12.27,12.34,archive
Well-09,2023-08-10,12.28,12.25,12.32,archive
Well-09,2023-08-11,12.27,12.24,12.31,archive
Well-09,2023-08-12,12.27,12.24,12.31,archive
Well-09,2023-08-13,12.29,12.26,12.33,archive
Well-09,2023-08-14,12.24,12.21,12.28,archive
Well-09,2023-08-15,12.23,12.2,12.27,archive
Well-09,2023-08-16,12.26,12.23,12.3,archive
Well-09,2023-08-17,12.27,12.24,12.31,archive
Well-09,2023-08-18,12.16,12.13,12.2,archive
Well-09,2023-08-19,12.09,12.06,12.13,archive
Well-09,2023-08-20,12.13,12.1,12.17,archive
Well-09,2023-08-21,12.15,12.12,12.19,archive
Well-09,2023-08-22,12.13,12.1,12.17,archive
Well-09,2023-08-23,12.19,12.16,12.23,archive
Well-09,2023-08-24,12.14,12.11,12.18,archive
Well-09,2023-08-25,12.07,12.04,12.11,archive
Well-09,2023-08-26,12.06,12.03,12.1,archive
Well-09,2023-08-27,12.14,12.11,12.18,archive
Well-09,2023-08-28,12.16,12.13,12.2,archive
Well-09,2023-08-29,12.19,12.16,12.23,archive
Well-09,2023-08-30,12.28,12.25,12.32,archive
Well-09,2023-08-31,12.13,12.1,12.17,archive
Well-09,2023-09-01,12.04,12.01,12.08,archive
Well-09,2023-09-02,11.98,11.95,12.02,archive
Well-09,2023-09-03,12.0,11.97,12.04,archive
Well-09,2023-09-04,11.95,11.92,11.99,archive
Well-09,2023-09-05,12.0,11.97,12.04,archive
Well-09,2023-09-06,12.09,12.06,12.13,archive
Well-09,2023-09-07,12.14,12.11,12.18,archive
Well-09,2023-09-08,12.23,12.2,12.27,archive
Well-09,2023-09-09,12.27,12.24,12.31,archive
Well-09,2023-09-10,12.22,12.19,12.26,archive
Well-09,2023-09-11,12.23,12.2,12.27,archive
Well-09,2023-09-12,12.23,12.2,12.27,archive
Well-09,2023-09-13,12.21,12.18,12.25,archive
Well-09,2023-09-14,12.27,12.24,12.31,archive
Well-09,2023-09-15,12.22,12.19,12.26,archive
Well-09,2023-09-16,12.22,12.19,12.26,archive
Well-09,2023-09-17,12.17,12.14,12.21,archive
Well-09,2023-09-18,12.22,12.19,12.26,archive
Well-09,2023-09-19,12.33,12.3,12.37,archive
Well-09,2023-09-20,12.28,12.25,12.32,archive
Well-09,2023-09-21,12.26,12.23,12.3,archive
Well-09,2023-09-22,12.3,12.27,12.34,archive
Well-09,2023-09-23,12.32,12.29,12.36,archive
Well-09,2023-09-24,12.29,12.26,12.33,archive
Well-09,2023-09-25,12.28,12.25,12.32,archive
Well-09,2023-09-26,12.25,12.22,12.29,archive
Well-09,2023-09-27,12.23,12.2,12.27,archive
Well-09,2023-09-28,12.22,12.19,12.26,archive
Well-09,2023-09-29,12.24,12.21,12.28,archive
Well-09,2023-09-30,12.27,12.24,12.31,archive
Well-09,2023-10-01,12.33,12.3,12.37,archive
Well-09,2023-10-02,12.33,12.3,12.37,archive
Well-09,2023-10-03,12.39,12.36,12.43,archive
Well-09,2023-10-04,12.43,12.4,12.47,archive
Well-09,2023-10-05,12.43,12.4,12.47,archive
Well-09,2023-10-06,12.4,12.37,12.44,archive
Well-09,2023-10-07,12.47,12.44,12.51,archive
Well-09,2023-10-08,12.45,12.42,12.49,archive
Well-09,2023-10-09,12.56,12.53,12.6,archive
Well-09,2023-10-10,12.54,12.51,12.58,archive
Well-09,2023-10-11,12.52,12.49,12.56,archive
Well-09,2023-10-12,12.5,12.47,12.54,archive
Well-09,2023-10-13,12.45,12.42,12.49,archive
Well-09,2023-10-14,12.39,12.36,12.43,archive
Well-09,2023-10-15,12.41,12.38,12.45,archive
Well-09,2023-10-16,12.44,12.41,12.48,archive
Well-09,2023-10-17,12.45,12.42,12.49,archive
Well-09,2023-10-18,12.46,12.43,12.5,archive
Well-09,2023-10-19,12.4,12.37,12.44,archive
Well-09,2023-10-20,12.47,12.44,12.51,archive
Well-09,2023-10-21,12.54,12.51,12.58,archive
Well-09,2023-10-22,12.54,12.51,12.58,archive
Well-09,2023-10-23,12.49,12.46,12.53,archive
Well-09,2023-10-24,12.58,12.55,12.62,archive
Well-09,2023-10-25,12.62,12.59,12.66,archive
Well-09,2023-10-26,12.62,12.59,12.66,archive
Well-09,2023-10-27,12.67,12.64,12.71,archive
Well-09,2023-10-28,12.71,12.68,12.75,archive
Well-09,2023-10-29,12.7,12.67,12.74,archive
Well-09,2023-10-30,12.76,12.73,12.8,archive
Well-09,2023-10-31,12.84,12.81,12.88,archive
Well-09,2023-11-01,13.85,13.82,13.89,archive
Well-09,2023-11-02,14.38,14.35,14.42,archive
Well-09,2023-11-03,12.94,12.91,12.98,archive
Well-09,2023-11-04,12.94,12.91,12.98,archive
Well-09,2023-11-05,12.96,12.93,13.0,archive
Well-09,2023-11-06,12.85,12.82,12.89,archive
Well-09,2023-11-07,12.77,12.74,12.81,archive
Well-09,2023-11-08,12.87,12.84,12.91,archive
Well-09,2023-11-09,12.86,12.83,12.9,archive
Well-09,2023-11-10,12.83,12.8,12.87,archive
Well-09,2023-11-11,12.85,12.82,12.89,archive
Well-09,2023-11-12,12.89,12.86,12.93,archive
Well-09,2023-11-13,12.96,12.93,13.0,archive
Well-09,2023-11-14,12.97,12.94,13.01,archive
Well-09,2023-11-15,13.07,13.04,13.11,archive
Well-09,2023-11-16,13.05,13.02,13.09,archive
Well-09,2023-11-17,13.12,13.09,13.16,archive
Well-09,2023-11-18,13.52,13.49,13.56,archive
Well-09,2023-11-19,13.07,13.04,13.11,archive
Well-09,2023-11-20,13.13,13.1,13.17,archive
Well-09,2023-11-21,13.14,13.11,13.18,archive
Well-09,2023-11-22,13.18,13.15,13.22,archive
Well-09,2023-11-23,13.22,13.19,13.26,archive
Well-09,2023-11-24,13.33,13.3,13.37,archive
Well-09,2023-11-25,13.31,13.28,13.35,archive
Well-09,2023-11-26,13.32,13.29,13.36,archive
Well-09,2023-11-27,13.39,13.36,13.43,archive
Well-09,2023-11-28,13.47,13.44,13.51,archive
Well-09,2023-11-29,13.45,13.42,13.49,archive
Well-09,2023-11-30,13.38,13.35,13.42,archive
Well-09,2023-12-01,13.38,13.35,13.42,archive
Well-09,2023-12-02,13.42,13.39,13.46,archive
Well-09,2023-12-03,13.41,13.38,13.45,archive
Well-09,2023-12-04,13.42,13.39,13.46,archive
Well-09,2023-12-05,13.46,13.43,13.5,archive
Well-09,2023-12-06,13.39,13.36,13.43,archive
Well-09,2023-12-07,13.42,13.39,13.46,archive
Well-09,2023-12-08,13.5,13.47,13.54,archive
Well-09,2023-12-09,13.53,13.5,13.57,archive
Well-09,2023-12-10,13.61,13.58,13.65,archive
Well-09,2023-12-11,13.54,13.51,13.58,archive
Well-09,2023-12-12,13.48,13.45,13.52,archive
Well-09,2023-12-13,13.53,13.5,13.57,archive
Well-09,2023-12-14,13.64,13.61,13.68,archive
Well-09,2023-12-15,13.6,13.57,13.64,archive
Well-09,2023-12-16,13.57,13.54,13.61,archive
Well-09,2023-12-17,13.67,13.64,13.71,archive
Well-09,2023-12-18,13.63,13.6,13.67,archive
Well-09,2023-12-19,13.63,13.6,13.67,archive
Well-09,2023-12-20,13.61,13.58,13.65,archive
Well-09,2023-12-21,13.68,13.65,13.72,archive
Well-09,2023-12-22,13.71,13.68,13.75,archive
Well-09,2023-12-23,13.77,13.74,13.81,archive
Well-09,2023-12-24,13.74,13.71,13.78,archive
Well-09,2023-12-25,13.79,13.76,13.83,archive
Well-09,2023-12-26,13.78,13.75,13.82,archive
Well-09,2023-12-27,13.76,13.73,13.8,archive
Well-09,2023-12-28,13.79,13.76,13.83,archive
Well-09,2023-12-29,13.82,13.79,13.86,archive
Well-09,2023-12-30,13.82,13.79,13.86,archive
Well-09,2023-12-31,13.84,13.81,13.88,archive
Well-09,2024-01-01,13.89,13.86,13.93,archive
Well-09,2024-01-02,13.98,13.95,14.02,archive
Well-09,2024-01-03,13.96,13.93,14.0,archive
Well-09,2024-01-04,14.0,13.97,14.04,archive
Well-09,2024-01-05,14.04,14.01,14.08,archive
Well-09,2024-01-06,14.05,14.02,14.09,archive
Well-09,2024-01-07,14.07,14.04,14.11,archive
Well-09,2024-01-08,14.03,14.0,14.07,archive
Well-09,2024-01-09,14.0,13.97,14.04,archive
Well-09,2024-01-10,14.03,14.0,14.07,archive
Well-09,2024-01-11,14.1,14.07,14.14,archive
Well-09,2024-01-12,14.05,14.02,14.09,archive
Well-09,2024-01-13,14.07,14.04,14.11,archive
Well-09,2024-01-14,14.15,14.12,14.19,archive
Well-09,2024-01-15,14.12,14.09,14.16,archive
Well-09,2024-01-16,14.1,14.07,14.14,archive
Well-09,2024-01-17,14.05,14.02,14.09,archive
Well-09,2024-01-18,14.04,14.01,14.08,archive
Well-09,2024-01-19,14.07,14.04,14.11,archive
Well-09,2024-01-20,14.08,14.05,14.12,archive
Well-09,2024-01-21,14.05,14.02,14.09,archive
Well-09,2024-01-22,14.09,14.06,14.13,archive
Well-09,2024-01-23,14.12,14.09,14.16,archive
Well-09,2024-01-24,14.1,14.07,14.14,archive
Well-09,2024-01-25,14.1,14.07,14.14,archive
Well-09,2024-01-26,14.13,14.1,14.17,archive
Well-09,2024-01-27,15.26,15.23,15.3,archive
Well-09,2024-01-28,14.09,14.06,14.13,archive
Well-09,2024-01-29,14.08,14.05,14.12,archive
Well-09,2024-01-30,14.22,14.19,14.26,archive
Well-09,2024-01-31,14.28,14.25,14.32,archive
Well-09,2024-02-01,14.37,14.34,14.41,archive
Well-09,2024-02-02,14.37,14.34,14.41,archive
Well-09,2024-02-03,14.36,14.33,14.4,archive
Well-09,2024-02-04,14.32,14.29,14.36,archive
Well-09,2024-02-05,14.28,14.25,14.32,archive
Well-09,2024-02-06,14.27,14.24,14.31,archive
Well-09,2024-02-07,14.3,14.27,14.34,archive
Well-09,2024-02-08,14.27,14.24,14.31,archive
Well-09,2024-02-09,14.28,14.25,14.32,archive
Well-09,2024-02-10,14.33,14.3,14.37,archive
Well-09,2024-02-11,14.45,14.42,14.49,archive
Well-09,2024-02-12,14.49,14.46,14.53,archive
Well-09,2024-02-13,14.42,14.39,14.46,archive
Well-09,2024-02-14,14.39,14.36,14.43,archive
Well-09,2024-02-15,14.44,14.41,14.48,archive
Well-09,2024-02-16,14.45,14.42,14.49,archive
Well-09,2024-02-17,14.55,14.52,14.59,archive
Well-09,2024-02-18,14.56,14.53,14.6,archive
Well-09,2024-02-19,14.53,14.5,14.57,archive
Well-09,2024-02-20,14.44,14.41,14.48,archive
Well-09,2024-02-21,14.38,14.35,14.42,archive
Well-09,2024-02-22,14.41,14.38,14.45,archive
Well-09,2024-02-23,14.48,14.45,14.52,archive
Well-09,2024-02-24,14.46,14.43,14.5,archive
Well-09,2024-02-25,14.41,14.38,14.45,archive
Well-09,2024-02-26,14.37,14.34,14.41,archive
Well-09,2024-02-27,14.33,14.3,14.37,archive
Well-09,2024-02-28,14.34,14.31,14.38,archive
Well-09,2024-02-29,14.35,14.32,14.39,archive
Well-09,2024-03-01,14.31,14.28,14.35,archive
Well-09,2024-03-02,14.24,14.21,14.28,archive
Well-09,2024-03-03,14.28,14.25,14.32,archive
Well-09,2024-03-04,14.28,14.25,14.32,archive
Well-09,2024-03-05,14.34,14.31,14.38,archive
Well-09,2024-03-06,14.25,14.22,14.29,archive
Well-09,2024-03-07,14.28,14.25,14.32,archive
Well-09,2024-03-08,14.3,14.27,14.34,archive
Well-09,2024-03-09,14.38,14.35,14.42,archive
Well-09,2024-03-10,14.45,14.42,14.49,archive
Well-09,2024-03-11,14.48,14.45,14.52,archive
Well-09,2024-03-12,14.46,14.43,14.5,archive
Well-09,2024-03-13,14.57,14.54,14.61,archive
Well-09,2024-03-14,14.52,14.49,14.56,archive
Well-09,2024-03-15,14.5,14.47,14.54,archive
Well-09,2024-03-16,14.48,14.45,14.52,archive
Well-09,2024-03-17,14.46,14.43,14.5,archive
Well-09,2024-03-18,14.44,14.41,14.48,archive
Well-09,2024-03-19,14.39,14.36,14.43,archive
Well-09,2024-03-20,14.33,14.3,14.37,archive
Well-09,2024-03-21,14.43,14.4,14.47,archive
Well-09,2024-03-22,14.38,14.35,14.42,archive
Well-09,2024-03-23,14.46,14.43,14.5,archive
Well-09,2024-03-24,14.45,14.42,14.49,archive
Well-09,2024-03-25,14.74,14.71,14.78,archive
Well-09,2024-03-26,14.27,14.24,14.31,archive
Well-09,2024-03-27,14.25,14.22,14.29,archive
Well-09,2024-03-28,14.18,14.15,14.22,archive
Well-09,2024-03-29,14.16,14.13,14.2,archive
Well-09,2024-03-30,14.23,14.2,14.27,archive
Well-09,2024-03-31,14.15,14.12,14.19,archive
Well-09,2024-04-01,14.21,14.18,14.25,archive
Well-09,2024-04-02,14.17,14.14,14.21,archive
Well-09,2024-04-03,14.13,14.1,14.17,archive
Well-09,2024-04-04,14.06,14.03,14.1,archive
Well-09,2024-04-05,13.99,13.96,14.03,archive
Well-09,2024-04-06,13.96,13.93,14.0,archive
Well-09,2024-04-07,13.96,13.93,14.0,archive
Well-09,2024-04-08,13.89,13.86,13.93,archive
Well-09,2024-04-09,13.82,13.79,13.86,archive
Well-09,2024-04-10,13.77,13.74,13.81,archive
Well-09,2024-04-11,13.83,13.8,13.87,archive
Well-09,2024-04-12,13.76,13.73,13.8,archive
Well-09,2024-04-13,13.9,13.87,13.94,archive
Well-09,2024-04-14,13.86,13.83,13.9,archive
Well-09,2024-04-15,13.85,13.82,13.89,archive
Well-09,2024-04-16,13.89,13.86,13.93,archive
Well-09,2024-04-17,13.92,13.89,13.96,archive
Well-09,2024-04-18,13.96,13.93,14.0,archive
Well-09,2024-04-19,13.97,13.94,14.01,archive
Well-09,2024-04-20,13.95,13.92,13.99,archive
Well-09,2024-04-21,13.84,13.81,13.88,archive
Well-09,2024-04-22,13.83,13.8,13.87,archive
Well-09,2024-04-23,13.8,13.77,13.84,archive
Well-09,2024-04-24,13.77,13.74,13.81,archive
Well-09,2024-04-25,13.86,13.83,13.9,archive
Well-09,2024-04-26,13.79,13.76,13.83,archive
Well-09,2024-04-27,13.74,13.71,13.78,archive
Well-09,2024-04-28,13.78,13.75,13.82,archive
Well-09,2024-04-29,13.67,13.64,13.71,archive
Well-09,2024-04-30,13.68,13.65,13.72,archive
Well-09,2024-05-01,13.65,13.62,13.69,archive
Well-09,2024-05-02,13.63,13.6,13.67,archive
Well-09,2024-05-03,13.59,13.56,13.63,archive
Well-09,2024-05-04,13.6,13.57,13.64,archive
Well-09,2024-05-05,13.56,13.53,13.6,archive
Well-09,2024-05-06,13.5,13.47,13.54,archive
Well-09,2024-05-07,13.46,13.43,13.5,archive
Well-09,2024-05-08,13.49,13.46,13.53,archive
Well-09,2024-05-09,13.44,13.41,13.48,archive
Well-09,2024-05-10,13.36,13.33,13.4,archive
Well-09,2024-05-11,13.26,13.23,13.3,archive
Well-09,2024-05-12,13.36,13.33,13.4,archive
Well-09,2024-05-13,13.45,13.42,13.49,archive
Well-09,2024-05-14,13.46,13.43,13.5,archive
Well-09,2024-05-15,13.48,13.45,13.52,archive
Well-09,2024-05-16,13.47,13.44,13.51,archive
Well-09,2024-05-17,13.43,13.4,13.47,archive
Well-09,2024-05-18,13.45,13.42,13.49,archive
Well-09,2024-05-19,13.48,13.45,13.52,archive
Well-09,2024-05-20,13.48,13.45,13.52,archive
Well-09,2024-05-21,13.45,13.42,13.49,archive
Well-09,2024-05-22,13.41,13.38,13.45,archive
Well-09,2024-05-23,13.34,13.31,13.38,archive
Well-09,2024-05-24,13.45,13.42,13.49,archive
Well-09,2024-05-25,13.4,13.37,13.44,archive
Well-09,2024-05-26,13.49,13.46,13.53,archive
Well-09,2024-05-27,13.44,13.41,13.48,archive
Well-09,2024-05-28,13.38,13.35,13.42,archive
Well-09,2024-05-29,13.35,13.32,13.39,archive
Well-09,2024-05-30,13.35,13.32,13.39,archive
Well-09,2024-05-31,13.41,13.38,13.45,archive
Well-09,2024-06-01,13.32,13.29,13.36,archive
Well-09,2024-06-02,13.39,13.36,13.43,archive
Well-09,2024-06-03,13.41,13.38,13.45,archive
Well-09,2024-06-04,13.24,13.21,13.28,archive
Well-09,2024-06-05,13.11,13.08,13.15,archive
Well-09,2024-06-06,13.1,13.07,13.14,archive
Well-09,2024-06-07,13.1,13.07,13.14,archive
Well-09,2024-06-08,13.13,13.1,13.17,archive
Well-09,2024-06-09,13.06,13.03,13.1,archive
Well-09,2024-06-10,13.06,13.03,13.1,archive
Well-09,2024-06-11,13.04,13.01,13.08,archive
Well-09,2024-06-12,13.05,13.02,13.09,archive
Well-09,2024-06-13,13.07,13.04,13.11,archive
Well-09,2024-06-14,13.05,13.02,13.09,archive
Well-09,2024-06-15,13.06,13.03,13.1,archive
Well-09,2024-06-16,13.08,13.05,13.12,archive
Well-09,2024-06-17,13.08,13.05,13.12,archive
Well-09,2024-06-18,13.07,13.04,13.11,archive
Well-09,2024-06-19,12.99,12.96,13.03,archive
Well-09,2024-06-20,12.97,12.94,13.01,archive
Well-09,2024-06-21,12.91,12.88,12.95,archive
Well-09,2024-06-22,12.88,12.85,12.92,archive
Well-09,2024-06-23,12.83,12.8,12.87,archive
Well-09,2024-06-24,12.82,12.79,12.86,archive
Well-09,2024-06-25,12.79,12.76,12.83,archive
Well-09,2024-06-26,12.74,12.71,12.78,archive
Well-09,2024-06-27,12.71,12.68,12.75,archive
Well-09,2024-06-28,12.63,12.6,12.67,archive
Well-09,2024-06-29,12.66,12.63,12.7,archive
Well-09,2024-06-30,12.6,12.57,12.64,archive
Well-09,2024-07-01,12.56,12.53,12.6,archive
Well-09,2024-07-02,12.51,12.48,12.55,archive
Well-09,2024-07-03,12.49,12.46,12.53,archive
Well-09,2024-07-04,12.45,12.42,12.49,archive
Well-09,2024-07-05,12.39,12.36,12.43,archive
Well-09,2024-07-06,12.39,12.36,12.43,archive
Well-09,2024-07-07,12.36,12.33,12.4,archive
Well-09,2024-07-08,12.4,12.37,12.44,archive
Well-09,2024-07-09,12.38,12.35,12.42,archive
Well-09,2024-07-10,12.33,12.3,12.37,archive
Well-09,2024-07-11,12.36,12.33,12.4,archive
Well-09,2024-07-12,12.32,12.29,12.36,archive
Well-09,2024-07-13,12.21,12.18,12.25,archive
Well-09,2024-07-14,12.24,12.21,12.28,archive
Well-09,2024-07-15,12.22,12.19,12.26,archive
Well-09,2024-07-16,12.19,12.16,12.23,archive
Well-09,2024-07-17,12.19,12.16,12.23,archive
Well-09,2024-07-18,12.19,12.16,12.23,archive
Well-09,2024-07-19,12.18,12.15,12.22,archive
Well-09,2024-07-20,12.18,12.15,12.22,archive
Well-09,2024-07-21,12.17,12.14,12.21,archive
Well-09,2024-07-22,12.27,12.24,12.31,archive
Well-09,2024-07-23,12.32,12.29,12.36,archive
Well-09,2024-07-24,12.27,12.24,12.31,archive
Well-09,2024-07-25,12.25,12.22,12.29,archive
Well-09,2024-07-26,12.22,12.19,12.26,archive
Well-09,2024-07-27,12.13,12.1,12.17,archive
Well-09,2024-07-28,12.09,12.06,12.13,archive
Well-09,2024-07-29,12.09,12.06,12.13,archive
Well-09,2024-07-30,12.24,12.21,12.28,archive
Well-09,2024-07-31,12.23,12.2,12.27,archive
Well-09,2024-08-01,12.27,12.24,12.31,archive
Well-09,2024-08-02,12.25,12.22,12.29,archive
Well-09,2024-08-03,12.24,12.21,12.28,archive
Well-09,2024-08-04,12.24,12.21,12.28,archive
Well-09,2024-08-05,12.29,12.26,12.33,archive
Well-09,2024-08-06,12.33,12.3,12.37,archive
Well-09,2024-08-07,12.3,12.27,12.34,archive
Well-09,2024-08-08,12.23,12.2,12.27,archive
Well-09,2024-08-09,12.2,12.17,12.24,archive
Well-09,2024-08-10,12.19,12.16,12.23,archive
Well-09,2024-08-11,12.17,12.14,12.21,archive
Well-09,2024-08-12,12.1,12.07,12.14,archive
Well-09,2024-08-13,12.07,12.04,12.11,archive
Well-09,2024-08-14,12.08,12.05,12.12,archive
Well-09,2024-08-15,12.11,12.08,12.15,archive
Well-09,2024-08-16,12.09,12.06,12.13,archive
Well-09,2024-08-17,12.07,12.04,12.11,archive
Well-09,2024-08-18,12.02,11.99,12.06,archive
Well-09,2024-08-19,12.09,12.06,12.13,archive
Well-09,2024-08-20,12.11,12.08,12.15,archive
Well-09,2024-08-21,12.08,12.05,12.12,archive
Well-09,2024-08-22,12.03,12.0,12.07,archive
Well-09,2024-08-23,11.96,11.93,12.0,archive
Well-09,2024-08-24,11.94,11.91,11.98,archive
Well-09,2024-08-25,11.92,11.89,11.96,archive
Well-09,2024-08-26,12.0,11.97,12.04,archive
Well-09,2024-08-27,11.95,11.92,11.99,archive
Well-09,2024-08-28,11.98,11.95,12.02,archive
Well-09,2024-08-29,11.94,11.91,11.98,archive
Well-09,2024-08-30,11.9,11.87,11.94,archive
Well-09,2024-08-31,11.86,11.83,11.9,archive
Well-09,2024-09-01,11.81,11.78,11.85,archive
Well-09,2024-09-02,11.84,11.81,11.88,archive
Well-09,2024-09-03,11.95,11.92,11.99,archive
Well-09,2024-09-04,11.99,11.96,12.03,archive
Well-09,2024-09-05,12.04,12.01,12.08,archive
Well-09,2024-09-06,12.06,12.03,12.1,archive
Well-09,2024-09-07,12.08,12.05,12.12,archive
Well-09,2024-09-08,12.09,12.06,12.13,archive
Well-09,2024-09-09,12.14,12.11,12.18,archive
Well-09,2024-09-10,12.07,12.04,12.11,archive
Well-09,2024-09-11,12.1,12.07,12.14,archive
Well-09,2024-09-12,12.11,12.08,12.15,archive
Well-09,2024-09-13,12.11,12.08,12.15,archive
Well-09,2024-09-14,12.2,12.17,12.24,archive
Well-09,2024-09-15,12.23,12.2,12.27,archive
Well-09,2024-09-16,12.23,12.2,12.27,archive
Well-09,2024-09-17,12.25,12.22,12.29,archive
Well-09,2024-09-18,12.3,12.27,12.34,archive
Well-09,2024-09-19,12.3,12.27,12.34,archive
Well-09,2024-09-20,12.29,12.26,12.33,archive
Well-09,2024-09-21,12.29,12.26,12.33,archive
Well-09,2024-09-22,12.29,12.26,12.33,archive
Well-09,2024-09-23,12.31,12.28,12.35,archive
Well-09,2024-09-24,12.36,12.33,12.4,archive
Well-09,2024-09-25,12.44,12.41,12.48,archive
Well-09,2024-09-26,12.42,12.39,12.46,archive
Well-09,2024-09-27,12.42,12.39,12.46,archive
Well-09,2024-09-28,12.32,12.29,12.36,archive
Well-09,2024-09-29,12.31,12.28,12.35,archive
Well-09,2024-09-30,12.27,12.24,12.31,archive
Well-09,2024-10-01,12.35,12.32,12.39,archive
Well-09,2024-10-02,12.32,12.29,12.36,archive
Well-09,2024-10-03,12.42,12.39,12.46,archive
Well-09,2024-10-04,12.49,12.46,12.53,archive
Well-09,2024-10-05,12.37,12.34,12.41,archive
Well-09,2024-10-06,12.37,12.34,12.41,archive
Well-09,2024-10-07,12.42,12.39,12.46,archive
Well-09,2024-10-08,12.39,12.36,12.43,archive
Well-09,2024-10-09,12.43,12.4,12.47,archive
Well-09,2024-10-10,12.43,12.4,12.47,archive
Well-09,2024-10-11,12.44,12.41,12.48,archive
Well-09,2024-10-12,12.45,12.42,12.49,archive
Well-09,2024-10-13,12.5,12.47,12.54,archive
Well-09,2024-10-14,12.49,12.46,12.53,archive
Well-09,2024-10-15,12.48,12.45,12.52,archive
Well-09,2024-10-16,12.52,12.49,12.56,archive
Well-09,2024-10-17,12.52,12.49,12.56,archive
Well-09,2024-10-18,12.42,12.39,12.46,archive
Well-09,2024-10-19,12.5,12.47,12.54,archive
Well-09,2024-10-20,12.51,12.48,12.55,archive
Well-09,2024-10-21,12.55,12.52,12.59,archive
Well-09,2024-10-22,12.63,12.6,12.67,archive
Well-09,2024-10-23,12.65,12.62,12.69,archive
Well-09,2024-10-24,12.63,12.6,12.67,archive
Well-09,2024-10-25,12.68,12.65,12.72,archive
Well-09,2024-10-26,12.61,12.58,12.65,archive
Well-09,2024-10-27,12.67,12.64,12.71,archive
Well-09,2024-10-28,12.64,12.61,12.68,archive
Well-09,2024-10-29,12.64,12.61,12.68,archive
Well-09,2024-10-30,12.6,12.57,12.64,archive
Well-09,2024-10-31,12.58,12.55,12.62,archive
Well-09,2024-11-01,12.63,12.6,12.67,archive
Well-09,2024-11-02,12.69,12.66,12.73,archive
Well-09,2024-11-03,12.66,12.63,12.7,archive
Well-09,2024-11-04,12.71,12.68,12.75,archive
Well-09,2024-11-05,12.66,12.63,12.7,archive
Well-09,2024-11-06,12.8,12.77,12.84,archive
Well-09,2024-11-07,12.88,12.85,12.92,archive
Well-09,2024-11-08,12.98,12.95,13.02,archive
Well-09,2024-11-09,12.93,12.9,12.97,archive
Well-09,2024-11-10,12.92,12.89,12.96,archive
Well-09,2024-11-11,12.93,12.9,12.97,archive
Well-09,2024-11-12,12.97,12.94,13.01,archive
Well-09,2024-11-13,12.94,12.91,12.98,archive
Well-09,2024-11-14,12.97,12.94,13.01,archive
Well-09,2024-11-15,13.0,12.97,13.04,archive
Well-09,2024-11-16,13.99,13.96,14.03,archive
Well-09,2024-11-17,13.06,13.03,13.1,archive
Well-09,2024-11-18,13.07,13.04,13.11,archive
Well-09,2024-11-19,13.16,13.13,13.2,archive
Well-09,2024-11-20,13.19,13.16,13.23,archive
Well-09,2024-11-21,13.24,13.21,13.28,archive
Well-09,2024-11-22,13.22,13.19,13.26,archive
Well-09,2024-11-23,13.31,13.28,13.35,archive
Well-09,2024-11-24,13.3,13.27,13.34,archive
Well-09,2024-11-25,13.35,13.32,13.39,archive
Well-09,2024-11-26,13.34,13.31,13.38,archive
Well-09,2024-11-27,13.33,13.3,13.37,archive
Well-09,2024-11-28,13.28,13.25,13.32,archive
Well-09,2024-11-29,13.34,13.31,13.38,archive
Well-09,2024-11-30,13.38,13.35,13.42,archive
Well-09,2024-12-01,13.38,13.35,13.42,archive
Well-09,2024-12-02,13.42,13.39,13.46,archive
Well-09,2024-12-03,13.51,13.48,13.55,archive
Well-09,2024-12-04,13.5,13.47,13.54,archive
Well-09,2024-12-05,13.46,13.43,13.5,archive
Well-09,2024-12-06,13.46,13.43,13.5,archive
Well-09,2024-12-07,13.52,13.49,13.56,archive
Well-09,2024-12-08,14.56,14.53,14.6,archive
Well-09,2024-12-09,13.61,13.58,13.65,archive
Well-09,2024-12-10,13.65,13.62,13.69,archive
Well-09,2024-12-11,13.67,13.64,13.71,archive
Well-09,2024-12-12,13.58,13.55,13.62,archive
Well-09,2024-12-13,13.48,13.45,13.52,archive
Well-09,2024-12-14,13.6,13.57,13.64,archive
Well-09,2024-12-15,13.65,13.62,13.69,archive
Well-09,2024-12-16,13.78,13.75,13.82,archive
Well-09,2024-12-17,13.86,13.83,13.9,archive
Well-09,2024-12-18,13.82,13.79,13.86,archive
Well-09,2024-12-19,13.86,13.83,13.9,archive
Well-09,2024-12-20,13.87,13.84,13.91,archive
Well-09,2024-12-21,13.92,13.89,13.96,archive
Well-09,2024-12-22,13.87,13.84,13.91,archive
Well-09,2024-12-23,15.14,15.11,15.18,archive
Well-09,2024-12-24,13.87,13.84,13.91,archive
Well-09,2024-12-25,13.92,13.89,13.96,archive
Well-09,2024-12-26,13.91,13.88,13.95,archive
Well-09,2024-12-27,13.91,13.88,13.95,archive
Well-09,2024-12-28,13.87,13.84,13.91,archive
Well-09,2024-12-29,13.89,13.86,13.93,archive
Well-09,2024-12-30,13.97,13.94,14.01,archive
Well-09,2024-12-31,14.04,14.01,14.08,archive
Well-09,2025-01-01,14.02,13.99,14.06,archive
Well-09,2025-01-02,14.1,14.07,14.14,archive
Well-09,2025-01-03,14.08,14.05,14.12,archive
Well-09,2025-01-04,14.09,14.06,14.13,archive
Well-09,2025-01-05,14.07,14.04,14.11,archive
Well-09,2025-01-06,14.06,14.03,14.1,archive
Well-09,2025-01-07,14.03,14.0,14.07,archive
Well-09,2025-01-08,14.05,14.02,14.09,archive
Well-09,2025-01-09,14.05,14.02,14.09,archive
Well-09,2025-01-10,14.02,13.99,14.06,archive
Well-09,2025-01-11,14.04,14.01,14.08,archive
Well-09,2025-01-12,14.01,13.98,14.05,archive
Well-09,2025-01-13,14.0,13.97,14.04,archive
Well-09,2025-01-14,14.11,14.08,14.15,archive
Well-09,2025-01-15,14.09,14.06,14.13,archive
Well-09,2025-01-16,14.17,14.14,14.21,archive
Well-09,2025-01-17,14.25,14.22,14.29,archive
Well-09,2025-01-18,14.22,14.19,14.26,archive
Well-09,2025-01-19,14.27,14.24,14.31,archive
Well-09,2025-01-20,14.3,14.27,14.34,archive
Well-09,2025-01-21,14.31,14.28,14.35,archive
Well-09,2025-01-22,14.26,14.23,14.3,archive
Well-09,2025-01-23,14.28,14.25,14.32,archive
Well-09,2025-01-24,14.26,14.23,14.3,archive
Well-09,2025-01-25,14.18,14.15,14.22,archive
Well-09,2025-01-26,14.18,14.15,14.22,archive
Well-09,2025-01-27,14.16,14.13,14.2,archive
Well-09,2025-01-28,14.09,14.06,14.13,archive
Well-09,2025-01-29,14.22,14.19,14.26,archive
Well-09,2025-01-30,14.24,14.21,14.28,archive
Well-09,2025-01-31,14.33,14.3,14.37,archive
Well-09,2025-02-01,14.32,14.29,14.36,archive
Well-09,2025-02-02,14.35,14.32,14.39,archive
Well-09,2025-02-03,14.38,14.35,14.42,archive
Well-09,2025-02-04,14.25,14.22,14.29,archive
Well-09,2025-02-05,14.18,14.15,14.22,archive
Well-09,2025-02-06,14.27,14.24,14.31,archive
Well-09,2025-02-07,14.31,14.28,14.35,archive
Well-09,2025-02-08,14.38,14.35,14.42,archive
Well-09,2025-02-09,14.48,14.45,14.52,archive
Well-09,2025-02-10,14.4,14.37,14.44,archive
Well-09,2025-02-11,14.47,14.44,14.51,archive
Well-09,2025-02-12,14.45,14.42,14.49,archive
Well-09,2025-02-13,14.48,14.45,14.52,archive
Well-09,2025-02-14,14.45,14.42,14.49,archive
Well-09,2025-02-15,14.44,14.41,14.48,archive
Well-09,2025-02-16,14.44,14.41,14.48,archive
Well-09,2025-02-17,14.33,14.3,14.37,archive
Well-09,2025-02-18,14.38,14.35,14.42,archive
Well-09,2025-02-19,14.38,14.35,14.42,archive
Well-09,2025-02-20,14.47,14.44,14.51,archive
Well-09,2025-02-21,14.5,14.47,14.54,archive
Well-09,2025-02-22,14.52,14.49,14.56,archive
Well-09,2025-02-23,14.47,14.44,14.51,archive
Well-09,2025-02-24,14.48,14.45,14.52,archive
Well-09,2025-02-25,14.43,14.4,14.47,archive
Well-09,2025-02-26,14.38,14.35,14.42,archive
Well-09,2025-02-27,14.36,14.33,14.4,archive
Well-09,2025-02-28,14.37,14.34,14.41,archive
Well-09,2025-03-01,14.29,14.26,14.33,archive
Well-09,2025-03-02,14.35,14.32,14.39,archive
Well-09,2025-03-03,14.34,14.31,14.38,archive
Well-09,2025-03-04,14.43,14.4,14.47,archive
Well-09,2025-03-05,14.39,14.36,14.43,archive
Well-09,2025-03-06,14.42,14.39,14.46,archive
Well-09,2025-03-07,14.5,14.47,14.54,archive
Well-09,2025-03-08,14.53,14.5,14.57,archive
Well-09,2025-03-09,14.56,14.53,14.6,archive
Well-09,2025-03-10,14.58,14.55,14.62,archive
Well-09,2025-03-11,14.58,14.55,14.62,archive
Well-09,2025-03-12,15.15,15.12,15.19,archive
Well-09,2025-03-13,14.68,14.65,14.72,archive
Well-09,2025-03-14,14.69,14.66,14.73,archive
Well-09,2025-03-15,14.72,14.69,14.76,archive
Well-09,2025-03-16,14.74,14.71,14.78,archive
Well-09,2025-03-17,14.6,14.57,14.64,archive
Well-09,2025-03-18,14.57,14.54,14.61,archive
Well-09,2025-03-19,14.48,14.45,14.52,archive
Well-09,2025-03-20,14.44,14.41,14.48,archive
Well-09,2025-03-21,14.5,14.47,14.54,archive
Well-09,2025-03-22,14.48,14.45,14.52,archive
Well-09,2025-03-23,14.32,14.29,14.36,archive
Well-09,2025-03-24,14.28,14.25,14.32,archive
Well-09,2025-03-25,14.22,14.19,14.26,archive
Well-09,2025-03-26,14.16,14.13,14.2,archive
Well-09,2025-03-27,14.22,14.19,14.26,archive
Well-09,2025-03-28,14.2,14.17,14.24,archive
Well-09,2025-03-29,14.18,14.15,14.22,archive
Well-09,2025-03-30,14.17,14.14,14.21,archive
Well-09,2025-03-31,14.13,14.1,14.17,archive
Well-09,2025-04-01,14.22,14.19,14.26,archive
Well-09,2025-04-02,14.19,14.16,14.23,archive
Well-09,2025-04-03,14.16,14.13,14.2,archive
Well-09,2025-04-04,14.18,14.15,14.22,archive
Well-09,2025-04-05,14.15,14.12,14.19,archive
Well-09,2025-04-06,14.12,14.09,14.16,archive
Well-09,2025-04-07,14.1,14.07,14.14,archive
Well-09,2025-04-08,14.09,14.06,14.13,archive
Well-09,2025-04-09,14.11,14.08,14.15,archive
Well-09,2025-04-10,14.09,14.06,14.13,archive
Well-09,2025-04-11,14.07,14.04,14.11,archive
Well-09,2025-04-12,14.08,14.05,14.12,archive
Well-09,2025-04-13,14.06,14.03,14.1,archive
Well-09,2025-04-14,14.03,14.0,14.07,archive
Well-09,2025-04-15,14.01,13.98,14.05,archive
Well-09,2025-04-16,14.05,14.02,14.09,archive
Well-09,2025-04-17,13.96,13.93,14.0,archive
Well-09,2025-04-18,13.97,13.94,14.01,archive
Well-09,2025-04-19,13.89,13.86,13.93,archive
Well-09,2025-04-20,13.89,13.86,13.93,archive
Well-09,2025-04-21,13.91,13.88,13.95,archive
Well-09,2025-04-22,13.98,13.95,14.02,archive
Well-09,2025-04-23,14.0,13.97,14.04,archive
Well-09,2025-04-24,13.92,13.89,13.96,archive
Well-09,2025-04-25,13.89,13.86,13.93,archive
Well-09,2025-04-26,13.89,13.86,13.93,archive
Well-09,2025-04-27,13.84,13.81,13.88,archive
Well-09,2025-04-28,13.84,13.81,13.88,archive
Well-09,2025-04-29,13.81,13.78,13.85,archive
Well-09,2025-04-30,13.73,13.7,13.77,archive
Well-09,2025-05-01,13.74,13.71,13.78,archive
Well-09,2025-05-02,13.71,13.68,13.75,archive
Well-09,2025-05-03,13.83,13.8,13.87,archive
Well-09,2025-05-04,13.76,13.73,13.8,archive
Well-09,2025-05-05,13.72,13.69,13.76,archive
Well-09,2025-05-06,13.72,13.69,13.76,archive
Well-09,2025-05-07,13.64,13.61,13.68,archive
Well-09,2025-05-08,13.57,13.54,13.61,archive
Well-09,2025-05-09,13.5,13.47,13.54,archive
Well-09,2025-05-10,13.64,13.61,13.68,archive
Well-09,2025-05-11,13.61,13.58,13.65,archive
Well-09,2025-05-12,13.6,13.57,13.64,archive
Well-09,2025-05-13,13.6,13.57,13.64,archive
Well-09,2025-05-14,13.6,13.57,13.64,archive
Well-09,2025-05-15,13.65,13.62,13.69,archive
Well-09,2025-05-16,13.67,13.64,13.71,archive
Well-09,2025-05-17,13.66,13.63,13.7,archive
Well-09,2025-05-18,13.62,13.59,13.66,archive
Well-09,2025-05-19,13.55,13.52,13.59,archive
Well-09,2025-05-20,13.52,13.49,13.56,archive
Well-09,2025-05-21,13.5,13.47,13.54,archive
Well-09,2025-05-22,13.42,13.39,13.46,archive
Well-09,2025-05-23,13.45,13.42,13.49,archive
Well-09,2025-05-24,13.43,13.4,13.47,archive
Well-09,2025-05-25,13.31,13.28,13.35,archive
Well-09,2025-05-26,13.33,13.3,13.37,archive
Well-09,2025-05-27,13.24,13.21,13.28,archive
Well-09,2025-05-28,13.24,13.21,13.28,archive
Well-09,2025-05-29,13.24,13.21,13.28,archive
Well-09,2025-05-30,13.31,13.28,13.35,archive
Well-09,2025-05-31,13.26,13.23,13.3,archive
Well-09,2025-06-01,13.27,13.24,13.31,archive
Well-09,2025-06-02,13.28,13.25,13.32,archive
Well-09,2025-06-03,13.27,13.24,13.31,archive
Well-09,2025-06-04,13.26,13.23,13.3,archive
Well-09,2025-06-05,13.23,13.2,13.27,archive
Well-09,2025-06-06,13.22,13.19,13.26,archive
Well-09,2025-06-07,13.24,13.21,13.28,archive
Well-09,2025-06-08,13.17,13.14,13.21,archive
Well-09,2025-06-09,13.11,13.08,13.15,archive
Well-09,2025-06-10,13.02,12.99,13.06,archive
Well-09,2025-06-11,13.05,13.02,13.09,archive
Well-09,2025-06-12,13.07,13.04,13.11,archive
Well-09,2025-06-13,13.03,13.0,13.07,archive
Well-09,2025-06-14,12.94,12.91,12.98,archive
Well-09,2025-06-15,12.92,12.89,12.96,archive
Well-09,2025-06-16,12.86,12.83,12.9,archive
Well-09,2025-06-17,12.82,12.79,12.86,archive
Well-09,2025-06-18,12.72,12.69,12.76,archive
Well-09,2025-06-19,12.77,12.74,12.81,archive
Well-09,2025-06-20,12.78,12.75,12.82,archive
Well-09,2025-06-21,12.67,12.64,12.71,archive
Well-09,2025-06-22,12.68,12.65,12.72,archive
Well-09,2025-06-23,12.69,12.66,12.73,archive
Well-09,2025-06-24,12.7,12.67,12.74,archive
Well-09,2025-06-25,12.61,12.58,12.65,archive
Well-09,2025-06-26,12.63,12.6,12.67,archive
Well-09,2025-06-27,12.62,12.59,12.66,archive
Well-09,2025-06-28,12.6,12.57,12.64,archive
Well-09,2025-06-29,12.65,12.62,12.69,archive
Well-09,2025-06-30,12.66,12.63,12.7,archive
Well-09,2025-07-01,12.64,12.61,12.68,archive
Well-09,2025-07-02,12.58,12.55,12.62,archive
Well-09,2025-07-03,12.56,12.53,12.6,archive
Well-09,2025-07-04,12.61,12.58,12.65,archive
Well-09,2025-07-05,12.64,12.61,12.68,archive
Well-09,2025-07-06,12.67,12.64,12.71,archive
Well-09,2025-07-07,12.69,12.66,12.73,archive
Well-09,2025-07-08,12.66,12.63,12.7,archive
Well-09,2025-07-09,12.59,12.56,12.63,archive
Well-09,2025-07-10,12.59,12.56,12.63,archive
Well-09,2025-07-11,12.62,12.59,12.66,archive
Well-09,2025-07-12,12.55,12.52,12.59,archive
Well-09,2025-07-13,12.47,12.44,12.51,archive
Well-09,2025-07-14,12.5,12.47,12.54,archive
Well-09,2025-07-15,12.42,12.39,12.46,archive
Well-09,2025-07-16,12.41,12.38,12.45,archive
Well-09,2025-07-17,12.32,12.29,12.36,archive
Well-09,2025-07-18,12.36,12.33,12.4,archive
Well-09,2025-07-19,12.31,12.28,12.35,archive
Well-09,2025-07-20,12.31,12.28,12.35,archive
Well-09,2025-07-21,12.26,12.23,12.3,archive
Well-09,2025-07-22,12.28,12.25,12.32,archive
Well-09,2025-07-23,12.39,12.36,12.43,archive
Well-09,2025-07-24,12.4,12.37,12.44,archive
Well-09,2025-07-25,12.36,12.33,12.4,archive
Well-09,2025-07-26,12.39,12.36,12.43,archive
Well-09,2025-07-27,12.45,12.42,12.49,archive
Well-09,2025-07-28,12.48,12.45,12.52,archive
Well-09,2025-07-29,12.46,12.43,12.5,archive
Well-09,2025-07-30,12.41,12.38,12.45,archive
Well-09,2025-07-31,12.39,12.36,12.43,archive
Well-09,2025-08-01,12.32,12.29,12.36,archive
Well-09,2025-08-02,12.37,12.34,12.41,archive
Well-09,2025-08-03,12.41,12.38,12.45,archive
Well-09,2025-08-04,12.51,12.48,12.55,archive
Well-09,2025-08-05,12.42,12.39,12.46,archive
Well-09,2025-08-06,12.35,12.32,12.39,archive
Well-09,2025-08-07,12.37,12.34,12.41,archive
Well-09,2025-08-08,12.29,12.26,12.33,archive
Well-09,2025-08-09,12.19,12.16,12.23,archive
Well-09,2025-08-10,12.24,12.21,12.28,archive
Well-09,2025-08-11,12.21,12.18,12.25,archive
Well-09,2025-08-12,12.25,12.22,12.29,archive
Well-09,2025-08-13,12.21,12.18,12.25,archive
Well-09,2025-08-14,12.21,12.18,12.25,archive
Well-09,2025-08-15,12.08,12.05,12.12,archive
Well-09,2025-08-16,12.08,12.05,12.12,archive
Well-09,2025-08-17,12.08,12.05,12.12,archive
Well-09,2025-08-18,11.97,11.94,12.01,archive
Well-09,2025-08-19,11.99,11.96,12.03,archive
Well-09,2025-08-20,11.99,11.96,12.03,archive
Well-09,2025-08-21,11.89,11.86,11.93,archive
Well-09,2025-08-22,11.92,11.89,11.96,archive
Well-09,2025-08-23,11.91,11.88,11.95,archive
Well-09,2025-08-24,11.91,11.88,11.95,archive
Well-09,2025-08-25,11.87,11.84,11.91,archive
Well-09,2025-08-26,11.85,11.82,11.89,archive
Well-09,2025-08-27,11.83,11.8,11.87,archive
Well-09,2025-08-28,11.93,11.9,11.97,archive
Well-09,2025-08-29,11.88,11.85,11.92,archive
Well-09,2025-08-30,11.98,11.95,12.02,archive
Well-09,2025-08-31,11.98,11.95,12.02,archive
Well-09,2025-09-01,12.02,11.99,12.06,archive
Well-09,2025-09-02,12.06,12.03,12.1,archive
Well-09,2025-09-03,12.09,12.06,12.13,archive
Well-09,2025-09-04,12.08,12.05,12.12,archive
Well-09,2025-09-05,12.15,12.12,12.19,archive
Well-09,2025-09-06,12.17,12.14,12.21,archive
Well-09,2025-09-07,12.15,12.12,12.19,archive
Well-09,2025-09-08,12.13,12.1,12.17,archive
Well-09,2025-09-09,12.17,12.14,12.21,archive
Well-09,2025-09-10,12.32,12.29,12.36,archive
Well-09,2025-09-11,12.34,12.31,12.38,archive
Well-09,2025-09-12,12.42,12.39,12.46,archive
Well-09,2025-09-13,12.45,12.42,12.49,archive
Well-09,2025-09-14,12.39,12.36,12.43,archive
Well-09,2025-09-15,12.31,12.28,12.35,archive
Well-09,2025-09-16,12.3,12.27,12.34,archive
Well-09,2025-09-17,12.36,12.33,12.4,archive
Well-09,2025-09-18,12.36,12.33,12.4,archive
Well-09,2025-09-19,12.29,12.26,12.33,archive
Well-09,2025-09-20,12.26,12.23,12.3,archive
Well-09,2025-09-21,12.3,12.27,12.34,archive
Well-09,2025-09-22,12.37,12.34,12.41,archive
Well-09,2025-09-23,12.34,12.31,12.38,archive
Well-09,2025-09-24,12.3,12.27,12.34,archive
Well-09,2025-09-25,12.33,12.3,12.37,archive
Well-09,2025-09-26,12.3,12.27,12.34,archive
Well-09,2025-09-27,12.3,12.27,12.34,archive
Well-09,2025-09-28,12.3,12.27,12.34,archive
Well-09,2025-09-29,12.28,12.25,12.32,archive
Well-09,2025-09-30,12.36,12.33,12.4,archive
Well-09,2025-10-01,12.4,12.37,12.44,archive
Well-09,2025-10-02,12.36,12.33,12.4,archive
Well-09,2025-10-03,12.33,12.3,12.37,archive
Well-09,2025-10-04,12.42,12.39,12.46,archive
Well-09,2025-10-05,12.41,12.38,12.45,archive
Well-09,2025-10-06,12.39,12.36,12.43,archive
Well-09,2025-10-07,12.47,12.44,12.51,archive
Well-09,2025-10-08,12.43,12.4,12.47,archive
Well-09,2025-10-09,12.43,12.4,12.47,archive
Well-09,2025-10-10,12.37,12.34,12.41,archive
Well-09,2025-10-11,12.35,12.32,12.39,archive
Well-09,2025-10-12,12.37,12.34,12.41,archive
Well-09,2025-10-13,12.4,12.37,12.44,archive
Well-09,2025-10-14,12.42,12.39,12.46,archive
Well-09,2025-10-15,12.35,12.32,12.39,archive
Well-09,2025-10-16,12.39,12.36,12.43,archive
Well-09,2025-10-17,12.42,12.39,12.46,archive
Well-09,2025-10-18,12.49,12.46,12.53,archive
Well-09,2025-10-19,12.52,12.49,12.56,archive
Well-09,2025-10-20,12.55,12.52,12.59,archive
Well-09,2025-10-21,12.63,12.6,12.67,archive
Well-09,2025-10-22,12.65,12.62,12.69,archive
Well-09,2025-10-23,12.68,12.65,12.72,archive
Well-09,2025-10-24,12.66,12.63,12.7,archive
Well-09,2025-10-25,12.65,12.62,12.69,archive
Well-09,2025-10-26,12.67,12.64,12.71,archive
Well-09,2025-10-27,12.71,12.68,12.75,archive
Well-09,2025-10-28,12.73,12.7,12.77,archive
Well-09,2025-10-29,12.82,12.79,12.86,archive
Well-09,2025-10-30,12.82,12.79,12.86,archive
Well-09,2025-10-31,12.81,12.78,12.85,archive
Well-09,2025-11-01,13.36,13.33,13.4,archive
Well-09,2025-11-02,12.76,12.73,12.8,archive
Well-09,2025-11-03,12.86,12.83,12.9,archive
Well-09,2025-11-04,12.88,12.85,12.92,archive
Well-09,2025-11-05,12.83,12.8,12.87,archive
Well-09,2025-11-06,12.91,12.88,12.95,archive
Well-09,2025-11-07,13.01,12.98,13.05,archive
Well-09,2025-11-08,12.99,12.96,13.03,archive
Well-09,2025-11-09,13.05,13.02,13.09,archive
Well-09,2025-11-10,13.02,12.99,13.06,archive
Well-09,2025-11-11,12.95,12.92,12.99,archive
Well-09,2025-11-12,13.76,13.73,13.8,archive
Well-09,2025-11-13,12.99,12.96,13.03,archive
Well-09,2025-11-14,13.08,13.05,13.12,archive
Well-09,2025-11-15,13.03,13.0,13.07,archive
Well-09,2025-11-16,13.02,12.99,13.06,archive
Well-09,2025-11-17,13.09,13.06,13.13,archive
Well-09,2025-11-18,13.1,13.07,13.14,archive
Well-09,2025-11-19,13.13,13.1,13.17,archive
Well-09,2025-11-20,13.11,13.08,13.15,archive
Well-09,2025-11-21,13.12,13.09,13.16,archive
Well-09,2025-11-22,13.12,13.09,13.16,archive
Well-09,2025-11-23,13.15,13.12,13.19,archive
Well-09,2025-11-24,13.18,13.15,13.22,archive
Well-09,2025-11-25,13.18,13.15,13.22,archive
Well-09,2025-11-26,13.17,13.14,13.21,archive
Well-09,2025-11-27,13.17,13.14,13.21,archive
Well-09,2025-11-28,13.15,13.12,13.19,archive
Well-09,2025-11-29,13.17,13.14,13.21,archive
Well-09,2025-11-30,13.18,13.15,13.22,archive
Well-09,2025-12-01,13.22,13.19,13.26,archive
Well-09,2025-12-02,13.21,13.18,13.25,archive
Well-09,2025-12-03,13.24,13.21,13.28,archive
Well-09,2025-12-04,13.24,13.21,13.28,archive
Well-09,2025-12-05,13.35,13.32,13.39,archive
Well-09,2025-12-06,13.4,13.37,13.44,archive
Well-09,2025-12-07,13.44,13.41,13.48,archive
Well-09,2025-12-08,13.46,13.43,13.5,archive
Well-09,2025-12-09,13.59,13.56,13.63,archive
Well-09,2025-12-10,13.66,13.63,13.7,archive
Well-09,2025-12-11,13.69,13.66,13.73,archive
Well-09,2025-12-12,13.72,13.69,13.76,archive
Well-09,2025-12-13,13.7,13.67,13.74,archive
Well-09,2025-12-14,13.65,13.62,13.69,archive
Well-09,2025-12-15,13.66,13.63,13.7,live
Well-09,2025-12-16,13.68,13.65,13.72,live
Well-09,2025-12-17,13.65,13.62,13.69,live
Well-09,2025-12-18,13.64,13.61,13.68,live
Well-09,2025-12-19,13.69,13.66,13.73,live
Well-09,2025-12-20,13.66,13.63,13.7,live
Well-09,2025-12-21,13.66,13.63,13.7,live
Well-09,2025-12-22,13.65,13.62,13.69,live
Well-09,2025-12-23,13.64,13.61,13.68,live
Well-09,2025-12-24,13.63,13.6,13.67,live
Well-09,2025-12-25,13.71,13.68,13.75,live
Well-09,2025-12-26,13.76,13.73,13.8,live
Well-09,2025-12-27,13.76,13.73,13.8,live
Well-09,2025-12-28,13.78,13.75,13.82,live
Well-09,2025-12-29,13.79,13.76,13.83,live
Well-09,2025-12-30,13.86,13.83,13.9,live
Well-09,2025-12-31,13.85,13.82,13.89,live
Well-09,2026-01-01,13.86,13.83,13.9,live
Well-09,2026-01-02,13.85,13.82,13.89,live
Well-09,2026-01-03,13.82,13.79,13.86,live
Well-09,2026-01-04,13.91,13.88,13.95,live
Well-09,2026-01-05,14.6,14.57,14.64,live
Well-09,2026-01-06,13.88,13.85,13.92,live
Well-09,2026-01-07,13.94,13.91,13.98,live
Well-09,2026-01-08,13.98,13.95,14.02,live
Well-09,2026-01-09,13.96,13.93,14.0,live
Well-09,2026-01-10,14.16,14.13,14.2,live
Well-09,2026-01-11,14.2,14.17,14.24,live
Well-09,2026-01-12,14.54,14.51,14.58,live
Well-09,2026-01-13,15.21,15.18,15.25,live
Well-09,2026-01-14,14.18,14.15,14.22,live
Well-09,2026-01-15,14.17,14.14,14.21,live
Well-09,2026-01-16,14.17,14.14,14.21,live
Well-09,2026-01-17,14.13,14.1,14.17,live
Well-09,2026-01-18,14.18,14.15,14.22,live
Well-09,2026-01-19,14.25,14.22,14.29,live
Well-09,2026-01-20,14.25,14.22,14.29,live
Well-09,2026-01-21,14.21,14.18,14.25,live
Well-09,2026-01-22,14.22,14.19,14.26,live
Well-09,2026-01-23,14.29,14.26,14.33,live
Well-09,2026-01-24,14.36,14.33,14.4,live
Well-09,2026-01-25,14.32,14.29,14.36,live
Well-09,2026-01-26,14.37,14.34,14.41,live
Well-09,2026-01-27,14.3,14.27,14.34,live
Well-09,2026-01-28,14.25,14.22,14.29,live
Well-09,2026-01-29,14.22,14.19,14.26,live
Well-09,2026-01-30,14.25,14.22,14.29,live
Well-09,2026-01-31,14.27,14.24,14.31,live
Well-09,2026-02-01,14.3,14.27,14.34,live
Well-09,2026-02-02,14.35,14.32,14.39,live
Well-09,2026-02-03,14.26,14.23,14.3,live
Well-09,2026-02-04,14.31,14.28,14.35,live
Well-09,2026-02-05,14.33,14.3,14.37,live
Well-09,2026-02-06,14.49,14.46,14.53,live
Well-09,2026-02-07,14.45,14.42,14.49,live
Well-09,2026-02-08,14.43,14.4,14.47,live
Well-09,2026-02-09,14.47,14.44,14.51,live
Well-09,2026-02-10,14.44,14.41,14.48,live
Well-09,2026-02-11,14.51,14.48,14.55,live
Well-09,2026-02-12,14.52,14.49,14.56,live
Well-09,2026-02-13,14.53,14.5,14.57,live
Well-09,2026-02-14,14.56,14.53,14.6,live
Well-09,2026-02-15,14.64,14.61,14.68,live
Well-09,2026-02-16,15.74,15.71,15.78,live
Well-09,2026-02-17,14.51,14.48,14.55,live
Well-09,2026-02-18,14.49,14.46,14.53,live
Well-09,2026-02-19,14.54,14.51,14.58,live
Well-09,2026-02-20,14.56,14.53,14.6,live
Well-09,2026-02-21,14.55,14.52,14.59,live
Well-09,2026-02-22,14.5,14.47,14.54,live
Well-09,2026-02-23,14.54,14.51,14.58,live
Well-09,2026-02-24,14.46,14.43,14.5,live
Well-09,2026-02-25,14.48,14.45,14.52,live
Well-09,2026-02-26,14.42,14.39,14.46,live
Well-09,2026-02-27,14.48,14.45,14.52,live
Well-09,2026-02-28,14.47,14.44,14.51,live
Well-09,2026-03-01,14.47,14.44,14.51,live
Well-09,2026-03-02,14.41,14.38,14.45,live
Well-09,2026-03-03,14.45,14.42,14.49,live
Well-09,2026-03-04,14.44,14.41,14.48,live
Well-09,2026-03-05,14.47,14.44,14.51,live
Well-09,2026-03-06,14.51,14.48,14.55,live
Well-09,2026-03-07,14.51,14.48,14.55,live
Well-09,2026-03-08,14.57,14.54,14.61,live
Well-09,2026-03-09,14.49,14.46,14.53,live
Well-09,2026-03-10,14.52,14.49,14.56,live
Well-09,2026-03-11,15.52,15.49,15.56,live
Well-09,2026-03-12,14.55,14.52,14.59,live
Well-09,2026-03-13,14.54,14.51,14.58,live
Well-09,2026-03-14,14.54,14.51,14.58,live
Well-09,2026-03-15,14.57,14.54,14.61,live
Well-09,2026-03-16,14.56,14.53,14.6,live
Well-09,2026-03-17,14.49,14.46,14.53,live
Well-09,2026-03-18,14.55,14.52,14.59,live
Well-09,2026-03-19,14.55,14.52,14.59,live
Well-09,2026-03-20,14.57,14.54,14.61,live
Well-09,2026-03-21,14.65,14.62,14.69,live
Well-09,2026-03-22,14.68,14.65,14.72,live
Well-09,2026-03-23,14.59,14.56,14.63,live
Well-09,2026-03-24,14.57,14.54,14.61,live
Well-09,2026-03-25,14.51,14.48,14.55,live
Well-09,2026-03-26,14.44,14.41,14.48,live
Well-09,2026-03-27,14.34,14.31,14.38,live
Well-09,2026-03-28,14.29,14.26,14.33,live
Well-09,2026-03-29,14.26,14.23,14.3,live
Well-09,2026-03-30,14.25,14.22,14.29,live
Well-09,2026-03-31,14.29,14.26,14.33,live
Well-09,2026-04-01,14.31,14.28,14.35,live
Well-09,2026-04-02,14.22,14.19,14.26,live
Well-09,2026-04-03,14.18,14.15,14.22,live
Well-09,2026-04-04,14.11,14.08,14.15,live
Well-09,2026-04-05,14.19,14.16,14.23,live
Well-09,2026-04-06,14.12,14.09,14.16,live
Well-09,2026-04-07,14.07,14.04,14.11,live
Well-09,2026-04-08,14.07,14.04,14.11,live
Well-09,2026-04-09,14.01,13.98,14.05,live
Well-09,2026-04-10,14.08,14.05,14.12,live
Well-09,2026-04-11,13.98,13.95,14.02,live
Well-09,2026-04-12,14.01,13.98,14.05,live
Well-09,2026-04-13,14.02,13.99,14.06,live
Well-09,2026-04-14,14.07,14.04,14.11,live
Well-09,2026-04-15,14.01,13.98,14.05,live
Well-09,2026-04-16,13.99,13.96,14.03,live
Well-09,2026-04-17,13.95,13.92,13.99,live
Well-09,2026-04-18,13.94,13.91,13.98,live
Well-09,2026-04-19,14.0,13.97,14.04,live
Well-09,2026-04-20,13.89,13.86,13.93,live
Well-09,2026-04-21,13.89,13.86,13.93,live
Well-09,2026-04-22,13.82,13.79,13.86,live
Well-09,2026-04-23,13.8,13.77,13.84,live
Well-09,2026-04-24,13.79,13.76,13.83,live
Well-09,2026-04-25,13.74,13.71,13.78,live
Well-09,2026-04-26,13.82,13.79,13.86,live
Well-09,2026-04-27,13.78,13.75,13.82,live
Well-09,2026-04-28,13.82,13.79,13.86,live
Well-09,2026-04-29,13.8,13.77,13.84,live
Well-09,2026-04-30,13.8,13.77,13.84,live
Well-09,2026-05-01,13.72,13.69,13.76,live
Well-09,2026-05-02,13.68,13.65,13.72,live
Well-09,2026-05-03,13.57,13.54,13.61,live
Well-09,2026-05-04,13.54,13.51,13.58,live
Well-09,2026-05-05,13.5,13.47,13.54,live
Well-09,2026-05-06,13.49,13.46,13.53,live
Well-09,2026-05-07,13.47,13.44,13.51,live
Well-09,2026-05-08,13.51,13.48,13.55,live
Well-09,2026-05-09,13.53,13.5,13.57,live
Well-09,2026-05-10,13.54,13.51,13.58,live
Well-09,2026-05-11,13.5,13.47,13.54,live
Well-09,2026-05-12,13.5,13.47,13.54,live
Well-09,2026-05-13,13.54,13.51,13.58,live
Well-09,2026-05-14,13.52,13.49,13.56,live
Well-09,2026-05-15,13.42,13.39,13.46,live
Well-09,2026-05-16,13.43,13.4,13.47,live
Well-09,2026-05-17,13.45,13.42,13.49,live
Well-09,2026-05-18,13.45,13.42,13.49,live
Well-09,2026-05-19,13.33,13.3,13.37,live
Well-09,2026-05-20,13.26,13.23,13.3,live
Well-09,2026-05-21,13.25,13.22,13.29,live
Well-09,2026-05-22,13.17,13.14,13.21,live
Well-09,2026-05-23,13.21,13.18,13.25,live
Well-09,2026-05-24,13.14,13.11,13.18,live
Well-09,2026-05-25,13.05,13.02,13.09,live
Well-09,2026-05-26,12.99,12.96,13.03,live
Well-09,2026-05-27,13.06,13.03,13.1,live
Well-09,2026-05-28,13.02,12.99,13.06,live
Well-09,2026-05-29,13.0,12.97,13.04,live
Well-09,2026-05-30,12.99,12.96,13.03,live
Well-09,2026-05-31,12.94,12.91,12.98,live
Well-09,2026-06-01,13.04,13.01,13.08,live
Well-09,2026-06-02,12.95,12.92,12.99,live
Well-09,2026-06-03,12.96,12.93,13.0,live
Well-09,2026-06-04,12.92,12.89,12.96,live
Well-09,2026-06-05,12.96,12.93,13.0,live
Well-09,2026-06-06,12.99,12.96,13.03,live
Well-09,2026-06-07,12.98,12.95,13.02,live
Well-09,2026-06-08,12.91,12.88,12.95,live
Well-09,2026-06-09,12.89,12.86,12.93,live
Well-09,2026-06-10,12.83,12.8,12.87,live
Well-09,2026-06-11,12.82,12.79,12.86,live
Well-09,2026-06-12,12.71,12.68,12.75,live
Well-09,2026-06-13,12.69,12.66,12.73,live
Well-09,2026-06-14,12.7,12.67,12.74,live
Well-09,2026-06-15,12.75,12.72,12.79,live
Well-09,2026-06-16,12.84,12.81,12.88,live
Well-09,2026-06-17,12.93,12.9,12.97,live
Well-09,2026-06-18,12.94,12.91,12.98,live
Well-09,2026-06-19,12.92,12.89,12.96,live
Well-09,2026-06-20,12.9,12.87,12.94,live
Well-09,2026-06-21,12.94,12.91,12.98,live
Well-09,2026-06-22,12.93,12.9,12.97,live
Well-09,2026-06-23,12.87,12.84,12.91,live
Well-09,2026-06-24,12.89,12.86,12.93,live
Well-09,2026-06-25,12.83,12.8,12.87,live
Well-09,2026-06-26,12.85,12.82,12.89,live
Well-09,2026-06-27,12.8,12.77,12.84,live
Well-09,2026-06-28,12.72,12.69,12.76,live
Well-09,2026-06-29,12.65,12.62,12.69,live
Well-09,2026-06-30,12.67,12.64,12.71,live
Well-09,2026-07-01,12.63,12.6,12.67,live
Well-09,2026-07-02,12.68,12.65,12.72,live
Well-09,2026-07-03,12.65,12.62,12.69,live
Well-09,2026-07-04,12.55,12.52,12.59,live
Well-09,2026-07-05,12.6,12.57,12.64,live
Well-09,2026-07-06,12.67,12.64,12.71,live
Well-09,2026-07-07,12.59,12.56,12.63,live
Well-09,2026-07-08,12.55,12.52,12.59,live
Well-09,2026-07-09,12.46,12.43,12.5,live
Well-09,2026-07-10,12.46,12.43,12.5,live
Well-09,2026-07-11,12.54,12.51,12.58,live
Well-09,2026-07-12,12.49,12.46,12.53,live
Well-09,2026-07-13,12.49,12.46,12.53,live
Well-09,2026-07-14,12.53,12.5,12.57,live
Well-09,2026-07-15,12.44,12.41,12.48,live
Well-09,2026-07-16,12.39,12.36,12.43,live
Well-09,2026-07-17,12.36,12.33,12.4,live
Well-09,2026-07-18,12.37,12.34,12.41,live
Well-09,2026-07-19,12.35,12.32,12.39,live
Well-09,2026-07-20,12.41,12.38,12.45,live
Well-09,2026-07-21,12.41,12.38,12.45,live
Well-09,2026-07-22,12.42,12.39,12.46,live
Well-09,2026-07-23,12.36,12.33,12.4,live
Well-09,2026-07-24,12.39,12.36,12.43,live
Well-09,2026-07-25,12.36,12.33,12.4,live
Well-09,2026-07-26,12.37,12.34,12.41,live
Well-09,2026-07-27,12.36,12.33,12.4,live
Well-09,2026-07-28,12.31,12.28,12.35,live
Well-09,2026-07-29,12.37,12.34,12.41,live
Well-09,2026-07-30,12.35,12.32,12.39,live
Well-09,2026-07-31,12.36,12.33,12.4,live
Well-09,2026-08-01,12.34,12.31,12.38,live
Well-09,2026-08-02,12.27,12.24,12.31,live
Well-09,2026-08-03,12.22,12.19,12.26,live
Well-09,2026-08-04,12.24,12.21,12.28,live
Well-09,2026-08-05,12.24,12.21,12.28,live
Well-09,2026-08-06,12.11,12.08,12.15,live
Well-09,2026-08-07,12.06,12.03,12.1,live
Well-09,2026-08-08,12.07,12.04,12.11,live
Well-09,2026-08-09,12.1,12.07,12.14,live
Well-09,2026-08-10,12.22,12.19,12.26,live
Well-09,2026-08-11,12.21,12.18,12.25,live
Well-09,2026-08-12,12.19,12.16,12.23,live
Well-09,2026-08-13,12.16,12.13,12.2,live
Well-09,2026-08-14,12.2,12.17,12.24,live
Well-09,2026-08-15,12.1,12.07,12.14,live
Well-09,2026-08-16,12.22,12.19,12.26,live
Well-09,2026-08-17,12.22,12.19,12.26,live
Well-09,2026-08-18,12.19,12.16,12.23,live
Well-09,2026-08-19,12.2,12.17,12.24,live
Well-09,2026-08-20,12.22,12.19,12.26,live
Well-09,2026-08-21,12.15,12.12,12.19,live
Well-09,2026-08-22,12.19,12.16,12.23,live
Well-09,2026-08-23,12.09,12.06,12.13,live
Well-09,2026-08-24,11.99,11.96,12.03,live
Well-09,2026-08-25,12.04,12.01,12.08,live
Well-09,2026-08-26,12.05,12.02,12.09,live
Well-09,2026-08-27,12.16,12.13,12.2,live
Well-09,2026-08-28,12.16,12.13,12.2,live
Well-09,2026-08-29,12.14,12.11,12.18,live
Well-09,2026-08-30,12.1,12.07,12.14,live
Well-09,2026-08-31,12.22,12.19,12.26,live
Well-09,2026-09-01,12.21,12.18,12.25,live
Well-09,2026-09-02,12.25,12.22,12.29,live
Well-09,2026-09-03,12.26,12.23,12.3,live
Well-09,2026-09-04,12.11,12.08,12.15,live
Well-09,2026-09-05,12.18,12.15,12.22,live
Well-09,2026-09-06,12.16,12.13,12.2,live
Well-09,2026-09-07,12.12,12.09,12.16,live
Well-09,2026-09-08,12.1,12.07,12.14,live
Well-09,2026-09-09,12.03,12.0,12.07,live
Well-09,2026-09-10,12.08,12.05,12.12,live
Well-09,2026-09-11,11.99,11.96,12.03,live
Well-09,2026-09-12,11.96,11.93,12.0,live
Well-09,2026-09-13,12.02,11.99,12.06,live
Well-09,2026-09-14,11.99,11.96,12.03,live
Well-09,2026-09-15,12.06,12.03,12.1,live
Well-09,2026-09-16,12.13,12.1,12.17,live
Well-09,2026-09-17,12.14,12.11,12.18,live
Well-09,2026-09-18,12.17,12.14,12.21,live
Well-09,2026-09-19,12.12,12.09,12.16,live
Well-09,2026-09-20,12.06,12.03,12.1,live
Well-09,2026-09-21,12.12,12.09,12.16,live
Well-09,2026-09-22,12.15,12.12,12.19,live
Well-09,2026-09-23,12.13,12.1,12.17,live
Well-09,2026-09-24,12.19,12.16,12.23,live
Well-10,2022-06-01,13.57,13.54,13.61,archive
Well-10,2022-06-02,13.46,13.43,13.5,archive
Well-10,2022-06-03,13.45,13.42,13.49,archive
Well-10,2022-06-04,13.32,13.29,13.36,archive
Well-10,2022-06-05,13.3,13.27,13.34,archive
Well-10,2022-06-06,13.28,13.25,13.32,archive
Well-10,2022-06-07,13.29,13.26,13.33,archive
Well-10,2022-06-08,13.23,13.2,13.27,archive
Well-10,2022-06-09,13.25,13.22,13.29,archive
Well-10,2022-06-10,13.25,13.22,13.29,archive
Well-10,2022-06-11,13.21,13.18,13.25,archive
Well-10,2022-06-12,13.13,13.1,13.17,archive
Well-10,2022-06-13,13.09,13.06,13.13,archive
Well-10,2022-06-14,13.08,13.05,13.12,archive
Well-10,2022-06-15,13.11,13.08,13.15,archive
Well-10,2022-06-16,12.98,12.95,13.02,archive
Well-10,2022-06-17,12.96,12.93,13.0,archive
Well-10,2022-06-18,12.93,12.9,12.97,archive
Well-10,2022-06-19,12.93,12.9,12.97,archive
Well-10,2022-06-20,12.95,12.92,12.99,archive
Well-10,2022-06-21,12.87,12.84,12.91,archive
Well-10,2022-06-22,12.88,12.85,12.92,archive
Well-10,2022-06-23,12.83,12.8,12.87,archive
Well-10,2022-06-24,12.77,12.74,12.81,archive
Well-10,2022-06-25,12.8,12.77,12.84,archive
Well-10,2022-06-26,12.84,12.81,12.88,archive
Well-10,2022-06-27,12.7,12.67,12.74,archive
Well-10,2022-06-28,12.63,12.6,12.67,archive
Well-10,2022-06-29,12.67,12.64,12.71,archive
Well-10,2022-06-30,12.7,12.67,12.74,archive
Well-10,2022-07-01,12.59,12.56,12.63,archive
Well-10,2022-07-02,12.57,12.54,12.61,archive
Well-10,2022-07-03,12.52,12.49,12.56,archive
Well-10,2022-07-04,12.58,12.55,12.62,archive
Well-10,2022-07-05,12.6,12.57,12.64,archive
Well-10,2022-07-06,12.57,12.54,12.61,archive
Well-10,2022-07-07,12.59,12.56,12.63,archive
Well-10,2022-07-08,12.61,12.58,12.65,archive
Well-10,2022-07-09,12.62,12.59,12.66,archive
Well-10,2022-07-10,12.6,12.57,12.64,archive
Well-10,2022-07-11,12.54,12.51,12.58,archive
Well-10,2022-07-12,12.49,12.46,12.53,archive
Well-10,2022-07-13,12.44,12.41,12.48,archive
Well-10,2022-07-14,12.48,12.45,12.52,archive
Well-10,2022-07-15,12.43,12.4,12.47,archive
Well-10,2022-07-16,12.42,12.39,12.46,archive
Well-10,2022-07-17,12.43,12.4,12.47,archive
Well-10,2022-07-18,12.33,12.3,12.37,archive
Well-10,2022-07-19,12.36,12.33,12.4,archive
Well-10,2022-07-20,12.33,12.3,12.37,archive
Well-10,2022-07-21,12.26,12.23,12.3,archive
Well-10,2022-07-22,12.26,12.23,12.3,archive
Well-10,2022-07-23,12.18,12.15,12.22,archive
Well-10,2022-07-24,12.19,12.16,12.23,archive
Well-10,2022-07-25,12.19,12.16,12.23,archive
Well-10,2022-07-26,12.21,12.18,12.25,archive
Well-10,2022-07-27,12.2,12.17,12.24,archive
Well-10,2022-07-28,12.1,12.07,12.14,archive
Well-10,2022-07-29,12.02,11.99,12.06,archive
Well-10,2022-07-30,12.05,12.02,12.09,archive
Well-10,2022-07-31,12.04,12.01,12.08,archive
Well-10,2022-08-01,11.94,11.91,11.98,archive
Well-10,2022-08-02,11.99,11.96,12.03,archive
Well-10,2022-08-03,12.01,11.98,12.05,archive
Well-10,2022-08-04,11.98,11.95,12.02,archive
Well-10,2022-08-05,11.96,11.93,12.0,archive
Well-10,2022-08-06,11.94,11.91,11.98,archive
Well-10,2022-08-07,11.93,11.9,11.97,archive
Well-10,2022-08-08,11.96,11.93,12.0,archive
Well-10,2022-08-09,11.97,11.94,12.01,archive
Well-10,2022-08-10,11.99,11.96,12.03,archive
Well-10,2022-08-11,11.97,11.94,12.01,archive
Well-10,2022-08-12,11.99,11.96,12.03,archive
Well-10,2022-08-13,11.97,11.94,12.01,archive
Well-10,2022-08-14,11.95,11.92,11.99,archive
Well-10,2022-08-15,11.9,11.87,11.94,archive
Well-10,2022-08-16,11.9,11.87,11.94,archive
Well-10,2022-08-17,11.87,11.84,11.91,archive
Well-10,2022-08-18,11.91,11.88,11.95,archive
Well-10,2022-08-19,12.01,11.98,12.05,archive
Well-10,2022-08-20,11.99,11.96,12.03,archive
Well-10,2022-08-21,12.0,11.97,12.04,archive
Well-10,2022-08-22,11.95,11.92,11.99,archive
Well-10,2022-08-23,12.01,11.98,12.05,archive
Well-10,2022-08-24,11.91,11.88,11.95,archive
Well-10,2022-08-25,11.98,11.95,12.02,archive
Well-10,2022-08-26,12.04,12.01,12.08,archive
Well-10,2022-08-27,12.1,12.07,12.14,archive
Well-10,2022-08-28,12.04,12.01,12.08,archive
Well-10,2022-08-29,12.02,11.99,12.06,archive
Well-10,2022-08-30,11.94,11.91,11.98,archive
Well-10,2022-08-31,11.99,11.96,12.03,archive
Well-10,2022-09-01,11.96,11.93,12.0,archive
Well-10,2022-09-02,12.0,11.97,12.04,archive
Well-10,2022-09-03,11.94,11.91,11.98,archive
Well-10,2022-09-04,11.92,11.89,11.96,archive
Well-10,2022-09-05,11.96,11.93,12.0,archive
Well-10,2022-09-06,12.03,12.0,12.07,archive
Well-10,2022-09-07,12.02,11.99,12.06,archive
Well-10,2022-09-08,12.06,12.03,12.1,archive
Well-10,2022-09-09,12.05,12.02,12.09,archive
Well-10,2022-09-10,12.04,12.01,12.08,archive
Well-10,2022-09-11,12.05,12.02,12.09,archive
Well-10,2022-09-12,12.13,12.1,12.17,archive
Well-10,2022-09-13,12.05,12.02,12.09,archive
Well-10,2022-09-14,12.14,12.11,12.18,archive
Well-10,2022-09-15,12.11,12.08,12.15,archive
Well-10,2022-09-16,12.13,12.1,12.17,archive
Well-10,2022-09-17,12.16,12.13,12.2,archive
Well-10,2022-09-18,12.17,12.14,12.21,archive
Well-10,2022-09-19,12.22,12.19,12.26,archive
Well-10,2022-09-20,12.15,12.12,12.19,archive
Well-10,2022-09-21,12.23,12.2,12.27,archive
Well-10,2022-09-22,12.15,12.12,12.19,archive
Well-10,2022-09-23,12.14,12.11,12.18,archive
Well-10,2022-09-24,12.16,12.13,12.2,archive
Well-10,2022-09-25,12.11,12.08,12.15,archive
Well-10,2022-09-26,12.11,12.08,12.15,archive
Well-10,2022-09-27,12.19,12.16,12.23,archive
Well-10,2022-09-28,12.19,12.16,12.23,archive
Well-10,2022-09-29,12.38,12.35,12.42,archive
Well-10,2022-09-30,12.44,12.41,12.48,archive
Well-10,2022-10-01,12.41,12.38,12.45,archive
Well-10,2022-10-02,12.43,12.4,12.47,archive
Well-10,2022-10-03,12.48,12.45,12.52,archive
Well-10,2022-10-04,12.53,12.5,12.57,archive
Well-10,2022-10-05,12.51,12.48,12.55,archive
Well-10,2022-10-06,12.46,12.43,12.5,archive
Well-10,2022-10-07,12.46,12.43,12.5,archive
Well-10,2022-10-08,12.52,12.49,12.56,archive
Well-10,2022-10-09,12.53,12.5,12.57,archive
Well-10,2022-10-10,12.58,12.55,12.62,archive
Well-10,2022-10-11,12.57,12.54,12.61,archive
Well-10,2022-10-12,12.63,12.6,12.67,archive
Well-10,2022-10-13,12.65,12.62,12.69,archive
Well-10,2022-10-14,12.68,12.65,12.72,archive
Well-10,2022-10-15,12.73,12.7,12.77,archive
Well-10,2022-10-16,12.67,12.64,12.71,archive
Well-10,2022-10-17,12.65,12.62,12.69,archive
Well-10,2022-10-18,12.72,12.69,12.76,archive
Well-10,2022-10-19,12.75,12.72,12.79,archive
Well-10,2022-10-20,12.78,12.75,12.82,archive
Well-10,2022-10-21,12.78,12.75,12.82,archive
Well-10,2022-10-22,12.85,12.82,12.89,archive
Well-10,2022-10-23,12.83,12.8,12.87,archive
Well-10,2022-10-24,12.81,12.78,12.85,archive
Well-10,2022-10-25,12.79,12.76,12.83,archive
Well-10,2022-10-26,12.82,12.79,12.86,archive
Well-10,2022-10-27,12.84,12.81,12.88,archive
Well-10,2022-10-28,12.88,12.85,12.92,archive
Well-10,2022-10-29,12.89,12.86,12.93,archive
Well-10,2022-10-30,12.95,12.92,12.99,archive
Well-10,2022-10-31,13.07,13.04,13.11,archive
Well-10,2022-11-01,13.01,12.98,13.05,archive
Well-10,2022-11-02,12.99,12.96,13.03,archive
Well-10,2022-11-03,12.96,12.93,13.0,archive
Well-10,2022-11-04,13.03,13.0,13.07,archive
Well-10,2022-11-05,13.13,13.1,13.17,archive
Well-10,2022-11-06,13.18,13.15,13.22,archive
Well-10,2022-11-07,13.2,13.17,13.24,archive
Well-10,2022-11-08,13.1,13.07,13.14,archive
Well-10,2022-11-09,13.16,13.13,13.2,archive
Well-10,2022-11-10,13.23,13.2,13.27,archive
Well-10,2022-11-11,13.32,13.29,13.36,archive
Well-10,2022-11-12,13.37,13.34,13.41,archive
Well-10,2022-11-13,13.38,13.35,13.42,archive
Well-10,2022-11-14,13.5,13.47,13.54,archive
Well-10,2022-11-15,13.49,13.46,13.53,archive
Well-10,2022-11-16,13.5,13.47,13.54,archive
Well-10,2022-11-17,13.58,13.55,13.62,archive
Well-10,2022-11-18,13.62,13.59,13.66,archive
Well-10,2022-11-19,13.66,13.63,13.7,archive
Well-10,2022-11-20,13.74,13.71,13.78,archive
Well-10,2022-11-21,13.81,13.78,13.85,archive
Well-10,2022-11-22,13.83,13.8,13.87,archive
Well-10,2022-11-23,13.95,13.92,13.99,archive
Well-10,2022-11-24,13.96,13.93,14.0,archive
Well-10,2022-11-25,14.01,13.98,14.05,archive
Well-10,2022-11-26,14.02,13.99,14.06,archive
Well-10,2022-11-27,14.0,13.97,14.04,archive
Well-10,2022-11-28,13.97,13.94,14.01,archive
Well-10,2022-11-29,14.05,14.02,14.09,archive
Well-10,2022-11-30,14.01,13.98,14.05,archive
Well-10,2022-12-01,14.09,14.06,14.13,archive
Well-10,2022-12-02,14.1,14.07,14.14,archive
Well-10,2022-12-03,14.09,14.06,14.13,archive
Well-10,2022-12-04,14.2,14.17,14.24,archive
Well-10,2022-12-05,14.21,14.18,14.25,archive
Well-10,2022-12-06,14.2,14.17,14.24,archive
Well-10,2022-12-07,14.26,14.23,14.3,archive
Well-10,2022-12-08,14.28,14.25,14.32,archive
Well-10,2022-12-09,14.37,14.34,14.41,archive
Well-10,2022-12-10,14.29,14.26,14.33,archive
Well-10,2022-12-11,14.4,14.37,14.44,archive
Well-10,2022-12-12,14.38,14.35,14.42,archive
Well-10,2022-12-13,14.35,14.32,14.39,archive
Well-10,2022-12-14,14.44,14.41,14.48,archive
Well-10,2022-12-15,14.51,14.48,14.55,archive
Well-10,2022-12-16,14.54,14.51,14.58,archive
Well-10,2022-12-17,14.51,14.48,14.55,archive
Well-10,2022-12-18,14.53,14.5,14.57,archive
Well-10,2022-12-19,14.51,14.48,14.55,archive
Well-10,2022-12-20,14.58,14.55,14.62,archive
Well-10,2022-12-21,16.15,16.12,16.19,archive
Well-10,2022-12-22,14.59,14.56,14.63,archive
Well-10,2022-12-23,14.72,14.69,14.76,archive
Well-10,2022-12-24,14.73,14.7,14.77,archive
Well-10,2022-12-25,14.78,14.75,14.82,archive
Well-10,2022-12-26,14.84,14.81,14.88,archive
Well-10,2022-12-27,14.91,14.88,14.95,archive
Well-10,2022-12-28,14.96,14.93,15.0,archive
Well-10,2022-12-29,15.02,14.99,15.06,archive
Well-10,2022-12-30,14.98,14.95,15.02,archive
Well-10,2022-12-31,14.88,14.85,14.92,archive
Well-10,2023-01-01,14.88,14.85,14.92,archive
Well-10,2023-01-02,14.93,14.9,14.97,archive
Well-10,2023-01-03,14.89,14.86,14.93,archive
Well-10,2023-01-04,14.94,14.91,14.98,archive
Well-10,2023-01-05,15.0,14.97,15.04,archive
Well-10,2023-01-06,15.02,14.99,15.06,archive
Well-10,2023-01-07,15.05,15.02,15.09,archive
Well-10,2023-01-08,14.97,14.94,15.01,archive
Well-10,2023-01-09,14.99,14.96,15.03,archive
Well-10,2023-01-10,15.02,14.99,15.06,archive
Well-10,2023-01-11,15.06,15.03,15.1,archive
Well-10,2023-01-12,15.09,15.06,15.13,archive
Well-10,2023-01-13,15.1,15.07,15.14,archive
Well-10,2023-01-14,15.19,15.16,15.23,archive
Well-10,2023-01-15,15.23,15.2,15.27,archive
Well-10,2023-01-16,15.25,15.22,15.29,archive
Well-10,2023-01-17,15.33,15.3,15.37,archive
Well-10,2023-01-18,15.32,15.29,15.36,archive
Well-10,2023-01-19,15.3,15.27,15.34,archive
Well-10,2023-01-20,16.7,16.67,16.74,archive
Well-10,2023-01-21,15.41,15.38,15.45,archive
Well-10,2023-01-22,15.47,15.44,15.51,archive
Well-10,2023-01-23,15.46,15.43,15.5,archive
Well-10,2023-01-24,15.51,15.48,15.55,archive
Well-10,2023-01-25,15.61,15.58,15.65,archive
Well-10,2023-01-26,15.54,15.51,15.58,archive
Well-10,2023-01-27,15.51,15.48,15.55,archive
Well-10,2023-01-28,15.49,15.46,15.53,archive
Well-10,2023-01-29,15.52,15.49,15.56,archive
Well-10,2023-01-30,15.47,15.44,15.51,archive
Well-10,2023-01-31,15.46,15.43,15.5,archive
Well-10,2023-02-01,15.5,15.47,15.54,archive
Well-10,2023-02-02,15.56,15.53,15.6,archive
Well-10,2023-02-03,15.62,15.59,15.66,archive
Well-10,2023-02-04,15.59,15.56,15.63,archive
Well-10,2023-02-05,15.49,15.46,15.53,archive
Well-10,2023-02-06,15.6,15.57,15.64,archive
Well-10,2023-02-07,15.6,15.57,15.64,archive
Well-10,2023-02-08,15.63,15.6,15.67,archive
Well-10,2023-02-09,15.61,15.58,15.65,archive
Well-10,2023-02-10,15.65,15.62,15.69,archive
Well-10,2023-02-11,15.66,15.63,15.7,archive
Well-10,2023-02-12,15.56,15.53,15.6,archive
Well-10,2023-02-13,15.58,15.55,15.62,archive
Well-10,2023-02-14,15.51,15.48,15.55,archive
Well-10,2023-02-15,15.57,15.54,15.61,archive
Well-10,2023-02-16,15.59,15.56,15.63,archive
Well-10,2023-02-17,15.58,15.55,15.62,archive
Well-10,2023-02-18,15.55,15.52,15.59,archive
Well-10,2023-02-19,15.67,15.64,15.71,archive
Well-10,2023-02-20,15.66,15.63,15.7,archive
Well-10,2023-02-21,15.63,15.6,15.67,archive
Well-10,2023-02-22,15.57,15.54,15.61,archive
Well-10,2023-02-23,15.45,15.42,15.49,archive
Well-10,2023-02-24,15.49,15.46,15.53,archive
Well-10,2023-02-25,15.54,15.51,15.58,archive
Well-10,2023-02-26,15.48,15.45,15.52,archive
Well-10,2023-02-27,15.44,15.41,15.48,archive
Well-10,2023-02-28,15.44,15.41,15.48,archive
Well-10,2023-03-01,15.46,15.43,15.5,archive
Well-10,2023-03-02,15.51,15.48,15.55,archive
Well-10,2023-03-03,15.54,15.51,15.58,archive
Well-10,2023-03-04,15.43,15.4,15.47,archive
Well-10,2023-03-05,15.43,15.4,15.47,archive
Well-10,2023-03-06,15.44,15.41,15.48,archive
Well-10,2023-03-07,15.53,15.5,15.57,archive
Well-10,2023-03-08,15.61,15.58,15.65,archive
Well-10,2023-03-09,15.58,15.55,15.62,archive
Well-10,2023-03-10,15.67,15.64,15.71,archive
Well-10,2023-03-11,15.69,15.66,15.73,archive
Well-10,2023-03-12,15.73,15.7,15.77,archive
Well-10,2023-03-13,15.68,15.65,15.72,archive
Well-10,2023-03-14,15.71,15.68,15.75,archive
Well-10,2023-03-15,15.66,15.63,15.7,archive
Well-10,2023-03-16,15.61,15.58,15.65,archive
Well-10,2023-03-17,15.57,15.54,15.61,archive
Well-10,2023-03-18,15.63,15.6,15.67,archive
Well-10,2023-03-19,15.59,15.56,15.63,archive
Well-10,2023-03-20,15.55,15.52,15.59,archive
Well-10,2023-03-21,15.53,15.5,15.57,archive
Well-10,2023-03-22,15.6,15.57,15.64,archive
Well-10,2023-03-23,15.54,15.51,15.58,archive
Well-10,2023-03-24,15.56,15.53,15.6,archive
Well-10,2023-03-25,15.5,15.47,15.54,archive
Well-10,2023-03-26,15.44,15.41,15.48,archive
Well-10,2023-03-27,15.43,15.4,15.47,archive
Well-10,2023-03-28,15.51,15.48,15.55,archive
Well-10,2023-03-29,15.51,15.48,15.55,archive
Well-10,2023-03-30,15.5,15.47,15.54,archive
Well-10,2023-03-31,15.46,15.43,15.5,archive
Well-10,2023-04-01,15.35,15.32,15.39,archive
Well-10,2023-04-02,15.32,15.29,15.36,archive
Well-10,2023-04-03,15.32,15.29,15.36,archive
Well-10,2023-04-04,15.4,15.37,15.44,archive
Well-10,2023-04-05,15.32,15.29,15.36,archive
Well-10,2023-04-06,15.3,15.27,15.34,archive
Well-10,2023-04-07,15.26,15.23,15.3,archive
Well-10,2023-04-08,15.18,15.15,15.22,archive
Well-10,2023-04-09,15.17,15.14,15.21,archive
Well-10,2023-04-10,15.16,15.13,15.2,archive
Well-10,2023-04-11,15.07,15.04,15.11,archive
Well-10,2023-04-12,15.11,15.08,15.15,archive
Well-10,2023-04-13,15.12,15.09,15.16,archive
Well-10,2023-04-14,14.98,14.95,15.02,archive
Well-10,2023-04-15,15.09,15.06,15.13,archive
Well-10,2023-04-16,15.04,15.01,15.08,archive
Well-10,2023-04-17,14.96,14.93,15.0,archive
Well-10,2023-04-18,15.01,14.98,15.05,archive
Well-10,2023-04-19,14.89,14.86,14.93,archive
Well-10,2023-04-20,14.8,14.77,14.84,archive
Well-10,2023-04-21,14.75,14.72,14.79,archive
Well-10,2023-04-22,14.78,14.75,14.82,archive
Well-10,2023-04-23,14.8,14.77,14.84,archive
Well-10,2023-04-24,14.82,14.79,14.86,archive
Well-10,2023-04-25,14.79,14.76,14.83,archive
Well-10,2023-04-26,14.74,14.71,14.78,archive
Well-10,2023-04-27,14.76,14.73,14.8,archive
Well-10,2023-04-28,14.8,14.77,14.84,archive
Well-10,2023-04-29,14.76,14.73,14.8,archive
Well-10,2023-04-30,14.74,14.71,14.78,archive
Well-10,2023-05-01,14.72,14.69,14.76,archive
Well-10,2023-05-02,14.71,14.68,14.75,archive
Well-10,2023-05-03,14.72,14.69,14.76,archive
Well-10,2023-05-04,14.64,14.61,14.68,archive
Well-10,2023-05-05,14.47,14.44,14.51,archive
Well-10,2023-05-06,14.46,14.43,14.5,archive
Well-10,2023-05-07,14.45,14.42,14.49,archive
Well-10,2023-05-08,14.41,14.38,14.45,archive
Well-10,2023-05-09,14.35,14.32,14.39,archive
Well-10,2023-05-10,14.37,14.34,14.41,archive
Well-10,2023-05-11,14.42,14.39,14.46,archive
Well-10,2023-05-12,14.42,14.39,14.46,archive
Well-10,2023-05-13,14.33,14.3,14.37,archive
Well-10,2023-05-14,14.34,14.31,14.38,archive
Well-10,2023-05-15,14.26,14.23,14.3,archive
Well-10,2023-05-16,14.23,14.2,14.27,archive
Well-10,2023-05-17,14.21,14.18,14.25,archive
Well-10,2023-05-18,14.13,14.1,14.17,archive
Well-10,2023-05-19,14.0,13.97,14.04,archive
Well-10,2023-05-20,13.93,13.9,13.97,archive
Well-10,2023-05-21,13.92,13.89,13.96,archive
Well-10,2023-05-22,13.9,13.87,13.94,archive
Well-10,2023-05-23,13.86,13.83,13.9,archive
Well-10,2023-05-24,13.88,13.85,13.92,archive
Well-10,2023-05-25,13.87,13.84,13.91,archive
Well-10,2023-05-26,13.83,13.8,13.87,archive
Well-10,2023-05-27,13.8,13.77,13.84,archive
Well-10,2023-05-28,13.73,13.7,13.77,archive
Well-10,2023-05-29,13.65,13.62,13.69,archive
Well-10,2023-05-30,13.64,13.61,13.68,archive
Well-10,2023-05-31,13.59,13.56,13.63,archive
Well-10,2023-06-01,13.58,13.55,13.62,archive
Well-10,2023-06-02,13.58,13.55,13.62,archive
Well-10,2023-06-03,13.5,13.47,13.54,archive
Well-10,2023-06-04,13.43,13.4,13.47,archive
Well-10,2023-06-05,13.4,13.37,13.44,archive
Well-10,2023-06-06,13.4,13.37,13.44,archive
Well-10,2023-06-07,13.34,13.31,13.38,archive
Well-10,2023-06-08,13.22,13.19,13.26,archive
Well-10,2023-06-09,13.26,13.23,13.3,archive
Well-10,2023-06-10,13.29,13.26,13.33,archive
Well-10,2023-06-11,13.16,13.13,13.2,archive
Well-10,2023-06-12,13.12,13.09,13.16,archive
Well-10,2023-06-13,13.15,13.12,13.19,archive
Well-10,2023-06-14,13.11,13.08,13.15,archive
Well-10,2023-06-15,13.12,13.09,13.16,archive
Well-10,2023-06-16,13.1,13.07,13.14,archive
Well-10,2023-06-17,13.09,13.06,13.13,archive
Well-10,2023-06-18,13.08,13.05,13.12,archive
Well-10,2023-06-19,13.03,13.0,13.07,archive
Well-10,2023-06-20,12.89,12.86,12.93,archive
Well-10,2023-06-21,12.9,12.87,12.94,archive
Well-10,2023-06-22,12.84,12.81,12.88,archive
Well-10,2023-06-23,12.85,12.82,12.89,archive
Well-10,2023-06-24,12.78,12.75,12.82,archive
Well-10,2023-06-25,12.78,12.75,12.82,archive
Well-10,2023-06-26,12.79,12.76,12.83,archive
Well-10,2023-06-27,12.78,12.75,12.82,archive
Well-10,2023-06-28,12.8,12.77,12.84,archive
Well-10,2023-06-29,12.77,12.74,12.81,archive
Well-10,2023-06-30,12.74,12.71,12.78,archive
Well-10,2023-07-01,12.69,12.66,12.73,archive
Well-10,2023-07-02,12.75,12.72,12.79,archive
Well-10,2023-07-03,12.72,12.69,12.76,archive
Well-10,2023-07-04,12.68,12.65,12.72,archive
Well-10,2023-07-05,12.57,12.54,12.61,archive
Well-10,2023-07-06,12.5,12.47,12.54,archive
Well-10,2023-07-07,12.53,12.5,12.57,archive
Well-10,2023-07-08,12.53,12.5,12.57,archive
Well-10,2023-07-09,12.52,12.49,12.56,archive
Well-10,2023-07-10,12.61,12.58,12.65,archive
Well-10,2023-07-11,12.55,12.52,12.59,archive
Well-10,2023-07-12,12.5,12.47,12.54,archive
Well-10,2023-07-13,12.48,12.45,12.52,archive
Well-10,2023-07-14,12.45,12.42,12.49,archive
Well-10,2023-07-15,12.37,12.34,12.41,archive
Well-10,2023-07-16,12.38,12.35,12.42,archive
Well-10,2023-07-17,12.34,12.31,12.38,archive
Well-10,2023-07-18,12.28,12.25,12.32,archive
Well-10,2023-07-19,12.21,12.18,12.25,archive
Well-10,2023-07-20,12.1,12.07,12.14,archive
Well-10,2023-07-21,12.12,12.09,12.16,archive
Well-10,2023-07-22,12.09,12.06,12.13,archive
Well-10,2023-07-23,12.08,12.05,12.12,archive
Well-10,2023-07-24,12.09,12.06,12.13,archive
Well-10,2023-07-25,12.09,12.06,12.13,archive
Well-10,2023-07-26,12.13,12.1,12.17,archive
Well-10,2023-07-27,12.1,12.07,12.14,archive
Well-10,2023-07-28,12.05,12.02,12.09,archive
Well-10,2023-07-29,12.11,12.08,12.15,archive
Well-10,2023-07-30,12.04,12.01,12.08,archive
Well-10,2023-07-31,11.98,11.95,12.02,archive
Well-10,2023-08-01,11.97,11.94,12.01,archive
Well-10,2023-08-02,11.91,11.88,11.95,archive
Well-10,2023-08-03,11.88,11.85,11.92,archive
Well-10,2023-08-04,11.92,11.89,11.96,archive
Well-10,2023-08-05,11.88,11.85,11.92,archive
Well-10,2023-08-06,11.86,11.83,11.9,archive
Well-10,2023-08-07,11.97,11.94,12.01,archive
Well-10,2023-08-08,11.89,11.86,11.93,archive
Well-10,2023-08-09,11.84,11.81,11.88,archive
Well-10,2023-08-10,11.88,11.85,11.92,archive
Well-10,2023-08-11,11.8,11.77,11.84,archive
Well-10,2023-08-12,11.89,11.86,11.93,archive
Well-10,2023-08-13,11.91,11.88,11.95,archive
Well-10,2023-08-14,11.95,11.92,11.99,archive
Well-10,2023-08-15,11.88,11.85,11.92,archive
Well-10,2023-08-16,11.83,11.8,11.87,archive
Well-10,2023-08-17,11.81,11.78,11.85,archive
Well-10,2023-08-18,11.87,11.84,11.91,archive
Well-10,2023-08-19,11.98,11.95,12.02,archive
Well-10,2023-08-20,11.94,11.91,11.98,archive
Well-10,2023-08-21,11.93,11.9,11.97,archive
Well-10,2023-08-22,11.89,11.86,11.93,archive
Well-10,2023-08-23,11.9,11.87,11.94,archive
Well-10,2023-08-24,11.93,11.9,11.97,archive
Well-10,2023-08-25,11.89,11.86,11.93,archive
Well-10,2023-08-26,11.91,11.88,11.95,archive
Well-10,2023-08-27,11.87,11.84,11.91,archive
Well-10,2023-08-28,11.92,11.89,11.96,archive
Well-10,2023-08-29,11.85,11.82,11.89,archive
Well-10,2023-08-30,11.88,11.85,11.92,archive
Well-10,2023-08-31,11.91,11.88,11.95,archive
Well-10,2023-09-01,11.94,11.91,11.98,archive
Well-10,2023-09-02,11.95,11.92,11.99,archive
Well-10,2023-09-03,11.92,11.89,11.96,archive
Well-10,2023-09-04,11.89,11.86,11.93,archive
Well-10,2023-09-05,12.0,11.97,12.04,archive
Well-10,2023-09-06,12.05,12.02,12.09,archive
Well-10,2023-09-07,12.02,11.99,12.06,archive
Well-10,2023-09-08,11.98,11.95,12.02,archive
Well-10,2023-09-09,12.02,11.99,12.06,archive
Well-10,2023-09-10,12.07,12.04,12.11,archive
Well-10,2023-09-11,12.13,12.1,12.17,archive
Well-10,2023-09-12,12.13,12.1,12.17,archive
Well-10,2023-09-13,12.1,12.07,12.14,archive
Well-10,2023-09-14,12.16,12.13,12.2,archive
Well-10,2023-09-15,12.22,12.19,12.26,archive
Well-10,2023-09-16,12.2,12.17,12.24,archive
Well-10,2023-09-17,12.16,12.13,12.2,archive
Well-10,2023-09-18,12.09,12.06,12.13,archive
Well-10,2023-09-19,12.18,12.15,12.22,archive
Well-10,2023-09-20,12.18,12.15,12.22,archive
Well-10,2023-09-21,12.2,12.17,12.24,archive
Well-10,2023-09-22,12.21,12.18,12.25,archive
Well-10,2023-09-23,12.22,12.19,12.26,archive
Well-10,2023-09-24,12.27,12.24,12.31,archive
Well-10,2023-09-25,12.22,12.19,12.26,archive
Well-10,2023-09-26,12.23,12.2,12.27,archive
Well-10,2023-09-27,12.25,12.22,12.29,archive
Well-10,2023-09-28,12.21,12.18,12.25,archive
Well-10,2023-09-29,12.26,12.23,12.3,archive
Well-10,2023-09-30,12.21,12.18,12.25,archive
Well-10,2023-10-01,12.17,12.14,12.21,archive
Well-10,2023-10-02,12.16,12.13,12.2,archive
Well-10,2023-10-03,12.16,12.13,12.2,archive
Well-10,2023-10-04,12.25,12.22,12.29,archive
Well-10,2023-10-05,12.27,12.24,12.31,archive
Well-10,2023-10-06,12.28,12.25,12.32,archive
Well-10,2023-10-07,12.29,12.26,12.33,archive
Well-10,2023-10-08,12.32,12.29,12.36,archive
Well-10,2023-10-09,12.39,12.36,12.43,archive
Well-10,2023-10-10,12.42,12.39,12.46,archive
Well-10,2023-10-11,12.35,12.32,12.39,archive
Well-10,2023-10-12,12.37,12.34,12.41,archive
Well-10,2023-10-13,12.47,12.44,12.51,archive
Well-10,2023-10-14,12.47,12.44,12.51,archive
Well-10,2023-10-15,12.5,12.47,12.54,archive
Well-10,2023-10-16,12.56,12.53,12.6,archive
Well-10,2023-10-17,12.63,12.6,12.67,archive
Well-10,2023-10-18,12.66,12.63,12.7,archive
Well-10,2023-10-19,12.73,12.7,12.77,archive
Well-10,2023-10-20,12.82,12.79,12.86,archive
Well-10,2023-10-21,12.78,12.75,12.82,archive
Well-10,2023-10-22,12.82,12.79,12.86,archive
Well-10,2023-10-23,12.8,12.77,12.84,archive
Well-10,2023-10-24,12.86,12.83,12.9,archive
Well-10,2023-10-25,12.84,12.81,12.88,archive
Well-10,2023-10-26,12.83,12.8,12.87,archive
Well-10,2023-10-27,12.88,12.85,12.92,archive
Well-10,2023-10-28,12.97,12.94,13.01,archive
Well-10,2023-10-29,13.02,12.99,13.06,archive
Well-10,2023-10-30,13.09,13.06,13.13,archive
Well-10,2023-10-31,13.11,13.08,13.15,archive
Well-10,2023-11-01,13.09,13.06,13.13,archive
Well-10,2023-11-02,13.93,13.9,13.97,archive
Well-10,2023-11-03,13.23,13.2,13.27,archive
Well-10,2023-11-04,13.23,13.2,13.27,archive
Well-10,2023-11-05,13.25,13.22,13.29,archive
Well-10,2023-11-06,13.2,13.17,13.24,archive
Well-10,2023-11-07,13.23,13.2,13.27,archive
Well-10,2023-11-08,13.34,13.31,13.38,archive
Well-10,2023-11-09,13.41,13.38,13.45,archive
Well-10,2023-11-10,13.42,13.39,13.46,archive
Well-10,2023-11-11,13.39,13.36,13.43,archive
Well-10,2023-11-12,13.28,13.25,13.32,archive
Well-10,2023-11-13,13.37,13.34,13.41,archive
Well-10,2023-11-14,13.48,13.45,13.52,archive
Well-10,2023-11-15,13.44,13.41,13.48,archive
Well-10,2023-11-16,13.5,13.47,13.54,archive
Well-10,2023-11-17,13.55,13.52,13.59,archive
Well-10,2023-11-18,13.58,13.55,13.62,archive
Well-10,2023-11-19,13.67,13.64,13.71,archive
Well-10,2023-11-20,13.77,13.74,13.81,archive
Well-10,2023-11-21,13.77,13.74,13.81,archive
Well-10,2023-11-22,13.9,13.87,13.94,archive
Well-10,2023-11-23,13.94,13.91,13.98,archive
Well-10,2023-11-24,13.88,13.85,13.92,archive
Well-10,2023-11-25,13.97,13.94,14.01,archive
Well-10,2023-11-26,13.94,13.91,13.98,archive
Well-10,2023-11-27,14.0,13.97,14.04,archive
Well-10,2023-11-28,14.05,14.02,14.09,archive
Well-10,2023-11-29,14.06,14.03,14.1,archive
Well-10,2023-11-30,14.13,14.1,14.17,archive
Well-10,2023-12-01,14.12,14.09,14.16,archive
Well-10,2023-12-02,14.17,14.14,14.21,archive
Well-10,2023-12-03,14.12,14.09,14.16,archive
Well-10,2023-12-04,14.16,14.13,14.2,archive
Well-10,2023-12-05,14.2,14.17,14.24,archive
Well-10,2023-12-06,14.25,14.22,14.29,archive
Well-10,2023-12-07,14.29,14.26,14.33,archive
Well-10,2023-12-08,14.31,14.28,14.35,archive
Well-10,2023-12-09,14.34,14.31,14.38,archive
Well-10,2023-12-10,14.33,14.3,14.37,archive
Well-10,2023-12-11,14.36,14.33,14.4,archive
Well-10,2023-12-12,14.5,14.47,14.54,archive
Well-10,2023-12-13,14.49,14.46,14.53,archive
Well-10,2023-12-14,14.51,14.48,14.55,archive
Well-10,2023-12-15,14.54,14.51,14.58,archive
Well-10,2023-12-16,14.54,14.51,14.58,archive
Well-10,2023-12-17,14.54,14.51,14.58,archive
Well-10,2023-12-18,14.49,14.46,14.53,archive
Well-10,2023-12-19,14.54,14.51,14.58,archive
Well-10,2023-12-20,14.61,14.58,14.65,archive
Well-10,2023-12-21,14.56,14.53,14.6,archive
Well-10,2023-12-22,14.62,14.59,14.66,archive
Well-10,2023-12-23,14.68,14.65,14.72,archive
Well-10,2023-12-24,14.69,14.66,14.73,archive
Well-10,2023-12-25,14.71,14.68,14.75,archive
Well-10,2023-12-26,14.59,14.56,14.63,archive
Well-10,2023-12-27,14.67,14.64,14.71,archive
Well-10,2023-12-28,14.67,14.64,14.71,archive
Well-10,2023-12-29,14.72,14.69,14.76,archive
Well-10,2023-12-30,14.8,14.77,14.84,archive
Well-10,2023-12-31,14.82,14.79,14.86,archive
Well-10,2024-01-01,16.28,16.25,16.32,archive
Well-10,2024-01-02,14.95,14.92,14.99,archive
Well-10,2024-01-03,14.91,14.88,14.95,archive
Well-10,2024-01-04,14.86,14.83,14.9,archive
Well-10,2024-01-05,14.9,14.87,14.94,archive
Well-10,2024-01-06,14.88,14.85,14.92,archive
Well-10,2024-01-07,14.96,14.93,15.0,archive
Well-10,2024-01-08,14.99,14.96,15.03,archive
Well-10,2024-01-09,15.01,14.98,15.05,archive
Well-10,2024-01-10,15.01,14.98,15.05,archive
Well-10,2024-01-11,15.11,15.08,15.15,archive
Well-10,2024-01-12,15.12,15.09,15.16,archive
Well-10,2024-01-13,15.13,15.1,15.17,archive
Well-10,2024-01-14,15.16,15.13,15.2,archive
Well-10,2024-01-15,15.16,15.13,15.2,archive
Well-10,2024-01-16,15.1,15.07,15.14,archive
Well-10,2024-01-17,15.15,15.12,15.19,archive
Well-10,2024-01-18,15.23,15.2,15.27,archive
Well-10,2024-01-19,15.24,15.21,15.28,archive
Well-10,2024-01-20,15.35,15.32,15.39,archive
Well-10,2024-01-21,15.44,15.41,15.48,archive
Well-10,2024-01-22,15.51,15.48,15.55,archive
Well-10,2024-01-23,15.48,15.45,15.52,archive
Well-10,2024-01-24,15.49,15.46,15.53,archive
Well-10,2024-01-25,15.45,15.42,15.49,archive
Well-10,2024-01-26,15.4,15.37,15.44,archive
Well-10,2024-01-27,15.42,15.39,15.46,archive
Well-10,2024-01-28,15.47,15.44,15.51,archive
Well-10,2024-01-29,15.47,15.44,15.51,archive
Well-10,2024-01-30,15.52,15.49,15.56,archive
Well-10,2024-01-31,15.49,15.46,15.53,archive
Well-10,2024-02-01,15.43,15.4,15.47,archive
Well-10,2024-02-02,15.45,15.42,15.49,archive
Well-10,2024-02-03,15.54,15.51,15.58,archive
Well-10,2024-02-04,15.48,15.45,15.52,archive
Well-10,2024-02-05,15.48,15.45,15.52,archive
Well-10,2024-02-06,15.53,15.5,15.57,archive
Well-10,2024-02-07,15.62,15.59,15.66,archive
Well-10,2024-02-08,15.64,15.61,15.68,archive
Well-10,2024-02-09,15.71,15.68,15.75,archive
Well-10,2024-02-10,15.7,15.67,15.74,archive
Well-10,2024-02-11,15.64,15.61,15.68,archive
Well-10,2024-02-12,15.7,15.67,15.74,archive
Well-10,2024-02-13,15.74,15.71,15.78,archive
Well-10,2024-02-14,15.7,15.67,15.74,archive
Well-10,2024-02-15,15.62,15.59,15.66,archive
Well-10,2024-02-16,15.61,15.58,15.65,archive
Well-10,2024-02-17,15.65,15.62,15.69,archive
Well-10,2024-02-18,15.65,15.62,15.69,archive
Well-10,2024-02-19,15.65,15.62,15.69,archive
Well-10,2024-02-20,15.55,15.52,15.59,archive
Well-10,2024-02-21,15.61,15.58,15.65,archive
Well-10,2024-02-22,15.64,15.61,15.68,archive
Well-10,2024-02-23,15.8,15.77,15.84,archive
Well-10,2024-02-24,15.8,15.77,15.84,archive
Well-10,2024-02-25,15.76,15.73,15.8,archive
Well-10,2024-02-26,15.77,15.74,15.81,archive
Well-10,2024-02-27,15.84,15.81,15.88,archive
Well-10,2024-02-28,15.88,15.85,15.92,archive
Well-10,2024-02-29,15.89,15.86,15.93,archive
Well-10,2024-03-01,15.8,15.77,15.84,archive
Well-10,2024-03-02,15.76,15.73,15.8,archive
Well-10,2024-03-03,15.74,15.71,15.78,archive
Well-10,2024-03-04,15.74,15.71,15.78,archive
Well-10,2024-03-05,15.69,15.66,15.73,archive
Well-10,2024-03-06,15.71,15.68,15.75,archive
Well-10,2024-03-07,15.65,15.62,15.69,archive
Well-10,2024-03-08,15.65,15.62,15.69,archive
Well-10,2024-03-09,15.64,15.61,15.68,archive
Well-10,2024-03-10,15.66,15.63,15.7,archive
Well-10,2024-03-11,15.7,15.67,15.74,archive
Well-10,2024-03-12,15.7,15.67,15.74,archive
Well-10,2024-03-13,15.65,15.62,15.69,archive
Well-10,2024-03-14,15.59,15.56,15.63,archive
Well-10,2024-03-15,15.58,15.55,15.62,archive
Well-10,2024-03-16,15.61,15.58,15.65,archive
Well-10,2024-03-17,15.64,15.61,15.68,archive
Well-10,2024-03-18,15.67,15.64,15.71,archive
Well-10,2024-03-19,15.6,15.57,15.64,archive
Well-10,2024-03-20,15.56,15.53,15.6,archive
Well-10,2024-03-21,15.64,15.61,15.68,archive
Well-10,2024-03-22,15.53,15.5,15.57,archive
Well-10,2024-03-23,15.55,15.52,15.59,archive
Well-10,2024-03-24,15.47,15.44,15.51,archive
Well-10,2024-03-25,15.46,15.43,15.5,archive
Well-10,2024-03-26,15.4,15.37,15.44,archive
Well-10,2024-03-27,15.48,15.45,15.52,archive
Well-10,2024-03-28,15.47,15.44,15.51,archive
Well-10,2024-03-29,16.99,16.96,17.03,archive
Well-10,2024-03-30,15.39,15.36,15.43,archive
Well-10,2024-03-31,15.35,15.32,15.39,archive
Well-10,2024-04-01,15.38,15.35,15.42,archive
Well-10,2024-04-02,15.37,15.34,15.41,archive
Well-10,2024-04-03,15.32,15.29,15.36,archive
Well-10,2024-04-04,15.27,15.24,15.31,archive
Well-10,2024-04-05,15.29,15.26,15.33,archive
Well-10,2024-04-06,15.27,15.24,15.31,archive
Well-10,2024-04-07,15.27,15.24,15.31,archive
Well-10,2024-04-08,15.26,15.23,15.3,archive
Well-10,2024-04-09,15.29,15.26,15.33,archive
Well-10,2024-04-10,15.35,15.32,15.39,archive
Well-10,2024-04-11,15.22,15.19,15.26,archive
Well-10,2024-04-12,15.19,15.16,15.23,archive
Well-10,2024-04-13,15.14,15.11,15.18,archive
Well-10,2024-04-14,15.11,15.08,15.15,archive
Well-10,2024-04-15,15.07,15.04,15.11,archive
Well-10,2024-04-16,14.95,14.92,14.99,archive
Well-10,2024-04-17,14.9,14.87,14.94,archive
Well-10,2024-04-18,14.91,14.88,14.95,archive
Well-10,2024-04-19,14.78,14.75,14.82,archive
Well-10,2024-04-20,14.77,14.74,14.81,archive
Well-10,2024-04-21,14.67,14.64,14.71,archive
Well-10,2024-04-22,14.59,14.56,14.63,archive
Well-10,2024-04-23,14.57,14.54,14.61,archive
Well-10,2024-04-24,14.59,14.56,14.63,archive
Well-10,2024-04-25,14.57,14.54,14.61,archive
Well-10,2024-04-26,14.56,14.53,14.6,archive
Well-10,2024-04-27,14.52,14.49,14.56,archive
Well-10,2024-04-28,14.41,14.38,14.45,archive
Well-10,2024-04-29,14.35,14.32,14.39,archive
Well-10,2024-04-30,14.28,14.25,14.32,archive
Well-10,2024-05-01,14.26,14.23,14.3,archive
Well-10,2024-05-02,14.26,14.23,14.3,archive
Well-10,2024-05-03,14.31,14.28,14.35,archive
Well-10,2024-05-04,14.32,14.29,14.36,archive
Well-10,2024-05-05,14.33,14.3,14.37,archive
Well-10,2024-05-06,14.3,14.27,14.34,archive
Well-10,2024-05-07,14.16,14.13,14.2,archive
Well-10,2024-05-08,14.18,14.15,14.22,archive
Well-10,2024-05-09,14.17,14.14,14.21,archive
Well-10,2024-05-10,14.06,14.03,14.1,archive
Well-10,2024-05-11,14.1,14.07,14.14,archive
Well-10,2024-05-12,14.17,14.14,14.21,archive
Well-10,2024-05-13,14.16,14.13,14.2,archive
Well-10,2024-05-14,14.15,14.12,14.19,archive
Well-10,2024-05-15,14.11,14.08,14.15,archive
Well-10,2024-05-16,14.07,14.04,14.11,archive
Well-10,2024-05-17,14.08,14.05,14.12,archive
Well-10,2024-05-18,14.0,13.97,14.04,archive
Well-10,2024-05-19,13.91,13.88,13.95,archive
Well-10,2024-05-20,13.9,13.87,13.94,archive
Well-10,2024-05-21,13.89,13.86,13.93,archive
Well-10,2024-05-22,13.84,13.81,13.88,archive
Well-10,2024-05-23,13.83,13.8,13.87,archive
Well-10,2024-05-24,13.8,13.77,13.84,archive
Well-10,2024-05-25,13.8,13.77,13.84,archive
Well-10,2024-05-26,13.7,13.67,13.74,archive
Well-10,2024-05-27,13.67,13.64,13.71,archive
Well-10,2024-05-28,13.75,13.72,13.79,archive
Well-10,2024-05-29,13.73,13.7,13.77,archive
Well-10,2024-05-30,13.67,13.64,13.71,archive
Well-10,2024-05-31,13.68,13.65,13.72,archive
Well-10,2024-06-01,13.62,13.59,13.66,archive
Well-10,2024-06-02,13.6,13.57,13.64,archive
Well-10,2024-06-03,13.52,13.49,13.56,archive
Well-10,2024-06-04,13.48,13.45,13.52,archive
Well-10,2024-06-05,13.41,13.38,13.45,archive
Well-10,2024-06-06,13.36,13.33,13.4,archive
Well-10,2024-06-07,13.32,13.29,13.36,archive
Well-10,2024-06-08,13.29,13.26,13.33,archive
Well-10,2024-06-09,13.21,13.18,13.25,archive
Well-10,2024-06-10,13.03,13.0,13.07,archive
Well-10,2024-06-11,13.04,13.01,13.08,archive
Well-10,2024-06-12,13.01,12.98,13.05,archive
Well-10,2024-06-13,13.0,12.97,13.04,archive
Well-10,2024-06-14,13.03,13.0,13.07,archive
Well-10,2024-06-15,12.97,12.94,13.01,archive
Well-10,2024-06-16,12.98,12.95,13.02,archive
Well-10,2024-06-17,12.94,12.91,12.98,archive
Well-10,2024-06-18,12.98,12.95,13.02,archive
Well-10,2024-06-19,12.99,12.96,13.03,archive
Well-10,2024-06-20,12.94,12.91,12.98,archive
Well-10,2024-06-21,13.04,13.01,13.08,archive
Well-10,2024-06-22,13.06,13.03,13.1,archive
Well-10,2024-06-23,12.98,12.95,13.02,archive
Well-10,2024-06-24,12.98,12.95,13.02,archive
Well-10,2024-06-25,12.99,12.96,13.03,archive
Well-10,2024-06-26,12.98,12.95,13.02,archive
Well-10,2024-06-27,12.85,12.82,12.89,archive
Well-10,2024-06-28,12.83,12.8,12.87,archive
Well-10,2024-06-29,12.85,12.82,12.89,archive
Well-10,2024-06-30,12.81,12.78,12.85,archive
Well-10,2024-07-01,12.77,12.74,12.81,archive
Well-10,2024-07-02,12.7,12.67,12.74,archive
Well-10,2024-07-03,12.63,12.6,12.67,archive
Well-10,2024-07-04,12.6,12.57,12.64,archive
Well-10,2024-07-05,12.51,12.48,12.55,archive
Well-10,2024-07-06,12.5,12.47,12.54,archive
Well-10,2024-07-07,12.44,12.41,12.48,archive
Well-10,2024-07-08,12.4,12.37,12.44,archive
Well-10,2024-07-09,12.41,12.38,12.45,archive
Well-10,2024-07-10,12.32,12.29,12.36,archive
Well-10,2024-07-11,12.36,12.33,12.4,archive
Well-10,2024-07-12,12.39,12.36,12.43,archive
Well-10,2024-07-13,12.43,12.4,12.47,archive
Well-10,2024-07-14,12.43,12.4,12.47,archive
Well-10,2024-07-15,12.4,12.37,12.44,archive
Well-10,2024-07-16,12.35,12.32,12.39,archive
Well-10,2024-07-17,12.35,12.32,12.39,archive
Well-10,2024-07-18,12.32,12.29,12.36,archive
Well-10,2024-07-19,12.27,12.24,12.31,archive
Well-10,2024-07-20,12.14,12.11,12.18,archive
Well-10,2024-07-21,12.17,12.14,12.21,archive
Well-10,2024-07-22,12.14,12.11,12.18,archive
Well-10,2024-07-23,12.18,12.15,12.22,archive
Well-10,2024-07-24,12.14,12.11,12.18,archive
Well-10,2024-07-25,12.14,12.11,12.18,archive
Well-10,2024-07-26,12.17,12.14,12.21,archive
Well-10,2024-07-27,12.13,12.1,12.17,archive
Well-10,2024-07-28,12.09,12.06,12.13,archive
Well-10,2024-07-29,12.07,12.04,12.11,archive
Well-10,2024-07-30,12.07,12.04,12.11,archive
Well-10,2024-07-31,11.98,11.95,12.02,archive
Well-10,2024-08-01,11.98,11.95,12.02,archive
Well-10,2024-08-02,11.96,11.93,12.0,archive
Well-10,2024-08-03,12.0,11.97,12.04,archive
Well-10,2024-08-04,11.95,11.92,11.99,archive
Well-10,2024-08-05,11.97,11.94,12.01,archive
Well-10,2024-08-06,11.93,11.9,11.97,archive
Well-10,2024-08-07,11.87,11.84,11.91,archive
Well-10,2024-08-08,11.91,11.88,11.95,archive
Well-10,2024-08-09,11.94,11.91,11.98,archive
Well-10,2024-08-10,11.85,11.82,11.89,archive
Well-10,2024-08-11,11.89,11.86,11.93,archive
Well-10,2024-08-12,11.92,11.89,11.96,archive
Well-10,2024-08-13,11.87,11.84,11.91,archive
Well-10,2024-08-14,11.8,11.77,11.84,archive
Well-10,2024-08-15,11.73,11.7,11.77,archive
Well-10,2024-08-16,11.67,11.64,11.71,archive
Well-10,2024-08-17,11.51,11.48,11.55,archive
Well-10,2024-08-18,11.56,11.53,11.6,archive
Well-10,2024-08-19,11.58,11.55,11.62,archive
Well-10,2024-08-20,11.57,11.54,11.61,archive
Well-10,2024-08-21,11.69,11.66,11.73,archive
Well-10,2024-08-22,11.69,11.66,11.73,archive
Well-10,2024-08-23,11.68,11.65,11.72,archive
Well-10,2024-08-24,11.77,11.74,11.81,archive
Well-10,2024-08-25,11.87,11.84,11.91,archive
Well-10,2024-08-26,11.9,11.87,11.94,archive
Well-10,2024-08-27,11.91,11.88,11.95,archive
Well-10,2024-08-28,11.89,11.86,11.93,archive
Well-10,2024-08-29,11.87,11.84,11.91,archive
Well-10,2024-08-30,11.83,11.8,11.87,archive
Well-10,2024-08-31,11.78,11.75,11.82,archive
Well-10,2024-09-01,11.78,11.75,11.82,archive
Well-10,2024-09-02,11.82,11.79,11.86,archive
Well-10,2024-09-03,11.91,11.88,11.95,archive
Well-10,2024-09-04,11.9,11.87,11.94,archive
Well-10,2024-09-05,11.8,11.77,11.84,archive
Well-10,2024-09-06,11.79,11.76,11.83,archive
Well-10,2024-09-07,11.88,11.85,11.92,archive
Well-10,2024-09-08,11.88,11.85,11.92,archive
Well-10,2024-09-09,11.85,11.82,11.89,archive
Well-10,2024-09-10,11.85,11.82,11.89,archive
Well-10,2024-09-11,11.81,11.78,11.85,archive
Well-10,2024-09-12,11.78,11.75,11.82,archive
Well-10,2024-09-13,11.8,11.77,11.84,archive
Well-10,2024-09-14,11.78,11.75,11.82,archive
Well-10,2024-09-15,11.82,11.79,11.86,archive
Well-10,2024-09-16,11.87,11.84,11.91,archive
Well-10,2024-09-17,12.01,11.98,12.05,archive
Well-10,2024-09-18,12.03,12.0,12.07,archive
Well-10,2024-09-19,12.02,11.99,12.06,archive
Well-10,2024-09-20,11.99,11.96,12.03,archive
Well-10,2024-09-21,12.01,11.98,12.05,archive
Well-10,2024-09-22,12.0,11.97,12.04,archive
Well-10,2024-09-23,12.11,12.08,12.15,archive
Well-10,2024-09-24,12.13,12.1,12.17,archive
Well-10,2024-09-25,12.15,12.12,12.19,archive
Well-10,2024-09-26,12.24,12.21,12.28,archive
Well-10,2024-09-27,12.4,12.37,12.44,archive
Well-10,2024-09-28,12.4,12.37,12.44,archive
Well-10,2024-09-29,12.38,12.35,12.42,archive
Well-10,2024-09-30,12.35,12.32,12.39,archive
Well-10,2024-10-01,12.3,12.27,12.34,archive
Well-10,2024-10-02,12.31,12.28,12.35,archive
Well-10,2024-10-03,12.26,12.23,12.3,archive
Well-10,2024-10-04,12.25,12.22,12.29,archive
Well-10,2024-10-05,12.27,12.24,12.31,archive
Well-10,2024-10-06,12.32,12.29,12.36,archive
Well-10,2024-10-07,12.34,12.31,12.38,archive
Well-10,2024-10-08,12.42,12.39,12.46,archive
Well-10,2024-10-09,12.41,12.38,12.45,archive
Well-10,2024-10-10,12.4,12.37,12.44,archive
Well-10,2024-10-11,12.51,12.48,12.55,archive
Well-10,2024-10-12,12.54,12.51,12.58,archive
Well-10,2024-10-13,12.55,12.52,12.59,archive
Well-10,2024-10-14,12.61,12.58,12.65,archive
Well-10,2024-10-15,12.55,12.52,12.59,archive
Well-10,2024-10-16,12.62,12.59,12.66,archive
Well-10,2024-10-17,12.71,12.68,12.75,archive
Well-10,2024-10-18,12.75,12.72,12.79,archive
Well-10,2024-10-19,12.75,12.72,12.79,archive
Well-10,2024-10-20,12.73,12.7,12.77,archive
Well-10,2024-10-21,12.67,12.64,12.71,archive
Well-10,2024-10-22,12.75,12.72,12.79,archive
Well-10,2024-10-23,12.78,12.75,12.82,archive
Well-10,2024-10-24,12.77,12.74,12.81,archive
Well-10,2024-10-25,12.8,12.77,12.84,archive
Well-10,2024-10-26,12.69,12.66,12.73,archive
Well-10,2024-10-27,12.74,12.71,12.78,archive
Well-10,2024-10-28,12.78,12.75,12.82,archive
Well-10,2024-10-29,12.86,12.83,12.9,archive
Well-10,2024-10-30,14.27,14.24,14.31,archive
Well-10,2024-10-31,12.83,12.8,12.87,archive
Well-10,2024-11-01,12.85,12.82,12.89,archive
Well-10,2024-11-02,12.89,12.86,12.93,archive
Well-10,2024-11-03,12.87,12.84,12.91,archive
Well-10,2024-11-04,12.99,12.96,13.03,archive
Well-10,2024-11-05,12.99,12.96,13.03,archive
Well-10,2024-11-06,13.04,13.01,13.08,archive
Well-10,2024-11-07,13.09,13.06,13.13,archive
Well-10,2024-11-08,13.08,13.05,13.12,archive
Well-10,2024-11-09,13.11,13.08,13.15,archive
Well-10,2024-11-10,13.18,13.15,13.22,archive
Well-10,2024-11-11,13.17,13.14,13.21,archive
Well-10,2024-11-12,13.17,13.14,13.21,archive
Well-10,2024-11-13,13.22,13.19,13.26,archive
Well-10,2024-11-14,13.27,13.24,13.31,archive
Well-10,2024-11-15,13.26,13.23,13.3,archive
Well-10,2024-11-16,13.29,13.26,13.33,archive
Well-10,2024-11-17,13.38,13.35,13.42,archive
Well-10,2024-11-18,13.39,13.36,13.43,archive
Well-10,2024-11-19,13.45,13.42,13.49,archive
Well-10,2024-11-20,13.45,13.42,13.49,archive
Well-10,2024-11-21,13.45,13.42,13.49,archive
Well-10,2024-11-22,13.51,13.48,13.55,archive
Well-10,2024-11-23,13.47,13.44,13.51,archive
Well-10,2024-11-24,13.46,13.43,13.5,archive
Well-10,2024-11-25,13.47,13.44,13.51,archive
Well-10,2024-11-26,13.51,13.48,13.55,archive
Well-10,2024-11-27,13.57,13.54,13.61,archive
Well-10,2024-11-28,13.51,13.48,13.55,archive
Well-10,2024-11-29,13.58,13.55,13.62,archive
Well-10,2024-11-30,13.69,13.66,13.73,archive
Well-10,2024-12-01,13.69,13.66,13.73,archive
Well-10,2024-12-02,13.75,13.72,13.79,archive
Well-10,2024-12-03,13.83,13.8,13.87,archive
Well-10,2024-12-04,13.88,13.85,13.92,archive
Well-10,2024-12-05,13.89,13.86,13.93,archive
Well-10,2024-12-06,13.97,13.94,14.01,archive
Well-10,2024-12-07,14.06,14.03,14.1,archive
Well-10,2024-12-08,14.16,14.13,14.2,archive
Well-10,2024-12-09,14.17,14.14,14.21,archive
Well-10,2024-12-10,14.32,14.29,14.36,archive
Well-10,2024-12-11,14.35,14.32,14.39,archive
Well-10,2024-12-12,14.35,14.32,14.39,archive
Well-10,2024-12-13,14.36,14.33,14.4,archive
Well-10,2024-12-14,14.31,14.28,14.35,archive
Well-10,2024-12-15,14.4,14.37,14.44,archive
Well-10,2024-12-16,14.38,14.35,14.42,archive
Well-10,2024-12-17,14.43,14.4,14.47,archive
Well-10,2024-12-18,14.41,14.38,14.45,archive
Well-10,2024-12-19,14.82,14.79,14.86,archive
Well-10,2024-12-20,14.44,14.41,14.48,archive
Well-10,2024-12-21,14.48,14.45,14.52,archive
Well-10,2024-12-22,14.52,14.49,14.56,archive
Well-10,2024-12-23,14.58,14.55,14.62,archive
Well-10,2024-12-24,14.68,14.65,14.72,archive
Well-10,2024-12-25,14.7,14.67,14.74,archive
Well-10,2024-12-26,14.77,14.74,14.81,archive
Well-10,2024-12-27,14.84,14.81,14.88,archive
Well-10,2024-12-28,14.88,14.85,14.92,archive
Well-10,2024-12-29,14.9,14.87,14.94,archive
Well-10,2024-12-30,14.93,14.9,14.97,archive
Well-10,2024-12-31,14.96,14.93,15.0,archive
Well-10,2025-01-01,14.97,14.94,15.01,archive
Well-10,2025-01-02,15.03,15.0,15.07,archive
Well-10,2025-01-03,15.13,15.1,15.17,archive
Well-10,2025-01-04,15.16,15.13,15.2,archive
Well-10,2025-01-05,15.17,15.14,15.21,archive
Well-10,2025-01-06,15.13,15.1,15.17,archive
Well-10,2025-01-07,15.21,15.18,15.25,archive
Well-10,2025-01-08,15.24,15.21,15.28,archive
Well-10,2025-01-09,15.22,15.19,15.26,archive
Well-10,2025-01-10,15.23,15.2,15.27,archive
Well-10,2025-01-11,15.26,15.23,15.3,archive
Well-10,2025-01-12,15.21,15.18,15.25,archive
Well-10,2025-01-13,15.22,15.19,15.26,archive
Well-10,2025-01-14,15.24,15.21,15.28,archive
Well-10,2025-01-15,15.24,15.21,15.28,archive
Well-10,2025-01-16,15.21,15.18,15.25,archive
Well-10,2025-01-17,15.21,15.18,15.25,archive
Well-10,2025-01-18,15.23,15.2,15.27,archive
Well-10,2025-01-19,15.24,15.21,15.28,archive
Well-10,2025-01-20,15.24,15.21,15.28,archive
Well-10,2025-01-21,15.24,15.21,15.28,archive
Well-10,2025-01-22,15.28,15.25,15.32,archive
Well-10,2025-01-23,15.32,15.29,15.36,archive
Well-10,2025-01-24,15.4,15.37,15.44,archive
Well-10,2025-01-25,15.43,15.4,15.47,archive
Well-10,2025-01-26,15.49,15.46,15.53,archive
Well-10,2025-01-27,15.51,15.48,15.55,archive
Well-10,2025-01-28,15.47,15.44,15.51,archive
Well-10,2025-01-29,15.48,15.45,15.52,archive
Well-10,2025-01-30,15.47,15.44,15.51,archive
Well-10,2025-01-31,15.48,15.45,15.52,archive
Well-10,2025-02-01,15.41,15.38,15.45,archive
Well-10,2025-02-02,15.38,15.35,15.42,archive
Well-10,2025-02-03,15.42,15.39,15.46,archive
Well-10,2025-02-04,15.46,15.43,15.5,archive
Well-10,2025-02-05,15.44,15.41,15.48,archive
Well-10,2025-02-06,15.46,15.43,15.5,archive
Well-10,2025-02-07,15.52,15.49,15.56,archive
Well-10,2025-02-08,15.49,15.46,15.53,archive
Well-10,2025-02-09,15.57,15.54,15.61,archive
Well-10,2025-02-10,15.56,15.53,15.6,archive
Well-10,2025-02-11,15.59,15.56,15.63,archive
Well-10,2025-02-12,15.57,15.54,15.61,archive
Well-10,2025-02-13,15.57,15.54,15.61,archive
Well-10,2025-02-14,15.64,15.61,15.68,archive
Well-10,2025-02-15,15.66,15.63,15.7,archive
Well-10,2025-02-16,15.69,15.66,15.73,archive
Well-10,2025-02-17,16.33,16.3,16.37,archive
Well-10,2025-02-18,15.71,15.68,15.75,archive
Well-10,2025-02-19,15.67,15.64,15.71,archive
Well-10,2025-02-20,15.72,15.69,15.76,archive
Well-10,2025-02-21,15.7,15.67,15.74,archive
Well-10,2025-02-22,15.65,15.62,15.69,archive
Well-10,2025-02-23,15.71,15.68,15.75,archive
Well-10,2025-02-24,15.65,15.62,15.69,archive
Well-10,2025-02-25,15.63,15.6,15.67,archive
Well-10,2025-02-26,15.7,15.67,15.74,archive
Well-10,2025-02-27,15.73,15.7,15.77,archive
Well-10,2025-02-28,15.79,15.76,15.83,archive
Well-10,2025-03-01,15.8,15.77,15.84,archive
Well-10,2025-03-02,15.74,15.71,15.78,archive
Well-10,2025-03-03,15.6,15.57,15.64,archive
Well-10,2025-03-04,15.59,15.56,15.63,archive
Well-10,2025-03-05,15.63,15.6,15.67,archive
Well-10,2025-03-06,15.64,15.61,15.68,archive
Well-10,2025-03-07,15.66,15.63,15.7,archive
Well-10,2025-03-08,15.67,15.64,15.71,archive
Well-10,2025-03-09,15.69,15.66,15.73,archive
Well-10,2025-03-10,15.77,15.74,15.81,archive
Well-10,2025-03-11,15.77,15.74,15.81,archive
Well-10,2025-03-12,15.76,15.73,15.8,archive
Well-10,2025-03-13,15.65,15.62,15.69,archive
Well-10,2025-03-14,15.57,15.54,15.61,archive
Well-10,2025-03-15,15.59,15.56,15.63,archive
Well-10,2025-03-16,15.58,15.55,15.62,archive
Well-10,2025-03-17,15.63,15.6,15.67,archive
Well-10,2025-03-18,15.58,15.55,15.62,archive
Well-10,2025-03-19,15.64,15.61,15.68,archive
Well-10,2025-03-20,15.65,15.62,15.69,archive
Well-10,2025-03-21,15.61,15.58,15.65,archive
Well-10,2025-03-22,15.62,15.59,15.66,archive
Well-10,2025-03-23,15.58,15.55,15.62,archive
Well-10,2025-03-24,15.45,15.42,15.49,archive
Well-10,2025-03-25,15.38,15.35,15.42,archive
Well-10,2025-03-26,15.44,15.41,15.48,archive
Well-10,2025-03-27,15.4,15.37,15.44,archive
Well-10,2025-03-28,15.36,15.33,15.4,archive
Well-10,2025-03-29,15.36,15.33,15.4,archive
Well-10,2025-03-30,15.34,15.31,15.38,archive
Well-10,2025-03-31,15.31,15.28,15.35,archive
Well-10,2025-04-01,15.27,15.24,15.31,archive
Well-10,2025-04-02,15.37,15.34,15.41,archive
Well-10,2025-04-03,15.26,15.23,15.3,archive
Well-10,2025-04-04,15.29,15.26,15.33,archive
Well-10,2025-04-05,15.36,15.33,15.4,archive
Well-10,2025-04-06,15.39,15.36,15.43,archive
Well-10,2025-04-07,15.24,15.21,15.28,archive
Well-10,2025-04-08,15.32,15.29,15.36,archive
Well-10,2025-04-09,15.34,15.31,15.38,archive
Well-10,2025-04-10,15.33,15.3,15.37,archive
Well-10,2025-04-11,15.23,15.2,15.27,archive
Well-10,2025-04-12,15.13,15.1,15.17,archive
Well-10,2025-04-13,15.06,15.03,15.1,archive
Well-10,2025-04-14,14.96,14.93,15.0,archive
Well-10,2025-04-15,14.92,14.89,14.96,archive
Well-10,2025-04-16,14.85,14.82,14.89,archive
Well-10,2025-04-17,14.84,14.81,14.88,archive
Well-10,2025-04-18,14.75,14.72,14.79,archive
Well-10,2025-04-19,14.82,14.79,14.86,archive
Well-10,2025-04-20,14.81,14.78,14.85,archive
Well-10,2025-04-21,14.76,14.73,14.8,archive
Well-10,2025-04-22,14.81,14.78,14.85,archive
Well-10,2025-04-23,14.74,14.71,14.78,archive
Well-10,2025-04-24,14.65,14.62,14.69,archive
Well-10,2025-04-25,14.58,14.55,14.62,archive
Well-10,2025-04-26,14.57,14.54,14.61,archive
Well-10,2025-04-27,14.58,14.55,14.62,archive
Well-10,2025-04-28,14.63,14.6,14.67,archive
Well-10,2025-04-29,14.57,14.54,14.61,archive
Well-10,2025-04-30,14.58,14.55,14.62,archive
Well-10,2025-05-01,14.6,14.57,14.64,archive
Well-10,2025-05-02,14.6,14.57,14.64,archive
Well-10,2025-05-03,14.5,14.47,14.54,archive
Well-10,2025-05-04,14.54,14.51,14.58,archive
Well-10,2025-05-05,14.5,14.47,14.54,archive
Well-10,2025-05-06,14.45,14.42,14.49,archive
Well-10,2025-05-07,14.51,14.48,14.55,archive
Well-10,2025-05-08,14.54,14.51,14.58,archive
Well-10,2025-05-09,14.45,14.42,14.49,archive
Well-10,2025-05-10,14.39,14.36,14.43,archive
Well-10,2025-05-11,14.31,14.28,14.35,archive
Well-10,2025-05-12,14.21,14.18,14.25,archive
Well-10,2025-05-13,14.22,14.19,14.26,archive
Well-10,2025-05-14,14.26,14.23,14.3,archive
Well-10,2025-05-15,14.3,14.27,14.34,archive
Well-10,2025-05-16,14.26,14.23,14.3,archive
Well-10,2025-05-17,14.29,14.26,14.33,archive
Well-10,2025-05-18,14.28,14.25,14.32,archive
Well-10,2025-05-19,14.23,14.2,14.27,archive
Well-10,2025-05-20,14.19,14.16,14.23,archive
Well-10,2025-05-21,14.07,14.04,14.11,archive
Well-10,2025-05-22,13.99,13.96,14.03,archive
Well-10,2025-05-23,13.95,13.92,13.99,archive
Well-10,2025-05-24,13.82,13.79,13.86,archive
Well-10,2025-05-25,13.72,13.69,13.76,archive
Well-10,2025-05-26,13.77,13.74,13.81,archive
Well-10,2025-05-27,13.7,13.67,13.74,archive
Well-10,2025-05-28,13.62,13.59,13.66,archive
Well-10,2025-05-29,13.64,13.61,13.68,archive
Well-10,2025-05-30,13.65,13.62,13.69,archive
Well-10,2025-05-31,13.62,13.59,13.66,archive
Well-10,2025-06-01,13.62,13.59,13.66,archive
Well-10,2025-06-02,13.64,13.61,13.68,archive
Well-10,2025-06-03,13.61,13.58,13.65,archive
Well-10,2025-06-04,13.6,13.57,13.64,archive
Well-10,2025-06-05,13.49,13.46,13.53,archive
Well-10,2025-06-06,13.4,13.37,13.44,archive
Well-10,2025-06-07,13.23,13.2,13.27,archive
Well-10,2025-06-08,13.2,13.17,13.24,archive
Well-10,2025-06-09,13.15,13.12,13.19,archive
Well-10,2025-06-10,13.15,13.12,13.19,archive
Well-10,2025-06-11,13.12,13.09,13.16,archive
Well-10,2025-06-12,13.06,13.03,13.1,archive
Well-10,2025-06-13,13.05,13.02,13.09,archive
Well-10,2025-06-14,13.0,12.97,13.04,archive
Well-10,2025-06-15,13.0,12.97,13.04,archive
Well-10,2025-06-16,13.03,13.0,13.07,archive
Well-10,2025-06-17,13.1,13.07,13.14,archive
Well-10,2025-06-18,13.08,13.05,13.12,archive
Well-10,2025-06-19,12.93,12.9,12.97,archive
Well-10,2025-06-20,12.91,12.88,12.95,archive
Well-10,2025-06-21,12.9,12.87,12.94,archive
Well-10,2025-06-22,12.88,12.85,12.92,archive
Well-10,2025-06-23,12.79,12.76,12.83,archive
Well-10,2025-06-24,12.73,12.7,12.77,archive
Well-10,2025-06-25,12.76,12.73,12.8,archive
Well-10,2025-06-26,12.81,12.78,12.85,archive
Well-10,2025-06-27,12.8,12.77,12.84,archive
Well-10,2025-06-28,12.74,12.71,12.78,archive
Well-10,2025-06-29,12.57,12.54,12.61,archive
Well-10,2025-06-30,12.62,12.59,12.66,archive
Well-10,2025-07-01,12.65,12.62,12.69,archive
Well-10,2025-07-02,12.53,12.5,12.57,archive
Well-10,2025-07-03,12.56,12.53,12.6,archive
Well-10,2025-07-04,12.5,12.47,12.54,archive
Well-10,2025-07-05,12.47,12.44,12.51,archive
Well-10,2025-07-06,12.43,12.4,12.47,archive
Well-10,2025-07-07,12.4,12.37,12.44,archive
Well-10,2025-07-08,12.44,12.41,12.48,archive
Well-10,2025-07-09,12.41,12.38,12.45,archive
Well-10,2025-07-10,12.42,12.39,12.46,archive
Well-10,2025-07-11,12.39,12.36,12.43,archive
Well-10,2025-07-12,12.4,12.37,12.44,archive
Well-10,2025-07-13,12.4,12.37,12.44,archive
Well-10,2025-07-14,12.37,12.34,12.41,archive
Well-10,2025-07-15,12.31,12.28,12.35,archive
Well-10,2025-07-16,12.25,12.22,12.29,archive
Well-10,2025-07-17,12.24,12.21,12.28,archive
Well-10,2025-07-18,12.27,12.24,12.31,archive
Well-10,2025-07-19,12.28,12.25,12.32,archive
Well-10,2025-07-20,12.22,12.19,12.26,archive
Well-10,2025-07-21,12.21,12.18,12.25,archive
Well-10,2025-07-22,12.2,12.17,12.24,archive
Well-10,2025-07-23,12.11,12.08,12.15,archive
Well-10,2025-07-24,11.99,11.96,12.03,archive
Well-10,2025-07-25,12.05,12.02,12.09,archive
Well-10,2025-07-26,12.01,11.98,12.05,archive
Well-10,2025-07-27,11.99,11.96,12.03,archive
Well-10,2025-07-28,12.0,11.97,12.04,archive
Well-10,2025-07-29,11.97,11.94,12.01,archive
Well-10,2025-07-30,11.95,11.92,11.99,archive
Well-10,2025-07-31,11.92,11.89,11.96,archive
Well-10,2025-08-01,11.95,11.92,11.99,archive
Well-10,2025-08-02,11.93,11.9,11.97,archive
Well-10,2025-08-03,11.89,11.86,11.93,archive
Well-10,2025-08-04,11.96,11.93,12.0,archive
Well-10,2025-08-05,12.04,12.01,12.08,archive
Well-10,2025-08-06,11.97,11.94,12.01,archive
Well-10,2025-08-07,12.05,12.02,12.09,archive
Well-10,2025-08-08,12.0,11.97,12.04,archive
Well-10,2025-08-09,12.05,12.02,12.09,archive
Well-10,2025-08-10,11.95,11.92,11.99,archive
Well-10,2025-08-11,11.86,11.83,11.9,archive
Well-10,2025-08-12,11.83,11.8,11.87,archive
Well-10,2025-08-13,11.73,11.7,11.77,archive
Well-10,2025-08-14,11.81,11.78,11.85,archive
Well-10,2025-08-15,11.88,11.85,11.92,archive
Well-10,2025-08-16,11.93,11.9,11.97,archive
Well-10,2025-08-17,11.92,11.89,11.96,archive
Well-10,2025-08-18,11.95,11.92,11.99,archive
Well-10,2025-08-19,12.02,11.99,12.06,archive
Well-10,2025-08-20,11.97,11.94,12.01,archive
Well-10,2025-08-21,11.99,11.96,12.03,archive
Well-10,2025-08-22,12.02,11.99,12.06,archive
Well-10,2025-08-23,11.98,11.95,12.02,archive
Well-10,2025-08-24,11.9,11.87,11.94,archive
Well-10,2025-08-25,11.91,11.88,11.95,archive
Well-10,2025-08-26,11.91,11.88,11.95,archive
Well-10,2025-08-27,11.95,11.92,11.99,archive
Well-10,2025-08-28,11.96,11.93,12.0,archive
Well-10,2025-08-29,11.91,11.88,11.95,archive
Well-10,2025-08-30,11.84,11.81,11.88,archive
Well-10,2025-08-31,11.88,11.85,11.92,archive
Well-10,2025-09-01,11.95,11.92,11.99,archive
Well-10,2025-09-02,12.0,11.97,12.04,archive
Well-10,2025-09-03,11.91,11.88,11.95,archive
Well-10,2025-09-04,12.02,11.99,12.06,archive
Well-10,2025-09-05,12.05,12.02,12.09,archive
Well-10,2025-09-06,12.13,12.1,12.17,archive
Well-10,2025-09-07,12.12,12.09,12.16,archive
Well-10,2025-09-08,12.08,12.05,12.12,archive
Well-10,2025-09-09,12.16,12.13,12.2,archive
Well-10,2025-09-10,12.07,12.04,12.11,archive
Well-10,2025-09-11,12.0,11.97,12.04,archive
Well-10,2025-09-12,12.09,12.06,12.13,archive
Well-10,2025-09-13,12.12,12.09,12.16,archive
Well-10,2025-09-14,12.04,12.01,12.08,archive
Well-10,2025-09-15,12.02,11.99,12.06,archive
Well-10,2025-09-16,12.01,11.98,12.05,archive
Well-10,2025-09-17,12.03,12.0,12.07,archive
Well-10,2025-09-18,12.05,12.02,12.09,archive
Well-10,2025-09-19,12.09,12.06,12.13,archive
Well-10,2025-09-20,12.14,12.11,12.18,archive
Well-10,2025-09-21,12.01,11.98,12.05,archive
Well-10,2025-09-22,12.12,12.09,12.16,archive
Well-10,2025-09-23,12.14,12.11,12.18,archive
Well-10,2025-09-24,12.08,12.05,12.12,archive
Well-10,2025-09-25,12.1,12.07,12.14,archive
Well-10,2025-09-26,12.13,12.1,12.17,archive
Well-10,2025-09-27,12.08,12.05,12.12,archive
Well-10,2025-09-28,12.06,12.03,12.1,archive
Well-10,2025-09-29,12.12,12.09,12.16,archive
Well-10,2025-09-30,12.19,12.16,12.23,archive
Well-10,2025-10-01,12.15,12.12,12.19,archive
Well-10,2025-10-02,12.07,12.04,12.11,archive
Well-10,2025-10-03,12.11,12.08,12.15,archive
Well-10,2025-10-04,12.13,12.1,12.17,archive
Well-10,2025-10-05,12.13,12.1,12.17,archive
Well-10,2025-10-06,12.18,12.15,12.22,archive
Well-10,2025-10-07,12.2,12.17,12.24,archive
Well-10,2025-10-08,12.22,12.19,12.26,archive
Well-10,2025-10-09,12.26,12.23,12.3,archive
Well-10,2025-10-10,12.26,12.23,12.3,archive
Well-10,2025-10-11,12.33,12.3,12.37,archive
Well-10,2025-10-12,12.31,12.28,12.35,archive
Well-10,2025-10-13,12.33,12.3,12.37,archive
Well-10,2025-10-14,12.38,12.35,12.42,archive
Well-10,2025-10-15,12.45,12.42,12.49,archive
Well-10,2025-10-16,12.59,12.56,12.63,archive
Well-10,2025-10-17,12.6,12.57,12.64,archive
Well-10,2025-10-18,12.6,12.57,12.64,archive
Well-10,2025-10-19,12.68,12.65,12.72,archive
Well-10,2025-10-20,12.73,12.7,12.77,archive
Well-10,2025-10-21,12.69,12.66,12.73,archive
Well-10,2025-10-22,12.77,12.74,12.81,archive
Well-10,2025-10-23,12.76,12.73,12.8,archive
Well-10,2025-10-24,12.8,12.77,12.84,archive
Well-10,2025-10-25,12.88,12.85,12.92,archive
Well-10,2025-10-26,12.92,12.89,12.96,archive
Well-10,2025-10-27,12.9,12.87,12.94,archive
Well-10,2025-10-28,12.96,12.93,13.0,archive
Well-10,2025-10-29,13.03,13.0,13.07,archive
Well-10,2025-10-30,13.13,13.1,13.17,archive
Well-10,2025-10-31,13.07,13.04,13.11,archive
Well-10,2025-11-01,13.11,13.08,13.15,archive
Well-10,2025-11-02,13.18,13.15,13.22,archive
Well-10,2025-11-03,13.24,13.21,13.28,archive
Well-10,2025-11-04,13.24,13.21,13.28,archive
Well-10,2025-11-05,13.26,13.23,13.3,archive
Well-10,2025-11-06,13.3,13.27,13.34,archive
Well-10,2025-11-07,13.25,13.22,13.29,archive
Well-10,2025-11-08,13.38,13.35,13.42,archive
Well-10,2025-11-09,13.45,13.42,13.49,archive
Well-10,2025-11-10,13.53,13.5,13.57,archive
Well-10,2025-11-11,13.57,13.54,13.61,archive
Well-10,2025-11-12,13.67,13.64,13.71,archive
Well-10,2025-11-13,13.7,13.67,13.74,archive
Well-10,2025-11-14,13.65,13.62,13.69,archive
Well-10,2025-11-15,13.63,13.6,13.67,archive
Well-10,2025-11-16,13.72,13.69,13.76,archive
Well-10,2025-11-17,13.72,13.69,13.76,archive
Well-10,2025-11-18,13.75,13.72,13.79,archive
Well-10,2025-11-19,13.75,13.72,13.79,archive
Well-10,2025-11-20,13.79,13.76,13.83,archive
Well-10,2025-11-21,13.82,13.79,13.86,archive
Well-10,2025-11-22,13.86,13.83,13.9,archive
Well-10,2025-11-23,13.86,13.83,13.9,archive
Well-10,2025-11-24,13.85,13.82,13.89,archive
Well-10,2025-11-25,13.96,13.93,14.0,archive
Well-10,2025-11-26,14.0,13.97,14.04,archive
Well-10,2025-11-27,14.04,14.01,14.08,archive
Well-10,2025-11-28,14.09,14.06,14.13,archive
Well-10,2025-11-29,14.21,14.18,14.25,archive
Well-10,2025-11-30,14.21,14.18,14.25,archive
Well-10,2025-12-01,14.23,14.2,14.27,archive
Well-10,2025-12-02,14.25,14.22,14.29,archive
Well-10,2025-12-03,14.23,14.2,14.27,archive
Well-10,2025-12-04,14.22,14.19,14.26,archive
Well-10,2025-12-05,14.26,14.23,14.3,archive
Well-10,2025-12-06,14.23,14.2,14.27,archive
Well-10,2025-12-07,14.33,14.3,14.37,archive
Well-10,2025-12-08,14.43,14.4,14.47,archive
Well-10,2025-12-09,14.49,14.46,14.53,archive
Well-10,2025-12-10,14.5,14.47,14.54,archive
Well-10,2025-12-11,14.62,14.59,14.66,archive
Well-10,2025-12-12,14.63,14.6,14.67,archive
Well-10,2025-12-13,14.6,14.57,14.64,archive
Well-10,2025-12-14,14.6,14.57,14.64,archive
Well-10,2025-12-15,14.64,14.61,14.68,live
Well-10,2025-12-16,14.63,14.6,14.67,live
Well-10,2025-12-17,14.65,14.62,14.69,live
Well-10,2025-12-18,14.73,14.7,14.77,live
Well-10,2025-12-19,14.73,14.7,14.77,live
Well-10,2025-12-20,14.71,14.68,14.75,live
Well-10,2025-12-21,14.7,14.67,14.74,live
Well-10,2025-12-22,14.78,14.75,14.82,live
Well-10,2025-12-23,14.93,14.9,14.97,live
Well-10,2025-12-24,14.96,14.93,15.0,live
Well-10,2025-12-25,14.95,14.92,14.99,live
Well-10,2025-12-26,15.03,15.0,15.07,live
Well-10,2025-12-27,15.08,15.05,15.12,live
Well-10,2025-12-28,15.1,15.07,15.14,live
Well-10,2025-12-29,15.14,15.11,15.18,live
Well-10,2025-12-30,15.1,15.07,15.14,live
Well-10,2025-12-31,15.09,15.06,15.13,live
Well-10,2026-01-01,15.19,15.16,15.23,live
Well-10,2026-01-02,15.14,15.11,15.18,live
Well-10,2026-01-03,15.2,15.17,15.24,live
Well-10,2026-01-04,15.19,15.16,15.23,live
Well-10,2026-01-05,15.24,15.21,15.28,live
Well-10,2026-01-06,15.27,15.24,15.31,live
Well-10,2026-01-07,15.35,15.32,15.39,live
Well-10,2026-01-08,15.34,15.31,15.38,live
Well-10,2026-01-09,15.34,15.31,15.38,live
Well-10,2026-01-10,15.44,15.41,15.48,live
Well-10,2026-01-11,15.39,15.36,15.43,live
Well-10,2026-01-12,15.38,15.35,15.42,live
Well-10,2026-01-13,15.35,15.32,15.39,live
Well-10,2026-01-14,15.37,15.34,15.41,live
Well-10,2026-01-15,15.36,15.33,15.4,live
Well-10,2026-01-16,15.46,15.43,15.5,live
Well-10,2026-01-17,15.49,15.46,15.53,live
Well-10,2026-01-18,15.51,15.48,15.55,live
Well-10,2026-01-19,15.55,15.52,15.59,live
Well-10,2026-01-20,15.55,15.52,15.59,live
Well-10,2026-01-21,15.59,15.56,15.63,live
Well-10,2026-01-22,15.57,15.54,15.61,live
Well-10,2026-01-23,15.54,15.51,15.58,live
Well-10,2026-01-24,15.59,15.56,15.63,live
Well-10,2026-01-25,15.59,15.56,15.63,live
Well-10,2026-01-26,15.57,15.54,15.61,live
Well-10,2026-01-27,15.57,15.54,15.61,live
Well-10,2026-01-28,15.62,15.59,15.66,live
Well-10,2026-01-29,15.71,15.68,15.75,live
Well-10,2026-01-30,15.72,15.69,15.76,live
Well-10,2026-01-31,15.69,15.66,15.73,live
Well-10,2026-02-01,15.57,15.54,15.61,live
Well-10,2026-02-02,15.58,15.55,15.62,live
Well-10,2026-02-03,15.59,15.56,15.63,live
Well-10,2026-02-04,15.71,15.68,15.75,live
Well-10,2026-02-05,16.5,16.47,16.54,live
Well-10,2026-02-06,15.67,15.64,15.71,live
Well-10,2026-02-07,15.65,15.62,15.69,live
Well-10,2026-02-08,15.75,15.72,15.79,live
Well-10,2026-02-09,15.69,15.66,15.73,live
Well-10,2026-02-10,15.68,15.65,15.72,live
Well-10,2026-02-11,15.68,15.65,15.72,live
Well-10,2026-02-12,15.75,15.72,15.79,live
Well-10,2026-02-13,15.84,15.81,15.88,live
Well-10,2026-02-14,15.84,15.81,15.88,live
Well-10,2026-02-15,15.9,15.87,15.94,live
Well-10,2026-02-16,15.88,15.85,15.92,live
Well-10,2026-02-17,15.86,15.83,15.9,live
Well-10,2026-02-18,15.85,15.82,15.89,live
Well-10,2026-02-19,15.85,15.82,15.89,live
Well-10,2026-02-20,15.78,15.75,15.82,live
Well-10,2026-02-21,15.78,15.75,15.82,live
Well-10,2026-02-22,15.81,15.78,15.85,live
Well-10,2026-02-23,15.8,15.77,15.84,live
Well-10,2026-02-24,15.76,15.73,15.8,live
Well-10,2026-02-25,15.69,15.66,15.73,live
Well-10,2026-02-26,15.75,15.72,15.79,live
Well-10,2026-02-27,15.72,15.69,15.76,live
Well-10,2026-02-28,15.74,15.71,15.78,live
Well-10,2026-03-01,15.73,15.7,15.77,live
Well-10,2026-03-02,15.68,15.65,15.72,live
Well-10,2026-03-03,15.78,15.75,15.82,live
Well-10,2026-03-04,15.7,15.67,15.74,live
Well-10,2026-03-05,15.68,15.65,15.72,live
Well-10,2026-03-06,15.72,15.69,15.76,live
Well-10,2026-03-07,15.65,15.62,15.69,live
Well-10,2026-03-08,15.67,15.64,15.71,live
Well-10,2026-03-09,15.65,15.62,15.69,live
Well-10,2026-03-10,15.58,15.55,15.62,live
Well-10,2026-03-11,15.55,15.52,15.59,live
Well-10,2026-03-12,15.52,15.49,15.56,live
Well-10,2026-03-13,15.57,15.54,15.61,live
Well-10,2026-03-14,15.51,15.48,15.55,live
Well-10,2026-03-15,15.56,15.53,15.6,live
Well-10,2026-03-16,15.6,15.57,15.64,live
Well-10,2026-03-17,15.56,15.53,15.6,live
Well-10,2026-03-18,15.45,15.42,15.49,live
Well-10,2026-03-19,15.45,15.42,15.49,live
Well-10,2026-03-20,15.46,15.43,15.5,live
Well-10,2026-03-21,15.35,15.32,15.39,live
Well-10,2026-03-22,15.37,15.34,15.41,live
Well-10,2026-03-23,15.42,15.39,15.46,live
Well-10,2026-03-24,15.39,15.36,15.43,live
Well-10,2026-03-25,15.4,15.37,15.44,live
Well-10,2026-03-26,15.28,15.25,15.32,live
Well-10,2026-03-27,15.28,15.25,15.32,live
Well-10,2026-03-28,15.3,15.27,15.34,live
Well-10,2026-03-29,15.26,15.23,15.3,live
Well-10,2026-03-30,15.28,15.25,15.32,live
Well-10,2026-03-31,15.24,15.21,15.28,live
Well-10,2026-04-01,15.27,15.24,15.31,live
Well-10,2026-04-02,15.23,15.2,15.27,live
Well-10,2026-04-03,15.2,15.17,15.24,live
Well-10,2026-04-04,15.17,15.14,15.21,live
Well-10,2026-04-05,15.1,15.07,15.14,live
Well-10,2026-04-06,15.12,15.09,15.16,live
Well-10,2026-04-07,15.12,15.09,15.16,live
Well-10,2026-04-08,15.09,15.06,15.13,live
Well-10,2026-04-09,15.1,15.07,15.14,live
Well-10,2026-04-10,15.05,15.02,15.09,live
Well-10,2026-04-11,15.01,14.98,15.05,live
Well-10,2026-04-12,15.07,15.04,15.11,live
Well-10,2026-04-13,15.1,15.07,15.14,live
Well-10,2026-04-14,15.19,15.16,15.23,live
Well-10,2026-04-15,15.18,15.15,15.22,live
Well-10,2026-04-16,15.18,15.15,15.22,live
Well-10,2026-04-17,15.16,15.13,15.2,live
Well-10,2026-04-18,15.13,15.1,15.17,live
Well-10,2026-04-19,15.1,15.07,15.14,live
Well-10,2026-04-20,15.04,15.01,15.08,live
Well-10,2026-04-21,15.03,15.0,15.07,live
Well-10,2026-04-22,15.02,14.99,15.06,live
Well-10,2026-04-23,14.98,14.95,15.02,live
Well-10,2026-04-24,14.97,14.94,15.01,live
Well-10,2026-04-25,14.97,14.94,15.01,live
Well-10,2026-04-26,14.85,14.82,14.89,live
Well-10,2026-04-27,14.76,14.73,14.8,live
Well-10,2026-04-28,14.76,14.73,14.8,live
Well-10,2026-04-29,14.69,14.66,14.73,live
Well-10,2026-04-30,14.76,14.73,14.8,live
Well-10,2026-05-01,14.67,14.64,14.71,live
Well-10,2026-05-02,14.59,14.56,14.63,live
Well-10,2026-05-03,14.54,14.51,14.58,live
Well-10,2026-05-04,14.44,14.41,14.48,live
Well-10,2026-05-05,14.49,14.46,14.53,live
Well-10,2026-05-06,14.45,14.42,14.49,live
Well-10,2026-05-07,14.46,14.43,14.5,live
Well-10,2026-05-08,14.34,14.31,14.38,live
Well-10,2026-05-09,14.3,14.27,14.34,live
Well-10,2026-05-10,14.22,14.19,14.26,live
Well-10,2026-05-11,14.19,14.16,14.23,live
Well-10,2026-05-12,14.16,14.13,14.2,live
Well-10,2026-05-13,14.16,14.13,14.2,live
Well-10,2026-05-14,14.2,14.17,14.24,live
Well-10,2026-05-15,14.23,14.2,14.27,live
Well-10,2026-05-16,14.26,14.23,14.3,live
Well-10,2026-05-17,14.22,14.19,14.26,live
Well-10,2026-05-18,14.25,14.22,14.29,live
Well-10,2026-05-19,14.31,14.28,14.35,live
Well-10,2026-05-20,14.26,14.23,14.3,live
Well-10,2026-05-21,14.22,14.19,14.26,live
Well-10,2026-05-22,14.14,14.11,14.18,live
Well-10,2026-05-23,14.09,14.06,14.13,live
Well-10,2026-05-24,14.06,14.03,14.1,live
Well-10,2026-05-25,13.99,13.96,14.03,live
Well-10,2026-05-26,13.95,13.92,13.99,live
Well-10,2026-05-27,13.93,13.9,13.97,live
Well-10,2026-05-28,13.81,13.78,13.85,live
Well-10,2026-05-29,13.85,13.82,13.89,live
Well-10,2026-05-30,13.78,13.75,13.82,live
Well-10,2026-05-31,13.78,13.75,13.82,live
Well-10,2026-06-01,13.73,13.7,13.77,live
Well-10,2026-06-02,13.74,13.71,13.78,live
Well-10,2026-06-03,13.78,13.75,13.82,live
Well-10,2026-06-04,13.7,13.67,13.74,live
Well-10,2026-06-05,13.67,13.64,13.71,live
Well-10,2026-06-06,13.54,13.51,13.58,live
Well-10,2026-06-07,13.48,13.45,13.52,live
Well-10,2026-06-08,13.39,13.36,13.43,live
Well-10,2026-06-09,13.39,13.36,13.43,live
Well-10,2026-06-10,13.36,13.33,13.4,live
Well-10,2026-06-11,13.31,13.28,13.35,live
Well-10,2026-06-12,13.27,13.24,13.31,live
Well-10,2026-06-13,13.27,13.24,13.31,live
Well-10,2026-06-14,13.18,13.15,13.22,live
Well-10,2026-06-15,13.18,13.15,13.22,live
Well-10,2026-06-16,13.08,13.05,13.12,live
Well-10,2026-06-17,13.11,13.08,13.15,live
Well-10,2026-06-18,13.09,13.06,13.13,live
Well-10,2026-06-19,13.02,12.99,13.06,live
Well-10,2026-06-20,13.02,12.99,13.06,live
Well-10,2026-06-21,13.01,12.98,13.05,live
Well-10,2026-06-22,12.89,12.86,12.93,live
Well-10,2026-06-23,12.79,12.76,12.83,live
Well-10,2026-06-24,12.72,12.69,12.76,live
Well-10,2026-06-25,12.7,12.67,12.74,live
Well-10,2026-06-26,12.72,12.69,12.76,live
Well-10,2026-06-27,12.64,12.61,12.68,live
Well-10,2026-06-28,12.59,12.56,12.63,live
Well-10,2026-06-29,12.55,12.52,12.59,live
Well-10,2026-06-30,12.46,12.43,12.5,live
Well-10,2026-07-01,12.4,12.37,12.44,live
Well-10,2026-07-02,12.33,12.3,12.37,live
Well-10,2026-07-03,12.29,12.26,12.33,live
Well-10,2026-07-04,12.29,12.26,12.33,live
Well-10,2026-07-05,12.3,12.27,12.34,live
Well-10,2026-07-06,12.31,12.28,12.35,live
Well-10,2026-07-07,12.33,12.3,12.37,live
Well-10,2026-07-08,12.35,12.32,12.39,live
Well-10,2026-07-09,12.37,12.34,12.41,live
Well-10,2026-07-10,12.26,12.23,12.3,live
Well-10,2026-07-11,12.23,12.2,12.27,live
Well-10,2026-07-12,12.22,12.19,12.26,live
Well-10,2026-07-13,12.3,12.27,12.34,live
Well-10,2026-07-14,12.29,12.26,12.33,live
Well-10,2026-07-15,12.25,12.22,12.29,live
Well-10,2026-07-16,12.29,12.26,12.33,live
Well-10,2026-07-17,12.3,12.27,12.34,live
Well-10,2026-07-18,12.29,12.26,12.33,live
Well-10,2026-07-19,12.23,12.2,12.27,live
Well-10,2026-07-20,12.18,12.15,12.22,live
Well-10,2026-07-21,12.2,12.17,12.24,live
Well-10,2026-07-22,12.25,12.22,12.29,live
Well-10,2026-07-23,12.23,12.2,12.27,live
Well-10,2026-07-24,12.17,12.14,12.21,live
Well-10,2026-07-25,12.21,12.18,12.25,live
Well-10,2026-07-26,12.16,12.13,12.2,live
Well-10,2026-07-27,12.11,12.08,12.15,live
Well-10,2026-07-28,12.08,12.05,12.12,live
Well-10,2026-07-29,12.13,12.1,12.17,live
Well-10,2026-07-30,12.07,12.04,12.11,live
Well-10,2026-07-31,12.08,12.05,12.12,live
Well-10,2026-08-01,12.06,12.03,12.1,live
Well-10,2026-08-02,12.1,12.07,12.14,live
Well-10,2026-08-03,12.06,12.03,12.1,live
Well-10,2026-08-04,12.06,12.03,12.1,live
Well-10,2026-08-05,12.06,12.03,12.1,live
Well-10,2026-08-06,12.05,12.02,12.09,live
Well-10,2026-08-07,12.03,12.0,12.07,live
Well-10,2026-08-08,12.03,12.0,12.07,live
Well-10,2026-08-09,12.01,11.98,12.05,live
Well-10,2026-08-10,11.97,11.94,12.01,live
Well-10,2026-08-11,11.93,11.9,11.97,live
Well-10,2026-08-12,11.99,11.96,12.03,live
Well-10,2026-08-13,11.93,11.9,11.97,live
Well-10,2026-08-14,11.87,11.84,11.91,live
Well-10,2026-08-15,11.83,11.8,11.87,live
Well-10,2026-08-16,11.87,11.84,11.91,live
Well-10,2026-08-17,11.93,11.9,11.97,live
Well-10,2026-08-18,12.01,11.98,12.05,live
Well-10,2026-08-19,12.04,12.01,12.08,live
Well-10,2026-08-20,11.94,11.91,11.98,live
Well-10,2026-08-21,11.94,11.91,11.98,live
Well-10,2026-08-22,11.82,11.79,11.86,live
Well-10,2026-08-23,11.87,11.84,11.91,live
Well-10,2026-08-24,11.85,11.82,11.89,live
Well-10,2026-08-25,11.91,11.88,11.95,live
Well-10,2026-08-26,11.95,11.92,11.99,live
Well-10,2026-08-27,12.01,11.98,12.05,live
Well-10,2026-08-28,12.09,12.06,12.13,live
Well-10,2026-08-29,12.12,12.09,12.16,live
Well-10,2026-08-30,12.18,12.15,12.22,live
Well-10,2026-08-31,12.17,12.14,12.21,live
Well-10,2026-09-01,12.13,12.1,12.17,live
Well-10,2026-09-02,12.0,11.97,12.04,live
Well-10,2026-09-03,11.99,11.96,12.03,live
Well-10,2026-09-04,12.05,12.02,12.09,live
Well-10,2026-09-05,12.03,12.0,12.07,live
Well-10,2026-09-06,12.03,12.0,12.07,live
Well-10,2026-09-07,12.08,12.05,12.12,live
Well-10,2026-09-08,12.0,11.97,12.04,live
Well-10,2026-09-09,11.96,11.93,12.0,live
Well-10,2026-09-10,12.03,12.0,12.07,live
Well-10,2026-09-11,12.04,12.01,12.08,live
Well-10,2026-09-12,12.05,12.02,12.09,live
Well-10,2026-09-13,12.1,12.07,12.14,live
Well-10,2026-09-14,12.09,12.06,12.13,live
Well-10,2026-09-15,12.02,11.99,12.06,live
Well-10,2026-09-16,12.08,12.05,12.12,live
Well-10,2026-09-17,12.16,12.13,12.2,live
Well-10,2026-09-18,12.17,12.14,12.21,live
Well-10,2026-09-19,12.12,12.09,12.16,live
Well-10,2026-09-20,12.13,12.1,12.17,live
Well-10,2026-09-21,12.19,12.16,12.23,live
Well-10,2026-09-22,12.22,12.19,12.26,live
Well-10,2026-09-23,12.25,12.22,12.29,live
Well-10,2026-09-24,12.35,12.32,12.39,live
Well-11,2022-06-01,14.14,14.11,14.18,archive
Well-11,2022-06-02,14.0,13.97,14.04,archive
Well-11,2022-06-03,13.93,13.9,13.97,archive
Well-11,2022-06-04,13.96,13.93,14.0,archive
Well-11,2022-06-05,13.94,13.91,13.98,archive
Well-11,2022-06-06,14.0,13.97,14.04,archive
Well-11,2022-06-07,13.92,13.89,13.96,archive
Well-11,2022-06-08,13.87,13.84,13.91,archive
Well-11,2022-06-09,13.84,13.81,13.88,archive
Well-11,2022-06-10,13.75,13.72,13.79,archive
Well-11,2022-06-11,13.76,13.73,13.8,archive
Well-11,2022-06-12,13.69,13.66,13.73,archive
Well-11,2022-06-13,13.65,13.62,13.69,archive
Well-11,2022-06-14,13.6,13.57,13.64,archive
Well-11,2022-06-15,13.6,13.57,13.64,archive
Well-11,2022-06-16,13.48,13.45,13.52,archive
Well-11,2022-06-17,13.42,13.39,13.46,archive
Well-11,2022-06-18,13.32,13.29,13.36,archive
Well-11,2022-06-19,13.29,13.26,13.33,archive
Well-11,2022-06-20,13.27,13.24,13.31,archive
Well-11,2022-06-21,13.15,13.12,13.19,archive
Well-11,2022-06-22,13.12,13.09,13.16,archive
Well-11,2022-06-23,13.05,13.02,13.09,archive
Well-11,2022-06-24,12.98,12.95,13.02,archive
Well-11,2022-06-25,12.9,12.87,12.94,archive
Well-11,2022-06-26,12.8,12.77,12.84,archive
Well-11,2022-06-27,12.76,12.73,12.8,archive
Well-11,2022-06-28,12.68,12.65,12.72,archive
Well-11,2022-06-29,12.62,12.59,12.66,archive
Well-11,2022-06-30,12.67,12.64,12.71,archive
Well-11,2022-07-01,12.71,12.68,12.75,archive
Well-11,2022-07-02,12.72,12.69,12.76,archive
Well-11,2022-07-03,12.67,12.64,12.71,archive
Well-11,2022-07-04,12.55,12.52,12.59,archive
Well-11,2022-07-05,12.47,12.44,12.51,archive
Well-11,2022-07-06,12.44,12.41,12.48,archive
Well-11,2022-07-07,12.4,12.37,12.44,archive
Well-11,2022-07-08,12.46,12.43,12.5,archive
Well-11,2022-07-09,12.43,12.4,12.47,archive
Well-11,2022-07-10,12.45,12.42,12.49,archive
Well-11,2022-07-11,12.51,12.48,12.55,archive
Well-11,2022-07-12,12.49,12.46,12.53,archive
Well-11,2022-07-13,12.36,12.33,12.4,archive
Well-11,2022-07-14,12.37,12.34,12.41,archive
Well-11,2022-07-15,12.27,12.24,12.31,archive
Well-11,2022-07-16,12.27,12.24,12.31,archive
Well-11,2022-07-17,12.2,12.17,12.24,archive
Well-11,2022-07-18,12.2,12.17,12.24,archive
Well-11,2022-07-19,12.18,12.15,12.22,archive
Well-11,2022-07-20,12.12,12.09,12.16,archive
Well-11,2022-07-21,12.1,12.07,12.14,archive
Well-11,2022-07-22,12.12,12.09,12.16,archive
Well-11,2022-07-23,12.11,12.08,12.15,archive
Well-11,2022-07-24,12.11,12.08,12.15,archive
Well-11,2022-07-25,12.08,12.05,12.12,archive
Well-11,2022-07-26,12.12,12.09,12.16,archive
Well-11,2022-07-27,12.08,12.05,12.12,archive
Well-11,2022-07-28,11.96,11.93,12.0,archive
Well-11,2022-07-29,11.91,11.88,11.95,archive
Well-11,2022-07-30,11.99,11.96,12.03,archive
Well-11,2022-07-31,11.94,11.91,11.98,archive
Well-11,2022-08-01,11.91,11.88,11.95,archive
Well-11,2022-08-02,11.83,11.8,11.87,archive
Well-11,2022-08-03,11.85,11.82,11.89,archive
Well-11,2022-08-04,11.85,11.82,11.89,archive
Well-11,2022-08-05,11.87,11.84,11.91,archive
Well-11,2022-08-06,11.93,11.9,11.97,archive
Well-11,2022-08-07,11.88,11.85,11.92,archive
Well-11,2022-08-08,11.88,11.85,11.92,archive
Well-11,2022-08-09,11.94,11.91,11.98,archive
Well-11,2022-08-10,11.95,11.92,11.99,archive
Well-11,2022-08-11,11.94,11.91,11.98,archive
Well-11,2022-08-12,11.92,11.89,11.96,archive
Well-11,2022-08-13,11.89,11.86,11.93,archive
Well-11,2022-08-14,11.87,11.84,11.91,archive
Well-11,2022-08-15,11.86,11.83,11.9,archive
Well-11,2022-08-16,11.88,11.85,11.92,archive
Well-11,2022-08-17,11.87,11.84,11.91,archive
Well-11,2022-08-18,11.93,11.9,11.97,archive
Well-11,2022-08-19,11.95,11.92,11.99,archive
Well-11,2022-08-20,12.0,11.97,12.04,archive
Well-11,2022-08-21,12.02,11.99,12.06,archive
Well-11,2022-08-22,12.0,11.97,12.04,archive
Well-11,2022-08-23,12.0,11.97,12.04,archive
Well-11,2022-08-24,11.96,11.93,12.0,archive
Well-11,2022-08-25,11.91,11.88,11.95,archive
Well-11,2022-08-26,11.91,11.88,11.95,archive
Well-11,2022-08-27,11.87,11.84,11.91,archive
Well-11,2022-08-28,11.86,11.83,11.9,archive
Well-11,2022-08-29,11.83,11.8,11.87,archive
Well-11,2022-08-30,11.82,11.79,11.86,archive
Well-11,2022-08-31,11.85,11.82,11.89,archive
Well-11,2022-09-01,11.82,11.79,11.86,archive
Well-11,2022-09-02,11.9,11.87,11.94,archive
Well-11,2022-09-03,11.85,11.82,11.89,archive
Well-11,2022-09-04,11.87,11.84,11.91,archive
Well-11,2022-09-05,11.82,11.79,11.86,archive
Well-11,2022-09-06,11.77,11.74,11.81,archive
Well-11,2022-09-07,11.74,11.71,11.78,archive
Well-11,2022-09-08,11.91,11.88,11.95,archive
Well-11,2022-09-09,11.87,11.84,11.91,archive
Well-11,2022-09-10,11.87,11.84,11.91,archive
Well-11,2022-09-11,11.83,11.8,11.87,archive
Well-11,2022-09-12,11.88,11.85,11.92,archive
Well-11,2022-09-13,11.94,11.91,11.98,archive
Well-11,2022-09-14,11.95,11.92,11.99,archive
Well-11,2022-09-15,11.98,11.95,12.02,archive
Well-11,2022-09-16,11.99,11.96,12.03,archive
Well-11,2022-09-17,11.99,11.96,12.03,archive
Well-11,2022-09-18,11.98,11.95,12.02,archive
Well-11,2022-09-19,12.01,11.98,12.05,archive
Well-11,2022-09-20,12.02,11.99,12.06,archive
Well-11,2022-09-21,11.95,11.92,11.99,archive
Well-11,2022-09-22,12.02,11.99,12.06,archive
Well-11,2022-09-23,12.08,12.05,12.12,archive
Well-11,2022-09-24,12.1,12.07,12.14,archive
Well-11,2022-09-25,12.11,12.08,12.15,archive
Well-11,2022-09-26,12.04,12.01,12.08,archive
Well-11,2022-09-27,12.13,12.1,12.17,archive
Well-11,2022-09-28,12.26,12.23,12.3,archive
Well-11,2022-09-29,12.25,12.22,12.29,archive
Well-11,2022-09-30,12.26,12.23,12.3,archive
Well-11,2022-10-01,12.39,12.36,12.43,archive
Well-11,2022-10-02,12.32,12.29,12.36,archive
Well-11,2022-10-03,12.28,12.25,12.32,archive
Well-11,2022-10-04,12.32,12.29,12.36,archive
Well-11,2022-10-05,12.39,12.36,12.43,archive
Well-11,2022-10-06,12.5,12.47,12.54,archive
Well-11,2022-10-07,12.57,12.54,12.61,archive
Well-11,2022-10-08,12.6,12.57,12.64,archive
Well-11,2022-10-09,12.6,12.57,12.64,archive
Well-11,2022-10-10,12.48,12.45,12.52,archive
Well-11,2022-10-11,12.44,12.41,12.48,archive
Well-11,2022-10-12,12.48,12.45,12.52,archive
Well-11,2022-10-13,12.61,12.58,12.65,archive
Well-11,2022-10-14,12.71,12.68,12.75,archive
Well-11,2022-10-15,12.69,12.66,12.73,archive
Well-11,2022-10-16,12.71,12.68,12.75,archive
Well-11,2022-10-17,12.7,12.67,12.74,archive
Well-11,2022-10-18,12.67,12.64,12.71,archive
Well-11,2022-10-19,12.69,12.66,12.73,archive
Well-11,2022-10-20,12.78,12.75,12.82,archive
Well-11,2022-10-21,12.84,12.81,12.88,archive
Well-11,2022-10-22,12.96,12.93,13.0,archive
Well-11,2022-10-23,12.93,12.9,12.97,archive
Well-11,2022-10-24,13.03,13.0,13.07,archive
Well-11,2022-10-25,13.07,13.04,13.11,archive
Well-11,2022-10-26,13.14,13.11,13.18,archive
Well-11,2022-10-27,13.2,13.17,13.24,archive
Well-11,2022-10-28,13.25,13.22,13.29,archive
Well-11,2022-10-29,13.34,13.31,13.38,archive
Well-11,2022-10-30,13.29,13.26,13.33,archive
Well-11,2022-10-31,13.24,13.21,13.28,archive
Well-11,2022-11-01,13.31,13.28,13.35,archive
Well-11,2022-11-02,13.36,13.33,13.4,archive
Well-11,2022-11-03,13.25,13.22,13.29,archive
Well-11,2022-11-04,13.41,13.38,13.45,archive
Well-11,2022-11-05,13.54,13.51,13.58,archive
Well-11,2022-11-06,13.53,13.5,13.57,archive
Well-11,2022-11-07,13.61,13.58,13.65,archive
Well-11,2022-11-08,13.65,13.62,13.69,archive
Well-11,2022-11-09,13.66,13.63,13.7,archive
Well-11,2022-11-10,13.71,13.68,13.75,archive
Well-11,2022-11-11,13.72,13.69,13.76,archive
Well-11,2022-11-12,13.71,13.68,13.75,archive
Well-11,2022-11-13,13.78,13.75,13.82,archive
Well-11,2022-11-14,13.76,13.73,13.8,archive
Well-11,2022-11-15,13.79,13.76,13.83,archive
Well-11,2022-11-16,13.83,13.8,13.87,archive
Well-11,2022-11-17,13.89,13.86,13.93,archive
Well-11,2022-11-18,13.96,13.93,14.0,archive
Well-11,2022-11-19,14.04,14.01,14.08,archive
Well-11,2022-11-20,14.16,14.13,14.2,archive
Well-11,2022-11-21,14.15,14.12,14.19,archive
Well-11,2022-11-22,14.29,14.26,14.33,archive
Well-11,2022-11-23,14.39,14.36,14.43,archive
Well-11,2022-11-24,14.5,14.47,14.54,archive
Well-11,2022-11-25,14.5,14.47,14.54,archive
Well-11,2022-11-26,15.16,15.13,15.2,archive
Well-11,2022-11-27,14.57,14.54,14.61,archive
Well-11,2022-11-28,14.63,14.6,14.67,archive
Well-11,2022-11-29,14.72,14.69,14.76,archive
Well-11,2022-11-30,14.81,14.78,14.85,archive
Well-11,2022-12-01,14.78,14.75,14.82,archive
Well-11,2022-12-02,14.81,14.78,14.85,archive
Well-11,2022-12-03,14.84,14.81,14.88,archive
Well-11,2022-12-04,14.94,14.91,14.98,archive
Well-11,2022-12-05,15.06,15.03,15.1,archive
Well-11,2022-12-06,15.14,15.11,15.18,archive
Well-11,2022-12-07,15.2,15.17,15.24,archive
Well-11,2022-12-08,15.17,15.14,15.21,archive
Well-11,2022-12-09,15.11,15.08,15.15,archive
Well-11,2022-12-10,15.14,15.11,15.18,archive
Well-11,2022-12-11,15.21,15.18,15.25,archive
Well-11,2022-12-12,15.3,15.27,15.34,archive
Well-11,2022-12-13,15.26,15.23,15.3,archive
Well-11,2022-12-14,15.31,15.28,15.35,archive
Well-11,2022-12-15,15.34,15.31,15.38,archive
Well-11,2022-12-16,15.32,15.29,15.36,archive
Well-11,2022-12-17,15.34,15.31,15.38,archive
Well-11,2022-12-18,15.36,15.33,15.4,archive
Well-11,2022-12-19,15.43,15.4,15.47,archive
Well-11,2022-12-20,15.51,15.48,15.55,archive
Well-11,2022-12-21,15.56,15.53,15.6,archive
Well-11,2022-12-22,15.64,15.61,15.68,archive
Well-11,2022-12-23,15.6,15.57,15.64,archive
Well-11,2022-12-24,15.64,15.61,15.68,archive
Well-11,2022-12-25,15.61,15.58,15.65,archive
Well-11,2022-12-26,15.65,15.62,15.69,archive
Well-11,2022-12-27,15.71,15.68,15.75,archive
Well-11,2022-12-28,15.62,15.59,15.66,archive
Well-11,2022-12-29,15.72,15.69,15.76,archive
Well-11,2022-12-30,15.77,15.74,15.81,archive
Well-11,2022-12-31,15.81,15.78,15.85,archive
Well-11,2023-01-01,15.94,15.91,15.98,archive
Well-11,2023-01-02,15.95,15.92,15.99,archive
Well-11,2023-01-03,16.02,15.99,16.06,archive
Well-11,2023-01-04,16.14,16.11,16.18,archive
Well-11,2023-01-05,16.17,16.14,16.21,archive
Well-11,2023-01-06,16.16,16.13,16.2,archive
Well-11,2023-01-07,16.22,16.19,16.26,archive
Well-11,2023-01-08,16.35,16.32,16.39,archive
Well-11,2023-01-09,16.36,16.33,16.4,archive
Well-11,2023-01-10,16.4,16.37,16.44,archive
Well-11,2023-01-11,16.36,16.33,16.4,archive
Well-11,2023-01-12,16.43,16.4,16.47,archive
Well-11,2023-01-13,16.46,16.43,16.5,archive
Well-11,2023-01-14,16.43,16.4,16.47,archive
Well-11,2023-01-15,16.5,16.47,16.54,archive
Well-11,2023-01-16,16.48,16.45,16.52,archive
Well-11,2023-01-17,16.46,16.43,16.5,archive
Well-11,2023-01-18,16.49,16.46,16.53,archive
Well-11,2023-01-19,17.76,17.73,17.8,archive
Well-11,2023-01-20,16.53,16.5,16.57,archive
Well-11,2023-01-21,16.6,16.57,16.64,archive
Well-11,2023-01-22,16.68,16.65,16.72,archive
Well-11,2023-01-23,16.64,16.61,16.68,archive
Well-11,2023-01-24,16.7,16.67,16.74,archive
Well-11,2023-01-25,16.79,16.76,16.83,archive
Well-11,2023-01-26,16.72,16.69,16.76,archive
Well-11,2023-01-27,16.74,16.71,16.78,archive
Well-11,2023-01-28,16.74,16.71,16.78,archive
Well-11,2023-01-29,16.78,16.75,16.82,archive
Well-11,2023-01-30,16.83,16.8,16.87,archive
Well-11,2023-01-31,16.85,16.82,16.89,archive
Well-11,2023-02-01,16.91,16.88,16.95,archive
Well-11,2023-02-02,16.87,16.84,16.91,archive
Well-11,2023-02-03,16.91,16.88,16.95,archive
Well-11,2023-02-04,16.92,16.89,16.96,archive
Well-11,2023-02-05,16.85,16.82,16.89,archive
Well-11,2023-02-06,16.85,16.82,16.89,archive
Well-11,2023-02-07,16.88,16.85,16.92,archive
Well-11,2023-02-08,16.88,16.85,16.92,archive
Well-11,2023-02-09,16.94,16.91,16.98,archive
Well-11,2023-02-10,17.03,17.0,17.07,archive
Well-11,2023-02-11,17.07,17.04,17.11,archive
Well-11,2023-02-12,17.11,17.08,17.15,archive
Well-11,2023-02-13,17.13,17.1,17.17,archive
Well-11,2023-02-14,17.11,17.08,17.15,archive
Well-11,2023-02-15,17.14,17.11,17.18,archive
Well-11,2023-02-16,17.15,17.12,17.19,archive
Well-11,2023-02-17,17.09,17.06,17.13,archive
Well-11,2023-02-18,17.0,16.97,17.04,archive
Well-11,2023-02-19,16.99,16.96,17.03,archive
Well-11,2023-02-20,16.96,16.93,17.0,archive
Well-11,2023-02-21,16.92,16.89,16.96,archive
Well-11,2023-02-22,17.01,16.98,17.05,archive
Well-11,2023-02-23,17.06,17.03,17.1,archive
Well-11,2023-02-24,17.01,16.98,17.05,archive
Well-11,2023-02-25,16.99,16.96,17.03,archive
Well-11,2023-02-26,16.94,16.91,16.98,archive
Well-11,2023-02-27,16.92,16.89,16.96,archive
Well-11,2023-02-28,16.92,16.89,16.96,archive
Well-11,2023-03-01,16.97,16.94,17.01,archive
Well-11,2023-03-02,16.99,16.96,17.03,archive
Well-11,2023-03-03,16.94,16.91,16.98,archive
Well-11,2023-03-04,16.85,16.82,16.89,archive
Well-11,2023-03-05,16.87,16.84,16.91,archive
Well-11,2023-03-06,16.95,16.92,16.99,archive
Well-11,2023-03-07,16.97,16.94,17.01,archive
Well-11,2023-03-08,16.99,16.96,17.03,archive
Well-11,2023-03-09,17.0,16.97,17.04,archive
Well-11,2023-03-10,17.04,17.01,17.08,archive
Well-11,2023-03-11,16.91,16.88,16.95,archive
Well-11,2023-03-12,16.9,16.87,16.94,archive
Well-11,2023-03-13,16.82,16.79,16.86,archive
Well-11,2023-03-14,16.79,16.76,16.83,archive
Well-11,2023-03-15,16.82,16.79,16.86,archive
Well-11,2023-03-16,16.82,16.79,16.86,archive
Well-11,2023-03-17,16.76,16.73,16.8,archive
Well-11,2023-03-18,16.81,16.78,16.85,archive
Well-11,2023-03-19,16.83,16.8,16.87,archive
Well-11,2023-03-20,16.89,16.86,16.93,archive
Well-11,2023-03-21,16.87,16.84,16.91,archive
Well-11,2023-03-22,16.85,16.82,16.89,archive
Well-11,2023-03-23,16.76,16.73,16.8,archive
Well-11,2023-03-24,16.75,16.72,16.79,archive
Well-11,2023-03-25,18.1,18.07,18.14,archive
Well-11,2023-03-26,16.58,16.55,16.62,archive
Well-11,2023-03-27,16.65,16.62,16.69,archive
Well-11,2023-03-28,16.65,16.62,16.69,archive
Well-11,2023-03-29,16.59,16.56,16.63,archive
Well-11,2023-03-30,16.54,16.51,16.58,archive
Well-11,2023-03-31,16.52,16.49,16.56,archive
Well-11,2023-04-01,16.53,16.5,16.57,archive
Well-11,2023-04-02,16.4,16.37,16.44,archive
Well-11,2023-04-03,16.39,16.36,16.43,archive
Well-11,2023-04-04,16.3,16.27,16.34,archive
Well-11,2023-04-05,16.24,16.21,16.28,archive
Well-11,2023-04-06,16.17,16.14,16.21,archive
Well-11,2023-04-07,16.27,16.24,16.31,archive
Well-11,2023-04-08,16.25,16.22,16.29,archive
Well-11,2023-04-09,16.33,16.3,16.37,archive
Well-11,2023-04-10,16.27,16.24,16.31,archive
Well-11,2023-04-11,16.29,16.26,16.33,archive
Well-11,2023-04-12,16.21,16.18,16.25,archive
Well-11,2023-04-13,16.18,16.15,16.22,archive
Well-11,2023-04-14,16.08,16.05,16.12,archive
Well-11,2023-04-15,16.04,16.01,16.08,archive
Well-11,2023-04-16,16.07,16.04,16.11,archive
Well-11,2023-04-17,15.98,15.95,16.02,archive
Well-11,2023-04-18,16.02,15.99,16.06,archive
Well-11,2023-04-19,15.93,15.9,15.97,archive
Well-11,2023-04-20,15.85,15.82,15.89,archive
Well-11,2023-04-21,15.77,15.74,15.81,archive
Well-11,2023-04-22,15.71,15.68,15.75,archive
Well-11,2023-04-23,15.69,15.66,15.73,archive
Well-11,2023-04-24,15.69,15.66,15.73,archive
Well-11,2023-04-25,15.58,15.55,15.62,archive
Well-11,2023-04-26,15.46,15.43,15.5,archive
Well-11,2023-04-27,15.4,15.37,15.44,archive
Well-11,2023-04-28,15.4,15.37,15.44,archive
Well-11,2023-04-29,15.47,15.44,15.51,archive
Well-11,2023-04-30,15.43,15.4,15.47,archive
Well-11,2023-05-01,15.48,15.45,15.52,archive
Well-11,2023-05-02,15.44,15.41,15.48,archive
Well-11,2023-05-03,15.35,15.32,15.39,archive
Well-11,2023-05-04,15.29,15.26,15.33,archive
Well-11,2023-05-05,15.27,15.24,15.31,archive
Well-11,2023-05-06,15.28,15.25,15.32,archive
Well-11,2023-05-07,15.26,15.23,15.3,archive
Well-11,2023-05-08,15.28,15.25,15.32,archive
Well-11,2023-05-09,15.18,15.15,15.22,archive
Well-11,2023-05-10,15.13,15.1,15.17,archive
Well-11,2023-05-11,15.11,15.08,15.15,archive
Well-11,2023-05-12,15.14,15.11,15.18,archive
Well-11,2023-05-13,15.06,15.03,15.1,archive
Well-11,2023-05-14,14.99,14.96,15.03,archive
Well-11,2023-05-15,14.91,14.88,14.95,archive
Well-11,2023-05-16,14.85,14.82,14.89,archive
Well-11,2023-05-17,14.84,14.81,14.88,archive
Well-11,2023-05-18,14.79,14.76,14.83,archive
Well-11,2023-05-19,14.66,14.63,14.7,archive
Well-11,2023-05-20,14.58,14.55,14.62,archive
Well-11,2023-05-21,14.47,14.44,14.51,archive
Well-11,2023-05-22,14.42,14.39,14.46,archive
Well-11,2023-05-23,14.43,14.4,14.47,archive
Well-11,2023-05-24,14.41,14.38,14.45,archive
Well-11,2023-05-25,14.36,14.33,14.4,archive
Well-11,2023-05-26,14.33,14.3,14.37,archive
Well-11,2023-05-27,14.38,14.35,14.42,archive
Well-11,2023-05-28,14.39,14.36,14.43,archive
Well-11,2023-05-29,14.37,14.34,14.41,archive
Well-11,2023-05-30,14.3,14.27,14.34,archive
Well-11,2023-05-31,14.2,14.17,14.24,archive
Well-11,2023-06-01,14.09,14.06,14.13,archive
Well-11,2023-06-02,14.01,13.98,14.05,archive
Well-11,2023-06-03,13.91,13.88,13.95,archive
Well-11,2023-06-04,13.84,13.81,13.88,archive
Well-11,2023-06-05,13.83,13.8,13.87,archive
Well-11,2023-06-06,13.79,13.76,13.83,archive
Well-11,2023-06-07,13.76,13.73,13.8,archive
Well-11,2023-06-08,13.74,13.71,13.78,archive
Well-11,2023-06-09,13.64,13.61,13.68,archive
Well-11,2023-06-10,13.62,13.59,13.66,archive
Well-11,2023-06-11,13.64,13.61,13.68,archive
Well-11,2023-06-12,13.54,13.51,13.58,archive
Well-11,2023-06-13,13.5,13.47,13.54,archive
Well-11,2023-06-14,13.42,13.39,13.46,archive
Well-11,2023-06-15,13.36,13.33,13.4,archive
Well-11,2023-06-16,13.37,13.34,13.41,archive
Well-11,2023-06-17,13.35,13.32,13.39,archive
Well-11,2023-06-18,13.31,13.28,13.35,archive
Well-11,2023-06-19,13.27,13.24,13.31,archive
Well-11,2023-06-20,13.28,13.25,13.32,archive
Well-11,2023-06-21,13.21,13.18,13.25,archive
Well-11,2023-06-22,13.13,13.1,13.17,archive
Well-11,2023-06-23,13.1,13.07,13.14,archive
Well-11,2023-06-24,13.06,13.03,13.1,archive
Well-11,2023-06-25,12.97,12.94,13.01,archive
Well-11,2023-06-26,12.93,12.9,12.97,archive
Well-11,2023-06-27,12.89,12.86,12.93,archive
Well-11,2023-06-28,13.0,12.97,13.04,archive
Well-11,2023-06-29,13.0,12.97,13.04,archive
Well-11,2023-06-30,13.0,12.97,13.04,archive
Well-11,2023-07-01,12.93,12.9,12.97,archive
Well-11,2023-07-02,12.83,12.8,12.87,archive
Well-11,2023-07-03,12.74,12.71,12.78,archive
Well-11,2023-07-04,12.71,12.68,12.75,archive
Well-11,2023-07-05,12.63,12.6,12.67,archive
Well-11,2023-07-06,12.6,12.57,12.64,archive
Well-11,2023-07-07,12.57,12.54,12.61,archive
Well-11,2023-07-08,12.55,12.52,12.59,archive
Well-11,2023-07-09,12.53,12.5,12.57,archive
Well-11,2023-07-10,12.51,12.48,12.55,archive
Well-11,2023-07-11,12.36,12.33,12.4,archive
Well-11,2023-07-12,12.35,12.32,12.39,archive
Well-11,2023-07-13,12.32,12.29,12.36,archive
Well-11,2023-07-14,12.28,12.25,12.32,archive
Well-11,2023-07-15,12.34,12.31,12.38,archive
Well-11,2023-07-16,12.31,12.28,12.35,archive
Well-11,2023-07-17,12.25,12.22,12.29,archive
Well-11,2023-07-18,12.18,12.15,12.22,archive
Well-11,2023-07-19,12.1,12.07,12.14,archive
Well-11,2023-07-20,12.07,12.04,12.11,archive
Well-11,2023-07-21,12.05,12.02,12.09,archive
Well-11,2023-07-22,12.05,12.02,12.09,archive
Well-11,2023-07-23,12.0,11.97,12.04,archive
Well-11,2023-07-24,11.92,11.89,11.96,archive
Well-11,2023-07-25,11.92,11.89,11.96,archive
Well-11,2023-07-26,11.82,11.79,11.86,archive
Well-11,2023-07-27,11.75,11.72,11.79,archive
Well-11,2023-07-28,11.72,11.69,11.76,archive
Well-11,2023-07-29,11.74,11.71,11.78,archive
Well-11,2023-07-30,11.76,11.73,11.8,archive
Well-11,2023-07-31,11.82,11.79,11.86,archive
Well-11,2023-08-01,11.84,11.81,11.88,archive
Well-11,2023-08-02,11.86,11.83,11.9,archive
Well-11,2023-08-03,11.85,11.82,11.89,archive
Well-11,2023-08-04,11.79,11.76,11.83,archive
Well-11,2023-08-05,11.79,11.76,11.83,archive
Well-11,2023-08-06,11.74,11.71,11.78,archive
Well-11,2023-08-07,11.7,11.67,11.74,archive
Well-11,2023-08-08,11.83,11.8,11.87,archive
Well-11,2023-08-09,11.79,11.76,11.83,archive
Well-11,2023-08-10,11.68,11.65,11.72,archive
Well-11,2023-08-11,11.71,11.68,11.75,archive
Well-11,2023-08-12,11.66,11.63,11.7,archive
Well-11,2023-08-13,11.71,11.68,11.75,archive
Well-11,2023-08-14,11.65,11.62,11.69,archive
Well-11,2023-08-15,11.71,11.68,11.75,archive
Well-11,2023-08-16,11.72,11.69,11.76,archive
Well-11,2023-08-17,11.72,11.69,11.76,archive
Well-11,2023-08-18,11.72,11.69,11.76,archive
Well-11,2023-08-19,11.74,11.71,11.78,archive
Well-11,2023-08-20,11.73,11.7,11.77,archive
Well-11,2023-08-21,11.64,11.61,11.68,archive
Well-11,2023-08-22,11.7,11.67,11.74,archive
Well-11,2023-08-23,11.71,11.68,11.75,archive
Well-11,2023-08-24,11.78,11.75,11.82,archive
Well-11,2023-08-25,11.85,11.82,11.89,archive
Well-11,2023-08-26,11.87,11.84,11.91,archive
Well-11,2023-08-27,11.84,11.81,11.88,archive
Well-11,2023-08-28,11.92,11.89,11.96,archive
Well-11,2023-08-29,11.89,11.86,11.93,archive
Well-11,2023-08-30,11.83,11.8,11.87,archive
Well-11,2023-08-31,11.79,11.76,11.83,archive
Well-11,2023-09-01,11.77,11.74,11.81,archive
Well-11,2023-09-02,11.84,11.81,11.88,archive
Well-11,2023-09-03,11.79,11.76,11.83,archive
Well-11,2023-09-04,11.76,11.73,11.8,archive
Well-11,2023-09-05,11.79,11.76,11.83,archive
Well-11,2023-09-06,11.73,11.7,11.77,archive
Well-11,2023-09-07,11.7,11.67,11.74,archive
Well-11,2023-09-08,11.73,11.7,11.77,archive
Well-11,2023-09-09,11.71,11.68,11.75,archive
Well-11,2023-09-10,11.67,11.64,11.71,archive
Well-11,2023-09-11,11.74,11.71,11.78,archive
Well-11,2023-09-12,11.82,11.79,11.86,archive
Well-11,2023-09-13,11.75,11.72,11.79,archive
Well-11,2023-09-14,11.73,11.7,11.77,archive
Well-11,2023-09-15,11.75,11.72,11.79,archive
Well-11,2023-09-16,11.81,11.78,11.85,archive
Well-11,2023-09-17,11.75,11.72,11.79,archive
Well-11,2023-09-18,11.81,11.78,11.85,archive
Well-11,2023-09-19,11.79,11.76,11.83,archive
Well-11,2023-09-20,11.84,11.81,11.88,archive
Well-11,2023-09-21,11.88,11.85,11.92,archive
Well-11,2023-09-22,11.93,11.9,11.97,archive
Well-11,2023-09-23,11.91,11.88,11.95,archive
Well-11,2023-09-24,11.92,11.89,11.96,archive
Well-11,2023-09-25,11.98,11.95,12.02,archive
Well-11,2023-09-26,12.09,12.06,12.13,archive
Well-11,2023-09-27,12.07,12.04,12.11,archive
Well-11,2023-09-28,12.06,12.03,12.1,archive
Well-11,2023-09-29,12.11,12.08,12.15,archive
Well-11,2023-09-30,12.2,12.17,12.24,archive
Well-11,2023-10-01,12.41,12.38,12.45,archive
Well-11,2023-10-02,12.41,12.38,12.45,archive
Well-11,2023-10-03,12.4,12.37,12.44,archive
Well-11,2023-10-04,12.45,12.42,12.49,archive
Well-11,2023-10-05,12.39,12.36,12.43,archive
Well-11,2023-10-06,12.31,12.28,12.35,archive
Well-11,2023-10-07,12.31,12.28,12.35,archive
Well-11,2023-10-08,12.37,12.34,12.41,archive
Well-11,2023-10-09,12.42,12.39,12.46,archive
Well-11,2023-10-10,12.47,12.44,12.51,archive
Well-11,2023-10-11,12.46,12.43,12.5,archive
Well-11,2023-10-12,12.51,12.48,12.55,archive
Well-11,2023-10-13,12.65,12.62,12.69,archive
Well-11,2023-10-14,12.64,12.61,12.68,archive
Well-11,2023-10-15,12.64,12.61,12.68,archive
Well-11,2023-10-16,12.63,12.6,12.67,archive
Well-11,2023-10-17,12.64,12.61,12.68,archive
Well-11,2023-10-18,12.76,12.73,12.8,archive
Well-11,2023-10-19,12.81,12.78,12.85,archive
Well-11,2023-10-20,12.87,12.84,12.91,archive
Well-11,2023-10-21,12.94,12.91,12.98,archive
Well-11,2023-10-22,12.97,12.94,13.01,archive
Well-11,2023-10-23,13.06,13.03,13.1,archive
Well-11,2023-10-24,13.1,13.07,13.14,archive
Well-11,2023-10-25,13.18,13.15,13.22,archive
Well-11,2023-10-26,13.21,13.18,13.25,archive
Well-11,2023-10-27,13.21,13.18,13.25,archive
Well-11,2023-10-28,13.11,13.08,13.15,archive
Well-11,2023-10-29,13.1,13.07,13.14,archive
Well-11,2023-10-30,13.14,13.11,13.18,archive
Well-11,2023-10-31,13.13,13.1,13.17,archive
Well-11,2023-11-01,13.11,13.08,13.15,archive
Well-11,2023-11-02,13.12,13.09,13.16,archive
Well-11,2023-11-03,13.27,13.24,13.31,archive
Well-11,2023-11-04,13.38,13.35,13.42,archive
Well-11,2023-11-05,13.52,13.49,13.56,archive
Well-11,2023-11-06,13.62,13.59,13.66,archive
Well-11,2023-11-07,13.65,13.62,13.69,archive
Well-11,2023-11-08,13.64,13.61,13.68,archive
Well-11,2023-11-09,13.74,13.71,13.78,archive
Well-11,2023-11-10,13.72,13.69,13.76,archive
Well-11,2023-11-11,13.78,13.75,13.82,archive
Well-11,2023-11-12,13.7,13.67,13.74,archive
Well-11,2023-11-13,13.75,13.72,13.79,archive
Well-11,2023-11-14,13.74,13.71,13.78,archive
Well-11,2023-11-15,13.8,13.77,13.84,archive
Well-11,2023-11-16,13.79,13.76,13.83,archive
Well-11,2023-11-17,13.96,13.93,14.0,archive
Well-11,2023-11-18,14.08,14.05,14.12,archive
Well-11,2023-11-19,14.17,14.14,14.21,archive
Well-11,2023-11-20,14.12,14.09,14.16,archive
Well-11,2023-11-21,14.21,14.18,14.25,archive
Well-11,2023-11-22,14.23,14.2,14.27,archive
Well-11,2023-11-23,14.2,14.17,14.24,archive
Well-11,2023-11-24,15.62,15.59,15.66,archive
Well-11,2023-11-25,14.29,14.26,14.33,archive
Well-11,2023-11-26,14.34,14.31,14.38,archive
Well-11,2023-11-27,14.34,14.31,14.38,archive
Well-11,2023-11-28,14.31,14.28,14.35,archive
Well-11,2023-11-29,14.37,14.34,14.41,archive
Well-11,2023-11-30,14.37,14.34,14.41,archive
Well-11,2023-12-01,14.42,14.39,14.46,archive
Well-11,2023-12-02,14.48,14.45,14.52,archive
Well-11,2023-12-03,14.55,14.52,14.59,archive
Well-11,2023-12-04,14.62,14.59,14.66,archive
Well-11,2023-12-05,14.6,14.57,14.64,archive
Well-11,2023-12-06,14.63,14.6,14.67,archive
Well-11,2023-12-07,16.23,16.2,16.27,archive
Well-11,2023-12-08,14.86,14.83,14.9,archive
Well-11,2023-12-09,14.86,14.83,14.9,archive
Well-11,2023-12-10,14.91,14.88,14.95,archive
Well-11,2023-12-11,14.95,14.92,14.99,archive
Well-11,2023-12-12,14.9,14.87,14.94,archive
Well-11,2023-12-13,14.94,14.91,14.98,archive
Well-11,2023-12-14,14.99,14.96,15.03,archive
Well-11,2023-12-15,14.98,14.95,15.02,archive
Well-11,2023-12-16,15.01,14.98,15.05,archive
Well-11,2023-12-17,15.08,15.05,15.12,archive
Well-11,2023-12-18,15.12,15.09,15.16,archive
Well-11,2023-12-19,15.19,15.16,15.23,archive
Well-11,2023-12-20,15.24,15.21,15.28,archive
Well-11,2023-12-21,15.3,15.27,15.34,archive
Well-11,2023-12-22,15.28,15.25,15.32,archive
Well-11,2023-12-23,15.36,15.33,15.4,archive
Well-11,2023-12-24,15.39,15.36,15.43,archive
Well-11,2023-12-25,15.37,15.34,15.41,archive
Well-11,2023-12-26,15.47,15.44,15.51,archive
Well-11,2023-12-27,15.53,15.5,15.57,archive
Well-11,2023-12-28,15.64,15.61,15.68,archive
Well-11,2023-12-29,15.71,15.68,15.75,archive
Well-11,2023-12-30,15.73,15.7,15.77,archive
Well-11,2023-12-31,15.83,15.8,15.87,archive
Well-11,2024-01-01,15.99,15.96,16.03,archive
Well-11,2024-01-02,16.01,15.98,16.05,archive
Well-11,2024-01-03,16.08,16.05,16.12,archive
Well-11,2024-01-04,16.06,16.03,16.1,archive
Well-11,2024-01-05,16.15,16.12,16.19,archive
Well-11,2024-01-06,16.21,16.18,16.25,archive
Well-11,2024-01-07,16.23,16.2,16.27,archive
Well-11,2024-01-08,16.22,16.19,16.26,archive
Well-11,2024-01-09,16.29,16.26,16.33,archive
Well-11,2024-01-10,16.33,16.3,16.37,archive
Well-11,2024-01-11,16.42,16.39,16.46,archive
Well-11,2024-01-12,16.4,16.37,16.44,archive
Well-11,2024-01-13,16.38,16.35,16.42,archive
Well-11,2024-01-14,16.48,16.45,16.52,archive
Well-11,2024-01-15,16.41,16.38,16.45,archive
Well-11,2024-01-16,16.44,16.41,16.48,archive
Well-11,2024-01-17,16.48,16.45,16.52,archive
Well-11,2024-01-18,16.55,16.52,16.59,archive
Well-11,2024-01-19,16.6,16.57,16.64,archive
Well-11,2024-01-20,16.61,16.58,16.65,archive
Well-11,2024-01-21,16.69,16.66,16.73,archive
Well-11,2024-01-22,16.75,16.72,16.79,archive
Well-11,2024-01-23,16.74,16.71,16.78,archive
Well-11,2024-01-24,16.71,16.68,16.75,archive
Well-11,2024-01-25,16.78,16.75,16.82,archive
Well-11,2024-01-26,16.8,16.77,16.84,archive
Well-11,2024-01-27,16.74,16.71,16.78,archive
Well-11,2024-01-28,16.8,16.77,16.84,archive
Well-11,2024-01-29,16.87,16.84,16.91,archive
Well-11,2024-01-30,16.86,16.83,16.9,archive
Well-11,2024-01-31,16.85,16.82,16.89,archive
Well-11,2024-02-01,16.74,16.71,16.78,archive
Well-11,2024-02-02,16.78,16.75,16.82,archive
Well-11,2024-02-03,16.81,16.78,16.85,archive
Well-11,2024-02-04,16.82,16.79,16.86,archive
Well-11,2024-02-05,16.79,16.76,16.83,archive
Well-11,2024-02-06,16.87,16.84,16.91,archive
Well-11,2024-02-07,16.8,16.77,16.84,archive
Well-11,2024-02-08,16.88,16.85,16.92,archive
Well-11,2024-02-09,16.86,16.83,16.9,archive
Well-11,2024-02-10,16.98,16.95,17.02,archive
Well-11,2024-02-11,17.0,16.97,17.04,archive
Well-11,2024-02-12,17.02,16.99,17.06,archive
Well-11,2024-02-13,17.02,16.99,17.06,archive
Well-11,2024-02-14,17.05,17.02,17.09,archive
Well-11,2024-02-15,16.97,16.94,17.01,archive
Well-11,2024-02-16,17.03,17.0,17.07,archive
Well-11,2024-02-17,16.94,16.91,16.98,archive
Well-11,2024-02-18,16.93,16.9,16.97,archive
Well-11,2024-02-19,16.88,16.85,16.92,archive
Well-11,2024-02-20,17.77,17.74,17.81,archive
Well-11,2024-02-21,17.09,17.06,17.13,archive
Well-11,2024-02-22,17.09,17.06,17.13,archive
Well-11,2024-02-23,17.13,17.1,17.17,archive
Well-11,2024-02-24,17.17,17.14,17.21,archive
Well-11,2024-02-25,17.18,17.15,17.22,archive
Well-11,2024-02-26,17.13,17.1,17.17,archive
Well-11,2024-02-27,17.08,17.05,17.12,archive
Well-11,2024-02-28,17.07,17.04,17.11,archive
Well-11,2024-02-29,17.08,17.05,17.12,archive
Well-11,2024-03-01,17.08,17.05,17.12,archive
Well-11,2024-03-02,17.12,17.09,17.16,archive
Well-11,2024-03-03,17.08,17.05,17.12,archive
Well-11,2024-03-04,17.06,17.03,17.1,archive
Well-11,2024-03-05,17.04,17.01,17.08,archive
Well-11,2024-03-06,16.98,16.95,17.02,archive
Well-11,2024-03-07,17.54,17.51,17.58,archive
Well-11,2024-03-08,17.03,17.0,17.07,archive
Well-11,2024-03-09,17.02,16.99,17.06,archive
Well-11,2024-03-10,17.05,17.02,17.09,archive
Well-11,2024-03-11,16.99,16.96,17.03,archive
Well-11,2024-03-12,16.92,16.89,16.96,archive
Well-11,2024-03-13,16.87,16.84,16.91,archive
Well-11,2024-03-14,16.86,16.83,16.9,archive
Well-11,2024-03-15,18.06,18.03,18.1,archive
Well-11,2024-03-16,16.82,16.79,16.86,archive
Well-11,2024-03-17,16.74,16.71,16.78,archive
Well-11,2024-03-18,16.76,16.73,16.8,archive
Well-11,2024-03-19,16.79,16.76,16.83,archive
Well-11,2024-03-20,16.73,16.7,16.77,archive
Well-11,2024-03-21,16.64,16.61,16.68,archive
Well-11,2024-03-22,16.66,16.63,16.7,archive
Well-11,2024-03-23,16.71,16.68,16.75,archive
Well-11,2024-03-24,16.7,16.67,16.74,archive
Well-11,2024-03-25,16.62,16.59,16.66,archive
Well-11,2024-03-26,16.62,16.59,16.66,archive
Well-11,2024-03-27,16.67,16.64,16.71,archive
Well-11,2024-03-28,16.65,16.62,16.69,archive
Well-11,2024-03-29,16.6,16.57,16.64,archive
Well-11,2024-03-30,16.49,16.46,16.53,archive
Well-11,2024-03-31,16.45,16.42,16.49,archive
Well-11,2024-04-01,16.43,16.4,16.47,archive
Well-11,2024-04-02,16.39,16.36,16.43,archive
Well-11,2024-04-03,16.39,16.36,16.43,archive
Well-11,2024-04-04,16.35,16.32,16.39,archive
Well-11,2024-04-05,16.29,16.26,16.33,archive
Well-11,2024-04-06,16.28,16.25,16.32,archive
Well-11,2024-04-07,16.18,16.15,16.22,archive
Well-11,2024-04-08,16.27,16.24,16.31,archive
Well-11,2024-04-09,16.23,16.2,16.27,archive
Well-11,2024-04-10,16.17,16.14,16.21,archive
Well-11,2024-04-11,16.11,16.08,16.15,archive
Well-11,2024-04-12,16.15,16.12,16.19,archive
Well-11,2024-04-13,16.16,16.13,16.2,archive
Well-11,2024-04-14,16.06,16.03,16.1,archive
Well-11,2024-04-15,16.02,15.99,16.06,archive
Well-11,2024-04-16,15.93,15.9,15.97,archive
Well-11,2024-04-17,15.92,15.89,15.96,archive
Well-11,2024-04-18,15.89,15.86,15.93,archive
Well-11,2024-04-19,15.89,15.86,15.93,archive
Well-11,2024-04-20,15.84,15.81,15.88,archive
Well-11,2024-04-21,15.86,15.83,15.9,archive
Well-11,2024-04-22,15.77,15.74,15.81,archive
Well-11,2024-04-23,15.75,15.72,15.79,archive
Well-11,2024-04-24,15.78,15.75,15.82,archive
Well-11,2024-04-25,15.74,15.71,15.78,archive
Well-11,2024-04-26,15.62,15.59,15.66,archive
Well-11,2024-04-27,15.52,15.49,15.56,archive
Well-11,2024-04-28,15.57,15.54,15.61,archive
Well-11,2024-04-29,15.62,15.59,15.66,archive
Well-11,2024-04-30,15.61,15.58,15.65,archive
Well-11,2024-05-01,15.45,15.42,15.49,archive
Well-11,2024-05-02,15.41,15.38,15.45,archive
Well-11,2024-05-03,15.39,15.36,15.43,archive
Well-11,2024-05-04,15.39,15.36,15.43,archive
Well-11,2024-05-05,15.29,15.26,15.33,archive
Well-11,2024-05-06,15.28,15.25,15.32,archive
Well-11,2024-05-07,15.11,15.08,15.15,archive
Well-11,2024-05-08,15.08,15.05,15.12,archive
Well-11,2024-05-09,15.07,15.04,15.11,archive
Well-11,2024-05-10,14.96,14.93,15.0,archive
Well-11,2024-05-11,14.96,14.93,15.0,archive
Well-11,2024-05-12,14.83,14.8,14.87,archive
Well-11,2024-05-13,14.88,14.85,14.92,archive
Well-11,2024-05-14,14.75,14.72,14.79,archive
Well-11,2024-05-15,14.68,14.65,14.72,archive
Well-11,2024-05-16,14.63,14.6,14.67,archive
Well-11,2024-05-17,14.5,14.47,14.54,archive
Well-11,2024-05-18,14.59,14.56,14.63,archive
Well-11,2024-05-19,14.51,14.48,14.55,archive
Well-11,2024-05-20,14.5,14.47,14.54,archive
Well-11,2024-05-21,14.4,14.37,14.44,archive
Well-11,2024-05-22,14.4,14.37,14.44,archive
Well-11,2024-05-23,14.35,14.32,14.39,archive
Well-11,2024-05-24,14.32,14.29,14.36,archive
Well-11,2024-05-25,14.28,14.25,14.32,archive
Well-11,2024-05-26,14.29,14.26,14.33,archive
Well-11,2024-05-27,14.19,14.16,14.23,archive
Well-11,2024-05-28,14.16,14.13,14.2,archive
Well-11,2024-05-29,14.11,14.08,14.15,archive
Well-11,2024-05-30,14.08,14.05,14.12,archive
Well-11,2024-05-31,13.98,13.95,14.02,archive
Well-11,2024-06-01,13.95,13.92,13.99,archive
Well-11,2024-06-02,14.03,14.0,14.07,archive
Well-11,2024-06-03,14.05,14.02,14.09,archive
Well-11,2024-06-04,14.02,13.99,14.06,archive
Well-11,2024-06-05,14.02,13.99,14.06,archive
Well-11,2024-06-06,13.9,13.87,13.94,archive
Well-11,2024-06-07,13.88,13.85,13.92,archive
Well-11,2024-06-08,13.81,13.78,13.85,archive
Well-11,2024-06-09,13.81,13.78,13.85,archive
Well-11,2024-06-10,13.74,13.71,13.78,archive
Well-11,2024-06-11,13.66,13.63,13.7,archive
Well-11,2024-06-12,13.68,13.65,13.72,archive
Well-11,2024-06-13,13.58,13.55,13.62,archive
Well-11,2024-06-14,13.57,13.54,13.61,archive
Well-11,2024-06-15,13.5,13.47,13.54,archive
Well-11,2024-06-16,13.39,13.36,13.43,archive
Well-11,2024-06-17,13.3,13.27,13.34,archive
Well-11,2024-06-18,13.33,13.3,13.37,archive
Well-11,2024-06-19,13.26,13.23,13.3,archive
Well-11,2024-06-20,13.24,13.21,13.28,archive
Well-11,2024-06-21,13.24,13.21,13.28,archive
Well-11,2024-06-22,13.19,13.16,13.23,archive
Well-11,2024-06-23,13.2,13.17,13.24,archive
Well-11,2024-06-24,13.19,13.16,13.23,archive
Well-11,2024-06-25,13.14,13.11,13.18,archive
Well-11,2024-06-26,13.08,13.05,13.12,archive
Well-11,2024-06-27,13.15,13.12,13.19,archive
Well-11,2024-06-28,13.07,13.04,13.11,archive
Well-11,2024-06-29,13.11,13.08,13.15,archive
Well-11,2024-06-30,13.04,13.01,13.08,archive
Well-11,2024-07-01,13.06,13.03,13.1,archive
Well-11,2024-07-02,12.96,12.93,13.0,archive
Well-11,2024-07-03,12.92,12.89,12.96,archive
Well-11,2024-07-04,12.89,12.86,12.93,archive
Well-11,2024-07-05,12.82,12.79,12.86,archive
Well-11,2024-07-06,12.7,12.67,12.74,archive
Well-11,2024-07-07,12.61,12.58,12.65,archive
Well-11,2024-07-08,12.59,12.56,12.63,archive
Well-11,2024-07-09,12.58,12.55,12.62,archive
Well-11,2024-07-10,12.52,12.49,12.56,archive
Well-11,2024-07-11,12.52,12.49,12.56,archive
Well-11,2024-07-12,12.52,12.49,12.56,archive
Well-11,2024-07-13,12.51,12.48,12.55,archive
Well-11,2024-07-14,12.5,12.47,12.54,archive
Well-11,2024-07-15,12.48,12.45,12.52,archive
Well-11,2024-07-16,12.42,12.39,12.46,archive
Well-11,2024-07-17,12.38,12.35,12.42,archive
Well-11,2024-07-18,12.34,12.31,12.38,archive
Well-11,2024-07-19,12.31,12.28,12.35,archive
Well-11,2024-07-20,12.28,12.25,12.32,archive
Well-11,2024-07-21,12.22,12.19,12.26,archive
Well-11,2024-07-22,12.15,12.12,12.19,archive
Well-11,2024-07-23,12.05,12.02,12.09,archive
Well-11,2024-07-24,12.02,11.99,12.06,archive
Well-11,2024-07-25,11.97,11.94,12.01,archive
Well-11,2024-07-26,12.03,12.0,12.07,archive
Well-11,2024-07-27,12.0,11.97,12.04,archive
Well-11,2024-07-28,12.02,11.99,12.06,archive
Well-11,2024-07-29,12.0,11.97,12.04,archive
Well-11,2024-07-30,11.95,11.92,11.99,archive
Well-11,2024-07-31,11.98,11.95,12.02,archive
Well-11,2024-08-01,11.9,11.87,11.94,archive
Well-11,2024-08-02,11.83,11.8,11.87,archive
Well-11,2024-08-03,11.89,11.86,11.93,archive
Well-11,2024-08-04,11.92,11.89,11.96,archive
Well-11,2024-08-05,11.89,11.86,11.93,archive
Well-11,2024-08-06,11.94,11.91,11.98,archive
Well-11,2024-08-07,11.88,11.85,11.92,archive
Well-11,2024-08-08,11.9,11.87,11.94,archive
Well-11,2024-08-09,11.91,11.88,11.95,archive
Well-11,2024-08-10,11.93,11.9,11.97,archive
Well-11,2024-08-11,11.89,11.86,11.93,archive
Well-11,2024-08-12,11.91,11.88,11.95,archive
Well-11,2024-08-13,11.94,11.91,11.98,archive
Well-11,2024-08-14,11.93,11.9,11.97,archive
Well-11,2024-08-15,11.88,11.85,11.92,archive
Well-11,2024-08-16,11.92,11.89,11.96,archive
Well-11,2024-08-17,11.83,11.8,11.87,archive
Well-11,2024-08-18,11.82,11.79,11.86,archive
Well-11,2024-08-19,11.78,11.75,11.82,archive
Well-11,2024-08-20,11.81,11.78,11.85,archive
Well-11,2024-08-21,11.86,11.83,11.9,archive
Well-11,2024-08-22,11.94,11.91,11.98,archive
Well-11,2024-08-23,11.9,11.87,11.94,archive
Well-11,2024-08-24,11.82,11.79,11.86,archive
Well-11,2024-08-25,11.86,11.83,11.9,archive
Well-11,2024-08-26,11.87,11.84,11.91,archive
Well-11,2024-08-27,11.8,11.77,11.84,archive
Well-11,2024-08-28,11.91,11.88,11.95,archive
Well-11,2024-08-29,11.92,11.89,11.96,archive
Well-11,2024-08-30,11.95,11.92,11.99,archive
Well-11,2024-08-31,11.97,11.94,12.01,archive
Well-11,2024-09-01,11.97,11.94,12.01,archive
Well-11,2024-09-02,11.96,11.93,12.0,archive
Well-11,2024-09-03,11.98,11.95,12.02,archive
Well-11,2024-09-04,11.87,11.84,11.91,archive
Well-11,2024-09-05,11.92,11.89,11.96,archive
Well-11,2024-09-06,11.94,11.91,11.98,archive
Well-11,2024-09-07,11.85,11.82,11.89,archive
Well-11,2024-09-08,11.81,11.78,11.85,archive
Well-11,2024-09-09,11.82,11.79,11.86,archive
Well-11,2024-09-10,11.76,11.73,11.8,archive
Well-11,2024-09-11,11.79,11.76,11.83,archive
Well-11,2024-09-12,11.83,11.8,11.87,archive
Well-11,2024-09-13,11.82,11.79,11.86,archive
Well-11,2024-09-14,11.86,11.83,11.9,archive
Well-11,2024-09-15,11.87,11.84,11.91,archive
Well-11,2024-09-16,11.97,11.94,12.01,archive
Well-11,2024-09-17,12.01,11.98,12.05,archive
Well-11,2024-09-18,12.03,12.0,12.07,archive
Well-11,2024-09-19,12.04,12.01,12.08,archive
Well-11,2024-09-20,12.07,12.04,12.11,archive
Well-11,2024-09-21,12.06,12.03,12.1,archive
Well-11,2024-09-22,12.1,12.07,12.14,archive
Well-11,2024-09-23,12.01,11.98,12.05,archive
Well-11,2024-09-24,12.05,12.02,12.09,archive
Well-11,2024-09-25,12.15,12.12,12.19,archive
Well-11,2024-09-26,12.16,12.13,12.2,archive
Well-11,2024-09-27,12.23,12.2,12.27,archive
Well-11,2024-09-28,12.29,12.26,12.33,archive
Well-11,2024-09-29,12.37,12.34,12.41,archive
Well-11,2024-09-30,12.26,12.23,12.3,archive
Well-11,2024-10-01,12.26,12.23,12.3,archive
Well-11,2024-10-02,12.3,12.27,12.34,archive
Well-11,2024-10-03,12.4,12.37,12.44,archive
Well-11,2024-10-04,12.37,12.34,12.41,archive
Well-11,2024-10-05,12.44,12.41,12.48,archive
Well-11,2024-10-06,12.51,12.48,12.55,archive
Well-11,2024-10-07,12.59,12.56,12.63,archive
Well-11,2024-10-08,12.66,12.63,12.7,archive
Well-11,2024-10-09,12.63,12.6,12.67,archive
Well-11,2024-10-10,12.63,12.6,12.67,archive
Well-11,2024-10-11,12.57,12.54,12.61,archive
Well-11,2024-10-12,12.66,12.63,12.7,archive
Well-11,2024-10-13,12.64,12.61,12.68,archive
Well-11,2024-10-14,12.68,12.65,12.72,archive
Well-11,2024-10-15,12.68,12.65,12.72,archive
Well-11,2024-10-16,12.71,12.68,12.75,archive
Well-11,2024-10-17,12.72,12.69,12.76,archive
Well-11,2024-10-18,12.79,12.76,12.83,archive
Well-11,2024-10-19,12.8,12.77,12.84,archive
Well-11,2024-10-20,12.84,12.81,12.88,archive
Well-11,2024-10-21,12.94,12.91,12.98,archive
Well-11,2024-10-22,12.97,12.94,13.01,archive
Well-11,2024-10-23,13.02,12.99,13.06,archive
Well-11,2024-10-24,13.07,13.04,13.11,archive
Well-11,2024-10-25,13.12,13.09,13.16,archive
Well-11,2024-10-26,13.16,13.13,13.2,archive
Well-11,2024-10-27,13.17,13.14,13.21,archive
Well-11,2024-10-28,13.27,13.24,13.31,archive
Well-11,2024-10-29,13.35,13.32,13.39,archive
Well-11,2024-10-30,13.32,13.29,13.36,archive
Well-11,2024-10-31,13.35,13.32,13.39,archive
Well-11,2024-11-01,13.34,13.31,13.38,archive
Well-11,2024-11-02,13.33,13.3,13.37,archive
Well-11,2024-11-03,13.37,13.34,13.41,archive
Well-11,2024-11-04,13.35,13.32,13.39,archive
Well-11,2024-11-05,13.47,13.44,13.51,archive
Well-11,2024-11-06,13.46,13.43,13.5,archive
Well-11,2024-11-07,13.47,13.44,13.51,archive
Well-11,2024-11-08,13.55,13.52,13.59,archive
Well-11,2024-11-09,13.6,13.57,13.64,archive
Well-11,2024-11-10,13.71,13.68,13.75,archive
Well-11,2024-11-11,13.73,13.7,13.77,archive
Well-11,2024-11-12,13.8,13.77,13.84,archive
Well-11,2024-11-13,13.81,13.78,13.85,archive
Well-11,2024-11-14,13.89,13.86,13.93,archive
Well-11,2024-11-15,13.95,13.92,13.99,archive
Well-11,2024-11-16,14.05,14.02,14.09,archive
Well-11,2024-11-17,14.04,14.01,14.08,archive
Well-11,2024-11-18,14.16,14.13,14.2,archive
Well-11,2024-11-19,14.21,14.18,14.25,archive
Well-11,2024-11-20,14.27,14.24,14.31,archive
Well-11,2024-11-21,14.27,14.24,14.31,archive
Well-11,2024-11-22,14.3,14.27,14.34,archive
Well-11,2024-11-23,14.45,14.42,14.49,archive
Well-11,2024-11-24,14.48,14.45,14.52,archive
Well-11,2024-11-25,14.42,14.39,14.46,archive
Well-11,2024-11-26,14.44,14.41,14.48,archive
Well-11,2024-11-27,14.45,14.42,14.49,archive
Well-11,2024-11-28,14.56,14.53,14.6,archive
Well-11,2024-11-29,14.62,14.59,14.66,archive
Well-11,2024-11-30,14.63,14.6,14.67,archive
Well-11,2024-12-01,14.61,14.58,14.65,archive
Well-11,2024-12-02,14.61,14.58,14.65,archive
Well-11,2024-12-03,14.6,14.57,14.64,archive
Well-11,2024-12-04,14.65,14.62,14.69,archive
Well-11,2024-12-05,14.74,14.71,14.78,archive
Well-11,2024-12-06,14.72,14.69,14.76,archive
Well-11,2024-12-07,14.8,14.77,14.84,archive
Well-11,2024-12-08,14.87,14.84,14.91,archive
Well-11,2024-12-09,14.95,14.92,14.99,archive
Well-11,2024-12-10,15.01,14.98,15.05,archive
Well-11,2024-12-11,15.07,15.04,15.11,archive
Well-11,2024-12-12,15.06,15.03,15.1,archive
Well-11,2024-12-13,15.16,15.13,15.2,archive
Well-11,2024-12-14,15.23,15.2,15.27,archive
Well-11,2024-12-15,15.26,15.23,15.3,archive
Well-11,2024-12-16,15.34,15.31,15.38,archive
Well-11,2024-12-17,15.4,15.37,15.44,archive
Well-11,2024-12-18,15.5,15.47,15.54,archive
Well-11,2024-12-19,15.54,15.51,15.58,archive
Well-11,2024-12-20,15.4,15.37,15.44,archive
Well-11,2024-12-21,15.52,15.49,15.56,archive
Well-11,2024-12-22,15.57,15.54,15.61,archive
Well-11,2024-12-23,15.57,15.54,15.61,archive
Well-11,2024-12-24,15.65,15.62,15.69,archive
Well-11,2024-12-25,15.69,15.66,15.73,archive
Well-11,2024-12-26,15.74,15.71,15.78,archive
Well-11,2024-12-27,15.74,15.71,15.78,archive
Well-11,2024-12-28,15.78,15.75,15.82,archive
Well-11,2024-12-29,15.88,15.85,15.92,archive
Well-11,2024-12-30,15.85,15.82,15.89,archive
Well-11,2024-12-31,15.95,15.92,15.99,archive
Well-11,2025-01-01,16.01,15.98,16.05,archive
Well-11,2025-01-02,16.07,16.04,16.11,archive
Well-11,2025-01-03,16.08,16.05,16.12,archive
Well-11,2025-01-04,16.09,16.06,16.13,archive
Well-11,2025-01-05,16.12,16.09,16.16,archive
Well-11,2025-01-06,16.2,16.17,16.24,archive
Well-11,2025-01-07,16.17,16.14,16.21,archive
Well-11,2025-01-08,16.92,16.89,16.96,archive
Well-11,2025-01-09,16.27,16.24,16.31,archive
Well-11,2025-01-10,16.2,16.17,16.24,archive
Well-11,2025-01-11,16.22,16.19,16.26,archive
Well-11,2025-01-12,16.19,16.16,16.23,archive
Well-11,2025-01-13,16.23,16.2,16.27,archive
Well-11,2025-01-14,16.27,16.24,16.31,archive
Well-11,2025-01-15,16.33,16.3,16.37,archive
Well-11,2025-01-16,16.29,16.26,16.33,archive
Well-11,2025-01-17,16.32,16.29,16.36,archive
Well-11,2025-01-18,16.34,16.31,16.38,archive
Well-11,2025-01-19,16.33,16.3,16.37,archive
Well-11,2025-01-20,16.34,16.31,16.38,archive
Well-11,2025-01-21,16.3,16.27,16.34,archive
Well-11,2025-01-22,16.25,16.22,16.29,archive
Well-11,2025-01-23,16.28,16.25,16.32,archive
Well-11,2025-01-24,16.31,16.28,16.35,archive
Well-11,2025-01-25,16.33,16.3,16.37,archive
Well-11,2025-01-26,16.35,16.32,16.39,archive
Well-11,2025-01-27,16.36,16.33,16.4,archive
Well-11,2025-01-28,16.41,16.38,16.45,archive
Well-11,2025-01-29,16.54,16.51,16.58,archive
Well-11,2025-01-30,16.61,16.58,16.65,archive
Well-11,2025-01-31,16.65,16.62,16.69,archive
Well-11,2025-02-01,16.66,16.63,16.7,archive
Well-11,2025-02-02,16.68,16.65,16.72,archive
Well-11,2025-02-03,16.67,16.64,16.71,archive
Well-11,2025-02-04,16.79,16.76,16.83,archive
Well-11,2025-02-05,16.84,16.81,16.88,archive
Well-11,2025-02-06,16.91,16.88,16.95,archive
Well-11,2025-02-07,16.93,16.9,16.97,archive
Well-11,2025-02-08,16.94,16.91,16.98,archive
Well-11,2025-02-09,17.0,16.97,17.04,archive
Well-11,2025-02-10,17.01,16.98,17.05,archive
Well-11,2025-02-11,17.07,17.04,17.11,archive
Well-11,2025-02-12,17.04,17.01,17.08,archive
Well-11,2025-02-13,17.06,17.03,17.1,archive
Well-11,2025-02-14,17.03,17.0,17.07,archive
Well-11,2025-02-15,17.04,17.01,17.08,archive
Well-11,2025-02-16,16.97,16.94,17.01,archive
Well-11,2025-02-17,16.95,16.92,16.99,archive
Well-11,2025-02-18,16.94,16.91,16.98,archive
Well-11,2025-02-19,16.84,16.81,16.88,archive
Well-11,2025-02-20,16.77,16.74,16.81,archive
Well-11,2025-02-21,16.76,16.73,16.8,archive
Well-11,2025-02-22,16.73,16.7,16.77,archive
Well-11,2025-02-23,16.74,16.71,16.78,archive
Well-11,2025-02-24,16.78,16.75,16.82,archive
Well-11,2025-02-25,16.83,16.8,16.87,archive
Well-11,2025-02-26,16.89,16.86,16.93,archive
Well-11,2025-02-27,16.87,16.84,16.91,archive
Well-11,2025-02-28,17.54,17.51,17.58,archive
Well-11,2025-03-01,16.81,16.78,16.85,archive
Well-11,2025-03-02,16.67,16.64,16.71,archive
Well-11,2025-03-03,16.63,16.6,16.67,archive
Well-11,2025-03-04,18.2,18.17,18.24,archive
Well-11,2025-03-05,16.55,16.52,16.59,archive
Well-11,2025-03-06,16.51,16.48,16.55,archive
Well-11,2025-03-07,16.52,16.49,16.56,archive
Well-11,2025-03-08,16.57,16.54,16.61,archive
Well-11,2025-03-09,16.61,16.58,16.65,archive
Well-11,2025-03-10,16.65,16.62,16.69,archive
Well-11,2025-03-11,16.66,16.63,16.7,archive
Well-11,2025-03-12,16.7,16.67,16.74,archive
Well-11,2025-03-13,16.72,16.69,16.76,archive
Well-11,2025-03-14,16.79,16.76,16.83,archive
Well-11,2025-03-15,16.76,16.73,16.8,archive
Well-11,2025-03-16,16.75,16.72,16.79,archive
Well-11,2025-03-17,16.83,16.8,16.87,archive
Well-11,2025-03-18,16.86,16.83,16.9,archive
Well-11,2025-03-19,16.9,16.87,16.94,archive
Well-11,2025-03-20,16.9,16.87,16.94,archive
Well-11,2025-03-21,17.01,16.98,17.05,archive
Well-11,2025-03-22,17.08,17.05,17.12,archive
Well-11,2025-03-23,17.04,17.01,17.08,archive
Well-11,2025-03-24,16.99,16.96,17.03,archive
Well-11,2025-03-25,16.96,16.93,17.0,archive
Well-11,2025-03-26,16.95,16.92,16.99,archive
Well-11,2025-03-27,16.88,16.85,16.92,archive
Well-11,2025-03-28,16.85,16.82,16.89,archive
Well-11,2025-03-29,16.82,16.79,16.86,archive
Well-11,2025-03-30,16.76,16.73,16.8,archive
Well-11,2025-03-31,16.71,16.68,16.75,archive
Well-11,2025-04-01,16.69,16.66,16.73,archive
Well-11,2025-04-02,16.59,16.56,16.63,archive
Well-11,2025-04-03,16.68,16.65,16.72,archive
Well-11,2025-04-04,16.58,16.55,16.62,archive
Well-11,2025-04-05,16.61,16.58,16.65,archive
Well-11,2025-04-06,16.57,16.54,16.61,archive
Well-11,2025-04-07,16.51,16.48,16.55,archive
Well-11,2025-04-08,16.46,16.43,16.5,archive
Well-11,2025-04-09,16.38,16.35,16.42,archive
Well-11,2025-04-10,16.38,16.35,16.42,archive
Well-11,2025-04-11,16.34,16.31,16.38,archive
Well-11,2025-04-12,16.35,16.32,16.39,archive
Well-11,2025-04-13,16.26,16.23,16.3,archive
Well-11,2025-04-14,16.26,16.23,16.3,archive
Well-11,2025-04-15,16.21,16.18,16.25,archive
Well-11,2025-04-16,16.19,16.16,16.23,archive
Well-11,2025-04-17,16.11,16.08,16.15,archive
Well-11,2025-04-18,16.05,16.02,16.09,archive
Well-11,2025-04-19,16.0,15.97,16.04,archive
Well-11,2025-04-20,15.98,15.95,16.02,archive
Well-11,2025-04-21,15.88,15.85,15.92,archive
Well-11,2025-04-22,15.8,15.77,15.84,archive
Well-11,2025-04-23,15.68,15.65,15.72,archive
Well-11,2025-04-24,15.74,15.71,15.78,archive
Well-11,2025-04-25,15.58,15.55,15.62,archive
Well-11,2025-04-26,15.46,15.43,15.5,archive
Well-11,2025-04-27,15.45,15.42,15.49,archive
Well-11,2025-04-28,15.32,15.29,15.36,archive
Well-11,2025-04-29,15.27,15.24,15.31,archive
Well-11,2025-04-30,15.26,15.23,15.3,archive
Well-11,2025-05-01,15.26,15.23,15.3,archive
Well-11,2025-05-02,15.23,15.2,15.27,archive
Well-11,2025-05-03,15.16,15.13,15.2,archive
Well-11,2025-05-04,15.09,15.06,15.13,archive
Well-11,2025-05-05,15.12,15.09,15.16,archive
Well-11,2025-05-06,15.08,15.05,15.12,archive
Well-11,2025-05-07,14.95,14.92,14.99,archive
Well-11,2025-05-08,14.92,14.89,14.96,archive
Well-11,2025-05-09,14.89,14.86,14.93,archive
Well-11,2025-05-10,14.8,14.77,14.84,archive
Well-11,2025-05-11,14.81,14.78,14.85,archive
Well-11,2025-05-12,14.8,14.77,14.84,archive
Well-11,2025-05-13,14.73,14.7,14.77,archive
Well-11,2025-05-14,14.65,14.62,14.69,archive
Well-11,2025-05-15,14.64,14.61,14.68,archive
Well-11,2025-05-16,14.59,14.56,14.63,archive
Well-11,2025-05-17,14.59,14.56,14.63,archive
Well-11,2025-05-18,14.61,14.58,14.65,archive
Well-11,2025-05-19,14.52,14.49,14.56,archive
Well-11,2025-05-20,14.52,14.49,14.56,archive
Well-11,2025-05-21,14.5,14.47,14.54,archive
Well-11,2025-05-22,14.47,14.44,14.51,archive
Well-11,2025-05-23,14.41,14.38,14.45,archive
Well-11,2025-05-24,14.35,14.32,14.39,archive
Well-11,2025-05-25,14.24,14.21,14.28,archive
Well-11,2025-05-26,14.24,14.21,14.28,archive
Well-11,2025-05-27,14.16,14.13,14.2,archive
Well-11,2025-05-28,14.1,14.07,14.14,archive
Well-11,2025-05-29,14.07,14.04,14.11,archive
Well-11,2025-05-30,14.04,14.01,14.08,archive
Well-11,2025-05-31,14.13,14.1,14.17,archive
Well-11,2025-06-01,14.04,14.01,14.08,archive
Well-11,2025-06-02,14.02,13.99,14.06,archive
Well-11,2025-06-03,13.99,13.96,14.03,archive
Well-11,2025-06-04,14.0,13.97,14.04,archive
Well-11,2025-06-05,13.89,13.86,13.93,archive
Well-11,2025-06-06,13.84,13.81,13.88,archive
Well-11,2025-06-07,13.88,13.85,13.92,archive
Well-11,2025-06-08,13.86,13.83,13.9,archive
Well-11,2025-06-09,13.83,13.8,13.87,archive
Well-11,2025-06-10,13.76,13.73,13.8,archive
Well-11,2025-06-11,13.82,13.79,13.86,archive
Well-11,2025-06-12,13.75,13.72,13.79,archive
Well-11,2025-06-13,13.66,13.63,13.7,archive
Well-11,2025-06-14,13.55,13.52,13.59,archive
Well-11,2025-06-15,13.52,13.49,13.56,archive
Well-11,2025-06-16,13.56,13.53,13.6,archive
Well-11,2025-06-17,13.47,13.44,13.51,archive
Well-11,2025-06-18,13.59,13.56,13.63,archive
Well-11,2025-06-19,13.49,13.46,13.53,archive
Well-11,2025-06-20,13.38,13.35,13.42,archive
Well-11,2025-06-21,13.19,13.16,13.23,archive
Well-11,2025-06-22,13.23,13.2,13.27,archive
Well-11,2025-06-23,13.18,13.15,13.22,archive
Well-11,2025-06-24,13.12,13.09,13.16,archive
Well-11,2025-06-25,13.0,12.97,13.04,archive
Well-11,2025-06-26,12.95,12.92,12.99,archive
Well-11,2025-06-27,12.92,12.89,12.96,archive
Well-11,2025-06-28,13.02,12.99,13.06,archive
Well-11,2025-06-29,12.92,12.89,12.96,archive
Well-11,2025-06-30,12.92,12.89,12.96,archive
Well-11,2025-07-01,12.87,12.84,12.91,archive
Well-11,2025-07-02,12.8,12.77,12.84,archive
Well-11,2025-07-03,12.77,12.74,12.81,archive
Well-11,2025-07-04,12.78,12.75,12.82,archive
Well-11,2025-07-05,12.78,12.75,12.82,archive
Well-11,2025-07-06,12.72,12.69,12.76,archive
Well-11,2025-07-07,12.68,12.65,12.72,archive
Well-11,2025-07-08,12.68,12.65,12.72,archive
Well-11,2025-07-09,12.68,12.65,12.72,archive
Well-11,2025-07-10,12.6,12.57,12.64,archive
Well-11,2025-07-11,12.54,12.51,12.58,archive
Well-11,2025-07-12,12.47,12.44,12.51,archive
Well-11,2025-07-13,12.46,12.43,12.5,archive
Well-11,2025-07-14,12.36,12.33,12.4,archive
Well-11,2025-07-15,12.37,12.34,12.41,archive
Well-11,2025-07-16,12.31,12.28,12.35,archive
Well-11,2025-07-17,12.27,12.24,12.31,archive
Well-11,2025-07-18,12.16,12.13,12.2,archive
Well-11,2025-07-19,12.21,12.18,12.25,archive
Well-11,2025-07-20,12.21,12.18,12.25,archive
Well-11,2025-07-21,12.26,12.23,12.3,archive
Well-11,2025-07-22,12.29,12.26,12.33,archive
Well-11,2025-07-23,12.31,12.28,12.35,archive
Well-11,2025-07-24,12.3,12.27,12.34,archive
Well-11,2025-07-25,12.29,12.26,12.33,archive
Well-11,2025-07-26,12.31,12.28,12.35,archive
Well-11,2025-07-27,12.27,12.24,12.31,archive
Well-11,2025-07-28,12.17,12.14,12.21,archive
Well-11,2025-07-29,12.2,12.17,12.24,archive
Well-11,2025-07-30,12.16,12.13,12.2,archive
Well-11,2025-07-31,12.02,11.99,12.06,archive
Well-11,2025-08-01,11.98,11.95,12.02,archive
Well-11,2025-08-02,12.04,12.01,12.08,archive
Well-11,2025-08-03,12.01,11.98,12.05,archive
Well-11,2025-08-04,11.95,11.92,11.99,archive
Well-11,2025-08-05,11.93,11.9,11.97,archive
Well-11,2025-08-06,11.97,11.94,12.01,archive
Well-11,2025-08-07,12.02,11.99,12.06,archive
Well-11,2025-08-08,12.06,12.03,12.1,archive
Well-11,2025-08-09,12.09,12.06,12.13,archive
Well-11,2025-08-10,12.03,12.0,12.07,archive
Well-11,2025-08-11,12.02,11.99,12.06,archive
Well-11,2025-08-12,12.01,11.98,12.05,archive
Well-11,2025-08-13,11.99,11.96,12.03,archive
Well-11,2025-08-14,12.0,11.97,12.04,archive
Well-11,2025-08-15,11.96,11.93,12.0,archive
Well-11,2025-08-16,11.89,11.86,11.93,archive
Well-11,2025-08-17,11.91,11.88,11.95,archive
Well-11,2025-08-18,11.84,11.81,11.88,archive
Well-11,2025-08-19,11.87,11.84,11.91,archive
Well-11,2025-08-20,11.81,11.78,11.85,archive
Well-11,2025-08-21,11.81,11.78,11.85,archive
Well-11,2025-08-22,11.86,11.83,11.9,archive
Well-11,2025-08-23,11.9,11.87,11.94,archive
Well-11,2025-08-24,11.88,11.85,11.92,archive
Well-11,2025-08-25,11.82,11.79,11.86,archive
Well-11,2025-08-26,11.8,11.77,11.84,archive
Well-11,2025-08-27,11.77,11.74,11.81,archive
Well-11,2025-08-28,11.77,11.74,11.81,archive
Well-11,2025-08-29,11.8,11.77,11.84,archive
Well-11,2025-08-30,11.81,11.78,11.85,archive
Well-11,2025-08-31,11.69,11.66,11.73,archive
Well-11,2025-09-01,11.63,11.6,11.67,archive
Well-11,2025-09-02,11.52,11.49,11.56,archive
Well-11,2025-09-03,11.54,11.51,11.58,archive
Well-11,2025-09-04,11.63,11.6,11.67,archive
Well-11,2025-09-05,11.65,11.62,11.69,archive
Well-11,2025-09-06,11.71,11.68,11.75,archive
Well-11,2025-09-07,11.72,11.69,11.76,archive
Well-11,2025-09-08,11.8,11.77,11.84,archive
Well-11,2025-09-09,11.7,11.67,11.74,archive
Well-11,2025-09-10,11.75,11.72,11.79,archive
Well-11,2025-09-11,11.78,11.75,11.82,archive
Well-11,2025-09-12,11.87,11.84,11.91,archive
Well-11,2025-09-13,11.82,11.79,11.86,archive
Well-11,2025-09-14,11.77,11.74,11.81,archive
Well-11,2025-09-15,11.77,11.74,11.81,archive
Well-11,2025-09-16,11.87,11.84,11.91,archive
Well-11,2025-09-17,11.91,11.88,11.95,archive
Well-11,2025-09-18,11.95,11.92,11.99,archive
Well-11,2025-09-19,12.03,12.0,12.07,archive
Well-11,2025-09-20,11.96,11.93,12.0,archive
Well-11,2025-09-21,11.92,11.89,11.96,archive
Well-11,2025-09-22,11.99,11.96,12.03,archive
Well-11,2025-09-23,11.99,11.96,12.03,archive
Well-11,2025-09-24,12.07,12.04,12.11,archive
Well-11,2025-09-25,12.06,12.03,12.1,archive
Well-11,2025-09-26,12.05,12.02,12.09,archive
Well-11,2025-09-27,11.98,11.95,12.02,archive
Well-11,2025-09-28,11.96,11.93,12.0,archive
Well-11,2025-09-29,12.04,12.01,12.08,archive
Well-11,2025-09-30,11.99,11.96,12.03,archive
Well-11,2025-10-01,12.05,12.02,12.09,archive
Well-11,2025-10-02,12.04,12.01,12.08,archive
Well-11,2025-10-03,12.05,12.02,12.09,archive
Well-11,2025-10-04,12.1,12.07,12.14,archive
Well-11,2025-10-05,12.22,12.19,12.26,archive
Well-11,2025-10-06,12.28,12.25,12.32,archive
Well-11,2025-10-07,12.31,12.28,12.35,archive
Well-11,2025-10-08,12.38,12.35,12.42,archive
Well-11,2025-10-09,12.41,12.38,12.45,archive
Well-11,2025-10-10,12.48,12.45,12.52,archive
Well-11,2025-10-11,12.54,12.51,12.58,archive
Well-11,2025-10-12,12.56,12.53,12.6,archive
Well-11,2025-10-13,12.56,12.53,12.6,archive
Well-11,2025-10-14,12.57,12.54,12.61,archive
Well-11,2025-10-15,12.53,12.5,12.57,archive
Well-11,2025-10-16,12.58,12.55,12.62,archive
Well-11,2025-10-17,12.62,12.59,12.66,archive
Well-11,2025-10-18,12.81,12.78,12.85,archive
Well-11,2025-10-19,12.78,12.75,12.82,archive
Well-11,2025-10-20,12.65,12.62,12.69,archive
Well-11,2025-10-21,12.67,12.64,12.71,archive
Well-11,2025-10-22,12.72,12.69,12.76,archive
Well-11,2025-10-23,12.74,12.71,12.78,archive
Well-11,2025-10-24,12.83,12.8,12.87,archive
Well-11,2025-10-25,12.83,12.8,12.87,archive
Well-11,2025-10-26,12.97,12.94,13.01,archive
Well-11,2025-10-27,12.96,12.93,13.0,archive
Well-11,2025-10-28,13.02,12.99,13.06,archive
Well-11,2025-10-29,13.06,13.03,13.1,archive
Well-11,2025-10-30,13.16,13.13,13.2,archive
Well-11,2025-10-31,13.25,13.22,13.29,archive
Well-11,2025-11-01,13.26,13.23,13.3,archive
Well-11,2025-11-02,13.28,13.25,13.32,archive
Well-11,2025-11-03,13.41,13.38,13.45,archive
Well-11,2025-11-04,13.46,13.43,13.5,archive
Well-11,2025-11-05,13.49,13.46,13.53,archive
Well-11,2025-11-06,13.51,13.48,13.55,archive
Well-11,2025-11-07,13.58,13.55,13.62,archive
Well-11,2025-11-08,13.59,13.56,13.63,archive
Well-11,2025-11-09,13.62,13.59,13.66,archive
Well-11,2025-11-10,13.68,13.65,13.72,archive
Well-11,2025-11-11,13.72,13.69,13.76,archive
Well-11,2025-11-12,13.73,13.7,13.77,archive
Well-11,2025-11-13,13.84,13.81,13.88,archive
Well-11,2025-11-14,13.93,13.9,13.97,archive
Well-11,2025-11-15,13.99,13.96,14.03,archive
Well-11,2025-11-16,14.02,13.99,14.06,archive
Well-11,2025-11-17,14.1,14.07,14.14,archive
Well-11,2025-11-18,14.08,14.05,14.12,archive
Well-11,2025-11-19,14.04,14.01,14.08,archive
Well-11,2025-11-20,14.11,14.08,14.15,archive
Well-11,2025-11-21,14.07,14.04,14.11,archive
Well-11,2025-11-22,14.17,14.14,14.21,archive
Well-11,2025-11-23,14.26,14.23,14.3,archive
Well-11,2025-11-24,14.33,14.3,14.37,archive
Well-11,2025-11-25,14.41,14.38,14.45,archive
Well-11,2025-11-26,14.38,14.35,14.42,archive
Well-11,2025-11-27,14.4,14.37,14.44,archive
Well-11,2025-11-28,14.42,14.39,14.46,archive
Well-11,2025-11-29,14.52,14.49,14.56,archive
Well-11,2025-11-30,14.59,14.56,14.63,archive
Well-11,2025-12-01,14.6,14.57,14.64,archive
Well-11,2025-12-02,14.66,14.63,14.7,archive
Well-11,2025-12-03,14.75,14.72,14.79,archive
Well-11,2025-12-04,14.77,14.74,14.81,archive
Well-11,2025-12-05,14.9,14.87,14.94,archive
Well-11,2025-12-06,14.86,14.83,14.9,archive
Well-11,2025-12-07,15.02,14.99,15.06,archive
Well-11,2025-12-08,15.04,15.01,15.08,archive
Well-11,2025-12-09,15.02,14.99,15.06,archive
Well-11,2025-12-10,15.13,15.1,15.17,archive
Well-11,2025-12-11,15.11,15.08,15.15,archive
Well-11,2025-12-12,15.18,15.15,15.22,archive
Well-11,2025-12-13,15.2,15.17,15.24,archive
Well-11,2025-12-14,15.28,15.25,15.32,archive
Well-11,2025-12-15,15.27,15.24,15.31,live
Well-11,2025-12-16,15.33,15.3,15.37,live
Well-11,2025-12-17,15.37,15.34,15.41,live
Well-11,2025-12-18,15.39,15.36,15.43,live
Well-11,2025-12-19,15.33,15.3,15.37,live
Well-11,2025-12-20,15.35,15.32,15.39,live
Well-11,2025-12-21,15.45,15.42,15.49,live
Well-11,2025-12-22,15.42,15.39,15.46,live
Well-11,2025-12-23,15.42,15.39,15.46,live
Well-11,2025-12-24,15.55,15.52,15.59,live
Well-11,2025-12-25,15.61,15.58,15.65,live
Well-11,2025-12-26,15.7,15.67,15.74,live
Well-11,2025-12-27,15.71,15.68,15.75,live
Well-11,2025-12-28,15.66,15.63,15.7,live
Well-11,2025-12-29,15.7,15.67,15.74,live
Well-11,2025-12-30,15.74,15.71,15.78,live
Well-11,2025-12-31,15.77,15.74,15.81,live
Well-11,2026-01-01,15.92,15.89,15.96,live
Well-11,2026-01-02,15.97,15.94,16.01,live
Well-11,2026-01-03,15.92,15.89,15.96,live
Well-11,2026-01-04,16.07,16.04,16.11,live
Well-11,2026-01-05,16.07,16.04,16.11,live
Well-11,2026-01-06,16.12,16.09,16.16,live
Well-11,2026-01-07,16.12,16.09,16.16,live
Well-11,2026-01-08,16.12,16.09,16.16,live
Well-11,2026-01-09,16.11,16.08,16.15,live
Well-11,2026-01-10,16.05,16.02,16.09,live
Well-11,2026-01-11,16.08,16.05,16.12,live
Well-11,2026-01-12,16.11,16.08,16.15,live
Well-11,2026-01-13,16.21,16.18,16.25,live
Well-11,2026-01-14,16.29,16.26,16.33,live
Well-11,2026-01-15,16.3,16.27,16.34,live
Well-11,2026-01-16,16.28,16.25,16.32,live
Well-11,2026-01-17,16.35,16.32,16.39,live
Well-11,2026-01-18,16.39,16.36,16.43,live
Well-11,2026-01-19,16.46,16.43,16.5,live
Well-11,2026-01-20,16.48,16.45,16.52,live
Well-11,2026-01-21,16.49,16.46,16.53,live
Well-11,2026-01-22,16.51,16.48,16.55,live
Well-11,2026-01-23,16.44,16.41,16.48,live
Well-11,2026-01-24,16.49,16.46,16.53,live
Well-11,2026-01-25,16.53,16.5,16.57,live
Well-11,2026-01-26,16.58,16.55,16.62,live
Well-11,2026-01-27,16.66,16.63,16.7,live
Well-11,2026-01-28,16.68,16.65,16.72,live
Well-11,2026-01-29,16.71,16.68,16.75,live
Well-11,2026-01-30,16.72,16.69,16.76,live
Well-11,2026-01-31,16.7,16.67,16.74,live
Well-11,2026-02-01,16.66,16.63,16.7,live
Well-11,2026-02-02,16.6,16.57,16.64,live
Well-11,2026-02-03,16.62,16.59,16.66,live
Well-11,2026-02-04,16.69,16.66,16.73,live
Well-11,2026-02-05,16.67,16.64,16.71,live
Well-11,2026-02-06,16.73,16.7,16.77,live
Well-11,2026-02-07,16.68,16.65,16.72,live
Well-11,2026-02-08,16.71,16.68,16.75,live
Well-11,2026-02-09,16.62,16.59,16.66,live
Well-11,2026-02-10,16.6,16.57,16.64,live
Well-11,2026-02-11,16.64,16.61,16.68,live
Well-11,2026-02-12,16.7,16.67,16.74,live
Well-11,2026-02-13,16.71,16.68,16.75,live
Well-11,2026-02-14,16.75,16.72,16.79,live
Well-11,2026-02-15,16.69,16.66,16.73,live
Well-11,2026-02-16,18.03,18.0,18.07,live
Well-11,2026-02-17,16.7,16.67,16.74,live
Well-11,2026-02-18,16.7,16.67,16.74,live
Well-11,2026-02-19,16.67,16.64,16.71,live
Well-11,2026-02-20,16.67,16.64,16.71,live
Well-11,2026-02-21,16.59,16.56,16.63,live
Well-11,2026-02-22,16.66,16.63,16.7,live
Well-11,2026-02-23,16.67,16.64,16.71,live
Well-11,2026-02-24,16.68,16.65,16.72,live
Well-11,2026-02-25,16.7,16.67,16.74,live
Well-11,2026-02-26,16.6,16.57,16.64,live
Well-11,2026-02-27,16.63,16.6,16.67,live
Well-11,2026-02-28,16.69,16.66,16.73,live
Well-11,2026-03-01,16.7,16.67,16.74,live
Well-11,2026-03-02,16.66,16.63,16.7,live
Well-11,2026-03-03,16.67,16.64,16.71,live
Well-11,2026-03-04,16.67,16.64,16.71,live
Well-11,2026-03-05,16.69,16.66,16.73,live
Well-11,2026-03-06,16.68,16.65,16.72,live
Well-11,2026-03-07,16.67,16.64,16.71,live
Well-11,2026-03-08,16.74,16.71,16.78,live
Well-11,2026-03-09,16.77,16.74,16.81,live
Well-11,2026-03-10,16.7,16.67,16.74,live
Well-11,2026-03-11,16.68,16.65,16.72,live
Well-11,2026-03-12,16.66,16.63,16.7,live
Well-11,2026-03-13,16.66,16.63,16.7,live
Well-11,2026-03-14,16.67,16.64,16.71,live
Well-11,2026-03-15,16.64,16.61,16.68,live
Well-11,2026-03-16,16.67,16.64,16.71,live
Well-11,2026-03-17,16.69,16.66,16.73,live
Well-11,2026-03-18,16.69,16.66,16.73,live
Well-11,2026-03-19,16.67,16.64,16.71,live
Well-11,2026-03-20,16.64,16.61,16.68,live
Well-11,2026-03-21,16.64,16.61,16.68,live
Well-11,2026-03-22,16.63,16.6,16.67,live
Well-11,2026-03-23,16.59,16.56,16.63,live
Well-11,2026-03-24,16.61,16.58,16.65,live
Well-11,2026-03-25,16.61,16.58,16.65,live
Well-11,2026-03-26,16.66,16.63,16.7,live
Well-11,2026-03-27,16.58,16.55,16.62,live
Well-11,2026-03-28,16.63,16.6,16.67,live
Well-11,2026-03-29,16.63,16.6,16.67,live
Well-11,2026-03-30,16.61,16.58,16.65,live
Well-11,2026-03-31,16.52,16.49,16.56,live
Well-11,2026-04-01,16.48,16.45,16.52,live
Well-11,2026-04-02,16.47,16.44,16.51,live
Well-11,2026-04-03,16.54,16.51,16.58,live
Well-11,2026-04-04,16.55,16.52,16.59,live
Well-11,2026-04-05,16.51,16.48,16.55,live
Well-11,2026-04-06,16.37,16.34,16.41,live
Well-11,2026-04-07,16.28,16.25,16.32,live
Well-11,2026-04-08,16.26,16.23,16.3,live
Well-11,2026-04-09,16.28,16.25,16.32,live
Well-11,2026-04-10,16.3,16.27,16.34,live
Well-11,2026-04-11,16.3,16.27,16.34,live
Well-11,2026-04-12,16.26,16.23,16.3,live
Well-11,2026-04-13,16.17,16.14,16.21,live
Well-11,2026-04-14,16.11,16.08,16.15,live
Well-11,2026-04-15,16.06,16.03,16.1,live
Well-11,2026-04-16,16.02,15.99,16.06,live
Well-11,2026-04-17,16.03,16.0,16.07,live
Well-11,2026-04-18,15.98,15.95,16.02,live
Well-11,2026-04-19,15.92,15.89,15.96,live
Well-11,2026-04-20,15.88,15.85,15.92,live
Well-11,2026-04-21,16.05,16.02,16.09,live
Well-11,2026-04-22,15.95,15.92,15.99,live
Well-11,2026-04-23,15.96,15.93,16.0,live
Well-11,2026-04-24,15.91,15.88,15.95,live
Well-11,2026-04-25,15.88,15.85,15.92,live
Well-11,2026-04-26,15.77,15.74,15.81,live
Well-11,2026-04-27,15.76,15.73,15.8,live
Well-11,2026-04-28,15.75,15.72,15.79,live
Well-11,2026-04-29,15.7,15.67,15.74,live
Well-11,2026-04-30,15.51,15.48,15.55,live
Well-11,2026-05-01,15.47,15.44,15.51,live
Well-11,2026-05-02,15.29,15.26,15.33,live
Well-11,2026-05-03,15.21,15.18,15.25,live
Well-11,2026-05-04,15.21,15.18,15.25,live
Well-11,2026-05-05,15.11,15.08,15.15,live
Well-11,2026-05-06,15.08,15.05,15.12,live
Well-11,2026-05-07,15.07,15.04,15.11,live
Well-11,2026-05-08,15.08,15.05,15.12,live
Well-11,2026-05-09,15.09,15.06,15.13,live
Well-11,2026-05-10,15.08,15.05,15.12,live
Well-11,2026-05-11,15.11,15.08,15.15,live
Well-11,2026-05-12,15.05,15.02,15.09,live
Well-11,2026-05-13,15.01,14.98,15.05,live
Well-11,2026-05-14,14.94,14.91,14.98,live
Well-11,2026-05-15,14.9,14.87,14.94,live
Well-11,2026-05-16,14.87,14.84,14.91,live
Well-11,2026-05-17,14.89,14.86,14.93,live
Well-11,2026-05-18,14.76,14.73,14.8,live
Well-11,2026-05-19,14.68,14.65,14.72,live
Well-11,2026-05-20,14.62,14.59,14.66,live
Well-11,2026-05-21,14.63,14.6,14.67,live
Well-11,2026-05-22,14.63,14.6,14.67,live
Well-11,2026-05-23,14.56,14.53,14.6,live
Well-11,2026-05-24,14.52,14.49,14.56,live
Well-11,2026-05-25,14.38,14.35,14.42,live
Well-11,2026-05-26,14.42,14.39,14.46,live
Well-11,2026-05-27,14.35,14.32,14.39,live
Well-11,2026-05-28,14.24,14.21,14.28,live
Well-11,2026-05-29,14.21,14.18,14.25,live
Well-11,2026-05-30,14.24,14.21,14.28,live
Well-11,2026-05-31,14.11,14.08,14.15,live
Well-11,2026-06-01,14.07,14.04,14.11,live
Well-11,2026-06-02,14.03,14.0,14.07,live
Well-11,2026-06-03,13.9,13.87,13.94,live
Well-11,2026-06-04,13.91,13.88,13.95,live
Well-11,2026-06-05,13.89,13.86,13.93,live
Well-11,2026-06-06,13.83,13.8,13.87,live
Well-11,2026-06-07,13.76,13.73,13.8,live
Well-11,2026-06-08,13.64,13.61,13.68,live
Well-11,2026-06-09,13.6,13.57,13.64,live
Well-11,2026-06-10,13.54,13.51,13.58,live
Well-11,2026-06-11,13.48,13.45,13.52,live
Well-11,2026-06-12,13.39,13.36,13.43,live
Well-11,2026-06-13,13.4,13.37,13.44,live
Well-11,2026-06-14,13.36,13.33,13.4,live
Well-11,2026-06-15,13.39,13.36,13.43,live
Well-11,2026-06-16,13.34,13.31,13.38,live
Well-11,2026-06-17,13.32,13.29,13.36,live
Well-11,2026-06-18,13.32,13.29,13.36,live
Well-11,2026-06-19,13.3,13.27,13.34,live
Well-11,2026-06-20,13.24,13.21,13.28,live
Well-11,2026-06-21,13.09,13.06,13.13,live
Well-11,2026-06-22,13.16,13.13,13.2,live
Well-11,2026-06-23,13.17,13.14,13.21,live
Well-11,2026-06-24,13.17,13.14,13.21,live
Well-11,2026-06-25,13.13,13.1,13.17,live
Well-11,2026-06-26,13.06,13.03,13.1,live
Well-11,2026-06-27,13.02,12.99,13.06,live
Well-11,2026-06-28,12.87,12.84,12.91,live
Well-11,2026-06-29,12.8,12.77,12.84,live
Well-11,2026-06-30,12.72,12.69,12.76,live
Well-11,2026-07-01,12.79,12.76,12.83,live
Well-11,2026-07-02,12.74,12.71,12.78,live
Well-11,2026-07-03,12.74,12.71,12.78,live
Well-11,2026-07-04,12.73,12.7,12.77,live
Well-11,2026-07-05,12.75,12.72,12.79,live
Well-11,2026-07-06,12.77,12.74,12.81,live
Well-11,2026-07-07,12.78,12.75,12.82,live
Well-11,2026-07-08,12.72,12.69,12.76,live
Well-11,2026-07-09,12.75,12.72,12.79,live
Well-11,2026-07-10,12.68,12.65,12.72,live
Well-11,2026-07-11,12.66,12.63,12.7,live
Well-11,2026-07-12,12.58,12.55,12.62,live
Well-11,2026-07-13,12.48,12.45,12.52,live
Well-11,2026-07-14,12.43,12.4,12.47,live
Well-11,2026-07-15,12.43,12.4,12.47,live
Well-11,2026-07-16,12.43,12.4,12.47,live
Well-11,2026-07-17,12.34,12.31,12.38,live
Well-11,2026-07-18,12.36,12.33,12.4,live
Well-11,2026-07-19,12.33,12.3,12.37,live
Well-11,2026-07-20,12.32,12.29,12.36,live
Well-11,2026-07-21,12.25,12.22,12.29,live
Well-11,2026-07-22,12.25,12.22,12.29,live
Well-11,2026-07-23,12.26,12.23,12.3,live
Well-11,2026-07-24,12.24,12.21,12.28,live
Well-11,2026-07-25,12.28,12.25,12.32,live
Well-11,2026-07-26,12.28,12.25,12.32,live
Well-11,2026-07-27,12.18,12.15,12.22,live
Well-11,2026-07-28,12.13,12.1,12.17,live
Well-11,2026-07-29,12.01,11.98,12.05,live
Well-11,2026-07-30,11.97,11.94,12.01,live
Well-11,2026-07-31,11.87,11.84,11.91,live
Well-11,2026-08-01,11.9,11.87,11.94,live
Well-11,2026-08-02,11.89,11.86,11.93,live
Well-11,2026-08-03,11.9,11.87,11.94,live
Well-11,2026-08-04,11.85,11.82,11.89,live
Well-11,2026-08-05,11.86,11.83,11.9,live
Well-11,2026-08-06,11.86,11.83,11.9,live
Well-11,2026-08-07,11.82,11.79,11.86,live
Well-11,2026-08-08,11.84,11.81,11.88,live
Well-11,2026-08-09,11.86,11.83,11.9,live
Well-11,2026-08-10,11.8,11.77,11.84,live
Well-11,2026-08-11,11.7,11.67,11.74,live
Well-11,2026-08-12,11.71,11.68,11.75,live
Well-11,2026-08-13,11.67,11.64,11.71,live
Well-11,2026-08-14,11.68,11.65,11.72,live
Well-11,2026-08-15,11.69,11.66,11.73,live
Well-11,2026-08-16,11.68,11.65,11.72,live
Well-11,2026-08-17,11.61,11.58,11.65,live
Well-11,2026-08-18,11.71,11.68,11.75,live
Well-11,2026-08-19,11.75,11.72,11.79,live
Well-11,2026-08-20,11.75,11.72,11.79,live
Well-11,2026-08-21,11.69,11.66,11.73,live
Well-11,2026-08-22,11.73,11.7,11.77,live
Well-11,2026-08-23,11.71,11.68,11.75,live
Well-11,2026-08-24,11.64,11.61,11.68,live
Well-11,2026-08-25,11.63,11.6,11.67,live
Well-11,2026-08-26,11.59,11.56,11.63,live
Well-11,2026-08-27,11.66,11.63,11.7,live
Well-11,2026-08-28,11.68,11.65,11.72,live
Well-11,2026-08-29,11.72,11.69,11.76,live
Well-11,2026-08-30,11.77,11.74,11.81,live
Well-11,2026-08-31,11.72,11.69,11.76,live
Well-11,2026-09-01,11.68,11.65,11.72,live
Well-11,2026-09-02,11.69,11.66,11.73,live
Well-11,2026-09-03,11.77,11.74,11.81,live
Well-11,2026-09-04,11.91,11.88,11.95,live
Well-11,2026-09-05,11.83,11.8,11.87,live
Well-11,2026-09-06,11.87,11.84,11.91,live
Well-11,2026-09-07,11.95,11.92,11.99,live
Well-11,2026-09-08,11.98,11.95,12.02,live
Well-11,2026-09-09,12.03,12.0,12.07,live
Well-11,2026-09-10,12.05,12.02,12.09,live
Well-11,2026-09-11,12.03,12.0,12.07,live
Well-11,2026-09-12,11.96,11.93,12.0,live
Well-11,2026-09-13,12.0,11.97,12.04,live
Well-11,2026-09-14,12.03,12.0,12.07,live
Well-11,2026-09-15,12.04,12.01,12.08,live
Well-11,2026-09-16,12.07,12.04,12.11,live
Well-11,2026-09-17,12.12,12.09,12.16,live
Well-11,2026-09-18,12.12,12.09,12.16,live
Well-11,2026-09-19,12.08,12.05,12.12,live
Well-11,2026-09-20,12.03,12.0,12.07,live
Well-11,2026-09-21,12.05,12.02,12.09,live
Well-11,2026-09-22,12.08,12.05,12.12,live
Well-11,2026-09-23,12.2,12.17,12.24,live
Well-11,2026-09-24,12.13,12.1,12.17,live
Well-12,2023-04-01,17.58,17.55,17.62,archive
Well-12,2023-04-02,17.54,17.51,17.58,archive
Well-12,2023-04-03,17.59,17.56,17.63,archive
Well-12,2023-04-04,17.54,17.51,17.58,archive
Well-12,2023-04-05,17.48,17.45,17.52,archive
Well-12,2023-04-06,17.47,17.44,17.51,archive
Well-12,2023-04-07,17.5,17.47,17.54,archive
Well-12,2023-04-08,17.43,17.4,17.47,archive
Well-12,2023-04-09,17.42,17.39,17.46,archive
Well-12,2023-04-10,17.34,17.31,17.38,archive
Well-12,2023-04-11,17.33,17.3,17.37,archive
Well-12,2023-04-12,17.23,17.2,17.27,archive
Well-12,2023-04-13,17.11,17.08,17.15,archive
Well-12,2023-04-14,17.04,17.01,17.08,archive
Well-12,2023-04-15,17.03,17.0,17.07,archive
Well-12,2023-04-16,17.08,17.05,17.12,archive
Well-12,2023-04-17,17.01,16.98,17.05,archive
Well-12,2023-04-18,16.87,16.84,16.91,archive
Well-12,2023-04-19,16.78,16.75,16.82,archive
Well-12,2023-04-20,16.78,16.75,16.82,archive
Well-12,2023-04-21,16.62,16.59,16.66,archive
Well-12,2023-04-22,16.56,16.53,16.6,archive
Well-12,2023-04-23,16.52,16.49,16.56,archive
Well-12,2023-04-24,16.51,16.48,16.55,archive
Well-12,2023-04-25,16.49,16.46,16.53,archive
Well-12,2023-04-26,16.41,16.38,16.45,archive
Well-12,2023-04-27,16.37,16.34,16.41,archive
Well-12,2023-04-28,16.42,16.39,16.46,archive
Well-12,2023-04-29,16.38,16.35,16.42,archive
Well-12,2023-04-30,16.31,16.28,16.35,archive
Well-12,2023-05-01,16.3,16.27,16.34,archive
Well-12,2023-05-02,16.25,16.22,16.29,archive
Well-12,2023-05-03,16.13,16.1,16.17,archive
Well-12,2023-05-04,16.07,16.04,16.11,archive
Well-12,2023-05-05,16.03,16.0,16.07,archive
Well-12,2023-05-06,16.03,16.0,16.07,archive
Well-12,2023-05-07,15.94,15.91,15.98,archive
Well-12,2023-05-08,15.87,15.84,15.91,archive
Well-12,2023-05-09,15.91,15.88,15.95,archive
Well-12,2023-05-10,15.74,15.71,15.78,archive
Well-12,2023-05-11,15.74,15.71,15.78,archive
Well-12,2023-05-12,15.72,15.69,15.76,archive
Well-12,2023-05-13,15.57,15.54,15.61,archive
Well-12,2023-05-14,15.54,15.51,15.58,archive
Well-12,2023-05-15,15.56,15.53,15.6,archive
Well-12,2023-05-16,15.63,15.6,15.67,archive
Well-12,2023-05-17,15.55,15.52,15.59,archive
Well-12,2023-05-18,15.5,15.47,15.54,archive
Well-12,2023-05-19,15.32,15.29,15.36,archive
Well-12,2023-05-20,15.3,15.27,15.34,archive
Well-12,2023-05-21,15.23,15.2,15.27,archive
Well-12,2023-05-22,15.14,15.11,15.18,archive
Well-12,2023-05-23,15.06,15.03,15.1,archive
Well-12,2023-05-24,14.97,14.94,15.01,archive
Well-12,2023-05-25,14.92,14.89,14.96,archive
Well-12,2023-05-26,14.87,14.84,14.91,archive
Well-12,2023-05-27,14.78,14.75,14.82,archive
Well-12,2023-05-28,14.77,14.74,14.81,archive
Well-12,2023-05-29,14.76,14.73,14.8,archive
Well-12,2023-05-30,14.65,14.62,14.69,archive
Well-12,2023-05-31,14.55,14.52,14.59,archive
Well-12,2023-06-01,14.51,14.48,14.55,archive
Well-12,2023-06-02,14.46,14.43,14.5,archive
Well-12,2023-06-03,14.49,14.46,14.53,archive
Well-12,2023-06-04,14.44,14.41,14.48,archive
Well-12,2023-06-05,14.39,14.36,14.43,archive
Well-12,2023-06-06,14.27,14.24,14.31,archive
Well-12,2023-06-07,14.2,14.17,14.24,archive
Well-12,2023-06-08,14.1,14.07,14.14,archive
Well-12,2023-06-09,14.13,14.1,14.17,archive
Well-12,2023-06-10,14.14,14.11,14.18,archive
Well-12,2023-06-11,14.13,14.1,14.17,archive
Well-12,2023-06-12,14.13,14.1,14.17,archive
Well-12,2023-06-13,14.09,14.06,14.13,archive
Well-12,2023-06-14,14.0,13.97,14.04,archive
Well-12,2023-06-15,13.98,13.95,14.02,archive
Well-12,2023-06-16,13.94,13.91,13.98,archive
Well-12,2023-06-17,13.74,13.71,13.78,archive
Well-12,2023-06-18,13.67,13.64,13.71,archive
Well-12,2023-06-19,13.67,13.64,13.71,archive
Well-12,2023-06-20,13.72,13.69,13.76,archive
Well-12,2023-06-21,13.67,13.64,13.71,archive
Well-12,2023-06-22,13.54,13.51,13.58,archive
Well-12,2023-06-23,13.47,13.44,13.51,archive
Well-12,2023-06-24,13.4,13.37,13.44,archive
Well-12,2023-06-25,13.33,13.3,13.37,archive
Well-12,2023-06-26,13.34,13.31,13.38,archive
Well-12,2023-06-27,13.3,13.27,13.34,archive
Well-12,2023-06-28,13.27,13.24,13.31,archive
Well-12,2023-06-29,13.18,13.15,13.22,archive
Well-12,2023-06-30,13.19,13.16,13.23,archive
Well-12,2023-07-01,13.14,13.11,13.18,archive
Well-12,2023-07-02,13.04,13.01,13.08,archive
Well-12,2023-07-03,12.99,12.96,13.03,archive
Well-12,2023-07-04,12.93,12.9,12.97,archive
Well-12,2023-07-05,12.92,12.89,12.96,archive
Well-12,2023-07-06,12.81,12.78,12.85,archive
Well-12,2023-07-07,12.81,12.78,12.85,archive
Well-12,2023-07-08,12.66,12.63,12.7,archive
Well-12,2023-07-09,12.62,12.59,12.66,archive
Well-12,2023-07-10,12.63,12.6,12.67,archive
Well-12,2023-07-11,12.54,12.51,12.58,archive
Well-12,2023-07-12,12.54,12.51,12.58,archive
Well-12,2023-07-13,12.41,12.38,12.45,archive
Well-12,2023-07-14,12.44,12.41,12.48,archive
Well-12,2023-07-15,12.43,12.4,12.47,archive
Well-12,2023-07-16,12.36,12.33,12.4,archive
Well-12,2023-07-17,12.26,12.23,12.3,archive
Well-12,2023-07-18,12.22,12.19,12.26,archive
Well-12,2023-07-19,12.1,12.07,12.14,archive
Well-12,2023-07-20,12.1,12.07,12.14,archive
Well-12,2023-07-21,12.16,12.13,12.2,archive
Well-12,2023-07-22,12.11,12.08,12.15,archive
Well-12,2023-07-23,12.14,12.11,12.18,archive
Well-12,2023-07-24,12.0,11.97,12.04,archive
Well-12,2023-07-25,11.91,11.88,11.95,archive
Well-12,2023-07-26,11.93,11.9,11.97,archive
Well-12,2023-07-27,11.95,11.92,11.99,archive
Well-12,2023-07-28,11.89,11.86,11.93,archive
Well-12,2023-07-29,11.88,11.85,11.92,archive
Well-12,2023-07-30,11.8,11.77,11.84,archive
Well-12,2023-07-31,11.78,11.75,11.82,archive
Well-12,2023-08-01,11.78,11.75,11.82,archive
Well-12,2023-08-02,11.83,11.8,11.87,archive
Well-12,2023-08-03,11.65,11.62,11.69,archive
Well-12,2023-08-04,11.73,11.7,11.77,archive
Well-12,2023-08-05,11.82,11.79,11.86,archive
Well-12,2023-08-06,11.86,11.83,11.9,archive
Well-12,2023-08-07,11.84,11.81,11.88,archive
Well-12,2023-08-08,11.84,11.81,11.88,archive
Well-12,2023-08-09,11.77,11.74,11.81,archive
Well-12,2023-08-10,11.83,11.8,11.87,archive
Well-12,2023-08-11,11.76,11.73,11.8,archive
Well-12,2023-08-12,11.73,11.7,11.77,archive
Well-12,2023-08-13,11.75,11.72,11.79,archive
Well-12,2023-08-14,11.7,11.67,11.74,archive
Well-12,2023-08-15,11.74,11.71,11.78,archive
Well-12,2023-08-16,11.71,11.68,11.75,archive
Well-12,2023-08-17,11.73,11.7,11.77,archive
Well-12,2023-08-18,11.67,11.64,11.71,archive
Well-12,2023-08-19,11.66,11.63,11.7,archive
Well-12,2023-08-20,11.65,11.62,11.69,archive
Well-12,2023-08-21,11.69,11.66,11.73,archive
Well-12,2023-08-22,11.62,11.59,11.66,archive
Well-12,2023-08-23,11.66,11.63,11.7,archive
Well-12,2023-08-24,11.7,11.67,11.74,archive
Well-12,2023-08-25,11.7,11.67,11.74,archive
Well-12,2023-08-26,11.7,11.67,11.74,archive
Well-12,2023-08-27,11.77,11.74,11.81,archive
Well-12,2023-08-28,11.71,11.68,11.75,archive
Well-12,2023-08-29,11.67,11.64,11.71,archive
Well-12,2023-08-30,11.63,11.6,11.67,archive
Well-12,2023-08-31,11.65,11.62,11.69,archive
Well-12,2023-09-01,11.67,11.64,11.71,archive
Well-12,2023-09-02,11.74,11.71,11.78,archive
Well-12,2023-09-03,11.73,11.7,11.77,archive
Well-12,2023-09-04,11.68,11.65,11.72,archive
Well-12,2023-09-05,11.66,11.63,11.7,archive
Well-12,2023-09-06,11.73,11.7,11.77,archive
Well-12,2023-09-07,11.64,11.61,11.68,archive
Well-12,2023-09-08,11.63,11.6,11.67,archive
Well-12,2023-09-09,11.58,11.55,11.62,archive
Well-12,2023-09-10,11.7,11.67,11.74,archive
Well-12,2023-09-11,11.63,11.6,11.67,archive
Well-12,2023-09-12,11.64,11.61,11.68,archive
Well-12,2023-09-13,11.7,11.67,11.74,archive
Well-12,2023-09-14,11.75,11.72,11.79,archive
Well-12,2023-09-15,11.82,11.79,11.86,archive
Well-12,2023-09-16,11.86,11.83,11.9,archive
Well-12,2023-09-17,11.88,11.85,11.92,archive
Well-12,2023-09-18,11.85,11.82,11.89,archive
Well-12,2023-09-19,11.84,11.81,11.88,archive
Well-12,2023-09-20,11.7,11.67,11.74,archive
Well-12,2023-09-21,11.72,11.69,11.76,archive
Well-12,2023-09-22,11.82,11.79,11.86,archive
Well-12,2023-09-23,11.85,11.82,11.89,archive
Well-12,2023-09-24,11.82,11.79,11.86,archive
Well-12,2023-09-25,11.89,11.86,11.93,archive
Well-12,2023-09-26,11.86,11.83,11.9,archive
Well-12,2023-09-27,11.92,11.89,11.96,archive
Well-12,2023-09-28,12.03,12.0,12.07,archive
Well-12,2023-09-29,12.06,12.03,12.1,archive
Well-12,2023-09-30,12.09,12.06,12.13,archive
Well-12,2023-10-01,12.09,12.06,12.13,archive
Well-12,2023-10-02,12.07,12.04,12.11,archive
Well-12,2023-10-03,12.14,12.11,12.18,archive
Well-12,2023-10-04,12.27,12.24,12.31,archive
Well-12,2023-10-05,12.34,12.31,12.38,archive
Well-12,2023-10-06,12.38,12.35,12.42,archive
Well-12,2023-10-07,12.38,12.35,12.42,archive
Well-12,2023-10-08,12.43,12.4,12.47,archive
Well-12,2023-10-09,12.41,12.38,12.45,archive
Well-12,2023-10-10,12.46,12.43,12.5,archive
Well-12,2023-10-11,12.45,12.42,12.49,archive
Well-12,2023-10-12,12.54,12.51,12.58,archive
Well-12,2023-10-13,12.62,12.59,12.66,archive
Well-12,2023-10-14,12.61,12.58,12.65,archive
Well-12,2023-10-15,12.6,12.57,12.64,archive
Well-12,2023-10-16,12.62,12.59,12.66,archive
Well-12,2023-10-17,12.71,12.68,12.75,archive
Well-12,2023-10-18,12.79,12.76,12.83,archive
Well-12,2023-10-19,12.82,12.79,12.86,archive
Well-12,2023-10-20,12.81,12.78,12.85,archive
Well-12,2023-10-21,12.87,12.84,12.91,archive
Well-12,2023-10-22,13.01,12.98,13.05,archive
Well-12,2023-10-23,13.1,13.07,13.14,archive
Well-12,2023-10-24,13.2,13.17,13.24,archive
Well-12,2023-10-25,13.25,13.22,13.29,archive
Well-12,2023-10-26,13.25,13.22,13.29,archive
Well-12,2023-10-27,13.21,13.18,13.25,archive
Well-12,2023-10-28,13.23,13.2,13.27,archive
Well-12,2023-10-29,13.28,13.25,13.32,archive
Well-12,2023-10-30,13.35,13.32,13.39,archive
Well-12,2023-10-31,13.37,13.34,13.41,archive
Well-12,2023-11-01,13.41,13.38,13.45,archive
Well-12,2023-11-02,13.42,13.39,13.46,archive
Well-12,2023-11-03,13.45,13.42,13.49,archive
Well-12,2023-11-04,13.56,13.53,13.6,archive
Well-12,2023-11-05,13.53,13.5,13.57,archive
Well-12,2023-11-06,13.7,13.67,13.74,archive
Well-12,2023-11-07,13.82,13.79,13.86,archive
Well-12,2023-11-08,13.92,13.89,13.96,archive
Well-12,2023-11-09,13.95,13.92,13.99,archive
Well-12,2023-11-10,14.03,14.0,14.07,archive
Well-12,2023-11-11,14.1,14.07,14.14,archive
Well-12,2023-11-12,14.19,14.16,14.23,archive
Well-12,2023-11-13,14.23,14.2,14.27,archive
Well-12,2023-11-14,14.21,14.18,14.25,archive
Well-12,2023-11-15,14.26,14.23,14.3,archive
Well-12,2023-11-16,14.33,14.3,14.37,archive
Well-12,2023-11-17,14.51,14.48,14.55,archive
Well-12,2023-11-18,14.51,14.48,14.55,archive
Well-12,2023-11-19,14.55,14.52,14.59,archive
Well-12,2023-11-20,14.55,14.52,14.59,archive
Well-12,2023-11-21,14.59,14.56,14.63,archive
Well-12,2023-11-22,14.58,14.55,14.62,archive
Well-12,2023-11-23,14.54,14.51,14.58,archive
Well-12,2023-11-24,14.56,14.53,14.6,archive
Well-12,2023-11-25,14.66,14.63,14.7,archive
Well-12,2023-11-26,14.76,14.73,14.8,archive
Well-12,2023-11-27,14.84,14.81,14.88,archive
Well-12,2023-11-28,14.87,14.84,14.91,archive
Well-12,2023-11-29,14.97,14.94,15.01,archive
Well-12,2023-11-30,15.01,14.98,15.05,archive
Well-12,2023-12-01,15.1,15.07,15.14,archive
Well-12,2023-12-02,15.08,15.05,15.12,archive
Well-12,2023-12-03,15.1,15.07,15.14,archive
Well-12,2023-12-04,15.17,15.14,15.21,archive
Well-12,2023-12-05,15.19,15.16,15.23,archive
Well-12,2023-12-06,15.3,15.27,15.34,archive
Well-12,2023-12-07,15.42,15.39,15.46,archive
Well-12,2023-12-08,15.44,15.41,15.48,archive
Well-12,2023-12-09,16.81,16.78,16.85,archive
Well-12,2023-12-10,15.62,15.59,15.66,archive
Well-12,2023-12-11,15.63,15.6,15.67,archive
Well-12,2023-12-12,15.68,15.65,15.72,archive
Well-12,2023-12-13,15.75,15.72,15.79,archive
Well-12,2023-12-14,15.81,15.78,15.85,archive
Well-12,2023-12-15,15.87,15.84,15.91,archive
Well-12,2023-12-16,16.0,15.97,16.04,archive
Well-12,2023-12-17,16.09,16.06,16.13,archive
Well-12,2023-12-18,16.14,16.11,16.18,archive
Well-12,2023-12-19,16.16,16.13,16.2,archive
Well-12,2023-12-20,16.19,16.16,16.23,archive
Well-12,2023-12-21,16.18,16.15,16.22,archive
Well-12,2023-12-22,16.25,16.22,16.29,archive
Well-12,2023-12-23,16.34,16.31,16.38,archive
Well-12,2023-12-24,16.34,16.31,16.38,archive
Well-12,2023-12-25,16.41,16.38,16.45,archive
Well-12,2023-12-26,16.49,16.46,16.53,archive
Well-12,2023-12-27,16.59,16.56,16.63,archive
Well-12,2023-12-28,16.7,16.67,16.74,archive
Well-12,2023-12-29,16.83,16.8,16.87,archive
Well-12,2023-12-30,16.85,16.82,16.89,archive
Well-12,2023-12-31,16.94,16.91,16.98,archive
Well-12,2024-01-01,16.96,16.93,17.0,archive
Well-12,2024-01-02,16.97,16.94,17.01,archive
Well-12,2024-01-03,16.97,16.94,17.01,archive
Well-12,2024-01-04,17.06,17.03,17.1,archive
Well-12,2024-01-05,17.86,17.83,17.9,archive
Well-12,2024-01-06,17.26,17.23,17.3,archive
Well-12,2024-01-07,17.21,17.18,17.25,archive
Well-12,2024-01-08,17.23,17.2,17.27,archive
Well-12,2024-01-09,17.25,17.22,17.29,archive
Well-12,2024-01-10,17.3,17.27,17.34,archive
Well-12,2024-01-11,17.3,17.27,17.34,archive
Well-12,2024-01-12,17.34,17.31,17.38,archive
Well-12,2024-01-13,17.4,17.37,17.44,archive
Well-12,2024-01-14,17.5,17.47,17.54,archive
Well-12,2024-01-15,17.45,17.42,17.49,archive
Well-12,2024-01-16,17.49,17.46,17.53,archive
Well-12,2024-01-17,17.55,17.52,17.59,archive
Well-12,2024-01-18,17.61,17.58,17.65,archive
Well-12,2024-01-19,17.57,17.54,17.61,archive
Well-12,2024-01-20,17.52,17.49,17.56,archive
Well-12,2024-01-21,17.52,17.49,17.56,archive
Well-12,2024-01-22,17.54,17.51,17.58,archive
Well-12,2024-01-23,17.59,17.56,17.63,archive
Well-12,2024-01-24,17.55,17.52,17.59,archive
Well-12,2024-01-25,17.62,17.59,17.66,archive
Well-12,2024-01-26,17.68,17.65,17.72,archive
Well-12,2024-01-27,17.78,17.75,17.82,archive
Well-12,2024-01-28,17.83,17.8,17.87,archive
Well-12,2024-01-29,17.85,17.82,17.89,archive
Well-12,2024-01-30,17.91,17.88,17.95,archive
Well-12,2024-01-31,17.9,17.87,17.94,archive
Well-12,2024-02-01,17.9,17.87,17.94,archive
Well-12,2024-02-02,17.98,17.95,18.02,archive
Well-12,2024-02-03,18.03,18.0,18.07,archive
Well-12,2024-02-04,18.05,18.02,18.09,archive
Well-12,2024-02-05,18.16,18.13,18.2,archive
Well-12,2024-02-06,18.15,18.12,18.19,archive
Well-12,2024-02-07,18.1,18.07,18.14,archive
Well-12,2024-02-08,18.07,18.04,18.11,archive
Well-12,2024-02-09,18.2,18.17,18.24,archive
Well-12,2024-02-10,18.21,18.18,18.25,archive
Well-12,2024-02-11,18.2,18.17,18.24,archive
Well-12,2024-02-12,18.27,18.24,18.31,archive
Well-12,2024-02-13,18.24,18.21,18.28,archive
Well-12,2024-02-14,18.35,18.32,18.39,archive
Well-12,2024-02-15,18.31,18.28,18.35,archive
Well-12,2024-02-16,19.74,19.71,19.78,archive
Well-12,2024-02-17,18.23,18.2,18.27,archive
Well-12,2024-02-18,18.22,18.19,18.26,archive
Well-12,2024-02-19,18.28,18.25,18.32,archive
Well-12,2024-02-20,18.27,18.24,18.31,archive
Well-12,2024-02-21,18.28,18.25,18.32,archive
Well-12,2024-02-22,18.25,18.22,18.29,archive
Well-12,2024-02-23,18.27,18.24,18.31,archive
Well-12,2024-02-24,18.24,18.21,18.28,archive
Well-12,2024-02-25,18.24,18.21,18.28,archive
Well-12,2024-02-26,18.25,18.22,18.29,archive
Well-12,2024-02-27,18.28,18.25,18.32,archive
Well-12,2024-02-28,18.26,18.23,18.3,archive
Well-12,2024-02-29,18.35,18.32,18.39,archive
Well-12,2024-03-01,18.29,18.26,18.33,archive
Well-12,2024-03-02,18.28,18.25,18.32,archive
Well-12,2024-03-03,18.19,18.16,18.23,archive
Well-12,2024-03-04,18.26,18.23,18.3,archive
Well-12,2024-03-05,18.33,18.3,18.37,archive
Well-12,2024-03-06,18.35,18.32,18.39,archive
Well-12,2024-03-07,18.34,18.31,18.38,archive
Well-12,2024-03-08,18.33,18.3,18.37,archive
Well-12,2024-03-09,18.31,18.28,18.35,archive
Well-12,2024-03-10,18.3,18.27,18.34,archive
Well-12,2024-03-11,18.23,18.2,18.27,archive
Well-12,2024-03-12,18.24,18.21,18.28,archive
Well-12,2024-03-13,18.19,18.16,18.23,archive
Well-12,2024-03-14,18.17,18.14,18.21,archive
Well-12,2024-03-15,18.11,18.08,18.15,archive
Well-12,2024-03-16,18.08,18.05,18.12,archive
Well-12,2024-03-17,18.05,18.02,18.09,archive
Well-12,2024-03-18,17.98,17.95,18.02,archive
Well-12,2024-03-19,18.01,17.98,18.05,archive
Well-12,2024-03-20,18.01,17.98,18.05,archive
Well-12,2024-03-21,18.02,17.99,18.06,archive
Well-12,2024-03-22,17.97,17.94,18.01,archive
Well-12,2024-03-23,18.95,18.92,18.99,archive
Well-12,2024-03-24,17.82,17.79,17.86,archive
Well-12,2024-03-25,17.79,17.76,17.83,archive
Well-12,2024-03-26,17.75,17.72,17.79,archive
Well-12,2024-03-27,17.74,17.71,17.78,archive
Well-12,2024-03-28,17.68,17.65,17.72,archive
Well-12,2024-03-29,17.62,17.59,17.66,archive
Well-12,2024-03-30,17.5,17.47,17.54,archive
Well-12,2024-03-31,17.47,17.44,17.51,archive
Well-12,2024-04-01,17.39,17.36,17.43,archive
Well-12,2024-04-02,17.26,17.23,17.3,archive
Well-12,2024-04-03,17.27,17.24,17.31,archive
Well-12,2024-04-04,17.25,17.22,17.29,archive
Well-12,2024-04-05,17.2,17.17,17.24,archive
Well-12,2024-04-06,17.14,17.11,17.18,archive
Well-12,2024-04-07,17.14,17.11,17.18,archive
Well-12,2024-04-08,17.04,17.01,17.08,archive
Well-12,2024-04-09,16.97,16.94,17.01,archive
Well-12,2024-04-10,16.86,16.83,16.9,archive
Well-12,2024-04-11,16.84,16.81,16.88,archive
Well-12,2024-04-12,16.77,16.74,16.81,archive
Well-12,2024-04-13,16.78,16.75,16.82,archive
Well-12,2024-04-14,16.73,16.7,16.77,archive
Well-12,2024-04-15,16.72,16.69,16.76,archive
Well-12,2024-04-16,16.76,16.73,16.8,archive
Well-12,2024-04-17,16.67,16.64,16.71,archive
Well-12,2024-04-18,16.68,16.65,16.72,archive
Well-12,2024-04-19,16.7,16.67,16.74,archive
Well-12,2024-04-20,16.64,16.61,16.68,archive
Well-12,2024-04-21,16.56,16.53,16.6,archive
Well-12,2024-04-22,16.59,16.56,16.63,archive
Well-12,2024-04-23,16.61,16.58,16.65,archive
Well-12,2024-04-24,16.54,16.51,16.58,archive
Well-12,2024-04-25,16.51,16.48,16.55,archive
Well-12,2024-04-26,16.5,16.47,16.54,archive
Well-12,2024-04-27,16.46,16.43,16.5,archive
Well-12,2024-04-28,16.3,16.27,16.34,archive
Well-12,2024-04-29,16.31,16.28,16.35,archive
Well-12,2024-04-30,16.21,16.18,16.25,archive
Well-12,2024-05-01,16.13,16.1,16.17,archive
Well-12,2024-05-02,16.04,16.01,16.08,archive
Well-12,2024-05-03,16.04,16.01,16.08,archive
Well-12,2024-05-04,15.96,15.93,16.0,archive
Well-12,2024-05-05,15.92,15.89,15.96,archive
Well-12,2024-05-06,15.92,15.89,15.96,archive
Well-12,2024-05-07,15.83,15.8,15.87,archive
Well-12,2024-05-08,15.79,15.76,15.83,archive
Well-12,2024-05-09,15.73,15.7,15.77,archive
Well-12,2024-05-10,15.64,15.61,15.68,archive
Well-12,2024-05-11,15.6,15.57,15.64,archive
Well-12,2024-05-12,15.6,15.57,15.64,archive
Well-12,2024-05-13,15.57,15.54,15.61,archive
Well-12,2024-05-14,15.5,15.47,15.54,archive
Well-12,2024-05-15,15.35,15.32,15.39,archive
Well-12,2024-05-16,15.33,15.3,15.37,archive
Well-12,2024-05-17,15.23,15.2,15.27,archive
Well-12,2024-05-18,15.18,15.15,15.22,archive
Well-12,2024-05-19,15.07,15.04,15.11,archive
Well-12,2024-05-20,15.09,15.06,15.13,archive
Well-12,2024-05-21,14.96,14.93,15.0,archive
Well-12,2024-05-22,14.96,14.93,15.0,archive
Well-12,2024-05-23,14.93,14.9,14.97,archive
Well-12,2024-05-24,14.88,14.85,14.92,archive
Well-12,2024-05-25,14.88,14.85,14.92,archive
Well-12,2024-05-26,14.85,14.82,14.89,archive
Well-12,2024-05-27,14.72,14.69,14.76,archive
Well-12,2024-05-28,14.73,14.7,14.77,archive
Well-12,2024-05-29,14.61,14.58,14.65,archive
Well-12,2024-05-30,14.56,14.53,14.6,archive
Well-12,2024-05-31,14.38,14.35,14.42,archive
Well-12,2024-06-01,14.34,14.31,14.38,archive
Well-12,2024-06-02,14.39,14.36,14.43,archive
Well-12,2024-06-03,14.28,14.25,14.32,archive
Well-12,2024-06-04,14.19,14.16,14.23,archive
Well-12,2024-06-05,14.23,14.2,14.27,archive
Well-12,2024-06-06,14.15,14.12,14.19,archive
Well-12,2024-06-07,14.03,14.0,14.07,archive
Well-12,2024-06-08,13.99,13.96,14.03,archive
Well-12,2024-06-09,13.91,13.88,13.95,archive
Well-12,2024-06-10,13.74,13.71,13.78,archive
Well-12,2024-06-11,13.67,13.64,13.71,archive
Well-12,2024-06-12,13.61,13.58,13.65,archive
Well-12,2024-06-13,13.6,13.57,13.64,archive
Well-12,2024-06-14,13.57,13.54,13.61,archive
Well-12,2024-06-15,13.55,13.52,13.59,archive
Well-12,2024-06-16,13.53,13.5,13.57,archive
Well-12,2024-06-17,13.54,13.51,13.58,archive
Well-12,2024-06-18,13.5,13.47,13.54,archive
Well-12,2024-06-19,13.48,13.45,13.52,archive
Well-12,2024-06-20,13.39,13.36,13.43,archive
Well-12,2024-06-21,13.35,13.32,13.39,archive
Well-12,2024-06-22,13.33,13.3,13.37,archive
Well-12,2024-06-23,13.27,13.24,13.31,archive
Well-12,2024-06-24,13.31,13.28,13.35,archive
Well-12,2024-06-25,13.17,13.14,13.21,archive
Well-12,2024-06-26,13.12,13.09,13.16,archive
Well-12,2024-06-27,13.09,13.06,13.13,archive
Well-12,2024-06-28,13.03,13.0,13.07,archive
Well-12,2024-06-29,13.03,13.0,13.07,archive
Well-12,2024-06-30,13.01,12.98,13.05,archive
Well-12,2024-07-01,13.04,13.01,13.08,archive
Well-12,2024-07-02,12.94,12.91,12.98,archive
Well-12,2024-07-03,12.87,12.84,12.91,archive
Well-12,2024-07-04,12.81,12.78,12.85,archive
Well-12,2024-07-05,12.78,12.75,12.82,archive
Well-12,2024-07-06,12.73,12.7,12.77,archive
Well-12,2024-07-07,12.7,12.67,12.74,archive
Well-12,2024-07-08,12.64,12.61,12.68,archive
Well-12,2024-07-09,12.6,12.57,12.64,archive
Well-12,2024-07-10,12.6,12.57,12.64,archive
Well-12,2024-07-11,12.46,12.43,12.5,archive
Well-12,2024-07-12,12.37,12.34,12.41,archive
Well-12,2024-07-13,12.26,12.23,12.3,archive
Well-12,2024-07-14,12.17,12.14,12.21,archive
Well-12,2024-07-15,12.15,12.12,12.19,archive
Well-12,2024-07-16,12.1,12.07,12.14,archive
Well-12,2024-07-17,12.02,11.99,12.06,archive
Well-12,2024-07-18,11.97,11.94,12.01,archive
Well-12,2024-07-19,12.05,12.02,12.09,archive
Well-12,2024-07-20,11.99,11.96,12.03,archive
Well-12,2024-07-21,11.97,11.94,12.01,archive
Well-12,2024-07-22,11.99,11.96,12.03,archive
Well-12,2024-07-23,11.9,11.87,11.94,archive
Well-12,2024-07-24,11.8,11.77,11.84,archive
Well-12,2024-07-25,11.78,11.75,11.82,archive
Well-12,2024-07-26,11.76,11.73,11.8,archive
Well-12,2024-07-27,11.75,11.72,11.79,archive
Well-12,2024-07-28,11.73,11.7,11.77,archive
Well-12,2024-07-29,11.74,11.71,11.78,archive
Well-12,2024-07-30,11.79,11.76,11.83,archive
Well-12,2024-07-31,11.87,11.84,11.91,archive
Well-12,2024-08-01,11.84,11.81,11.88,archive
Well-12,2024-08-02,11.78,11.75,11.82,archive
Well-12,2024-08-03,11.72,11.69,11.76,archive
Well-12,2024-08-04,11.73,11.7,11.77,archive
Well-12,2024-08-05,11.7,11.67,11.74,archive
Well-12,2024-08-06,11.69,11.66,11.73,archive
Well-12,2024-08-07,11.66,11.63,11.7,archive
Well-12,2024-08-08,11.65,11.62,11.69,archive
Well-12,2024-08-09,11.7,11.67,11.74,archive
Well-12,2024-08-10,11.73,11.7,11.77,archive
Well-12,2024-08-11,11.63,11.6,11.67,archive
Well-12,2024-08-12,11.64,11.61,11.68,archive
Well-12,2024-08-13,11.63,11.6,11.67,archive
Well-12,2024-08-14,11.62,11.59,11.66,archive
Well-12,2024-08-15,11.6,11.57,11.64,archive
Well-12,2024-08-16,11.73,11.7,11.77,archive
Well-12,2024-08-17,11.68,11.65,11.72,archive
Well-12,2024-08-18,11.69,11.66,11.73,archive
Well-12,2024-08-19,11.75,11.72,11.79,archive
Well-12,2024-08-20,11.71,11.68,11.75,archive
Well-12,2024-08-21,11.65,11.62,11.69,archive
Well-12,2024-08-22,11.53,11.5,11.57,archive
Well-12,2024-08-23,11.55,11.52,11.59,archive
Well-12,2024-08-24,11.49,11.46,11.53,archive
Well-12,2024-08-25,11.45,11.42,11.49,archive
Well-12,2024-08-26,11.41,11.38,11.45,archive
Well-12,2024-08-27,11.41,11.38,11.45,archive
Well-12,2024-08-28,11.38,11.35,11.42,archive
Well-12,2024-08-29,11.36,11.33,11.4,archive
Well-12,2024-08-30,11.42,11.39,11.46,archive
Well-12,2024-08-31,11.47,11.44,11.51,archive
Well-12,2024-09-01,11.44,11.41,11.48,archive
Well-12,2024-09-02,11.5,11.47,11.54,archive
Well-12,2024-09-03,11.53,11.5,11.57,archive
Well-12,2024-09-04,11.52,11.49,11.56,archive
Well-12,2024-09-05,11.51,11.48,11.55,archive
Well-12,2024-09-06,11.51,11.48,11.55,archive
Well-12,2024-09-07,11.59,11.56,11.63,archive
Well-12,2024-09-08,11.57,11.54,11.61,archive
Well-12,2024-09-09,11.5,11.47,11.54,archive
Well-12,2024-09-10,11.48,11.45,11.52,archive
Well-12,2024-09-11,11.52,11.49,11.56,archive
Well-12,2024-09-12,11.53,11.5,11.57,archive
Well-12,2024-09-13,11.6,11.57,11.64,archive
Well-12,2024-09-14,11.65,11.62,11.69,archive
Well-12,2024-09-15,11.74,11.71,11.78,archive
Well-12,2024-09-16,11.8,11.77,11.84,archive
Well-12,2024-09-17,11.8,11.77,11.84,archive
Well-12,2024-09-18,11.79,11.76,11.83,archive
Well-12,2024-09-19,11.8,11.77,11.84,archive
Well-12,2024-09-20,11.77,11.74,11.81,archive
Well-12,2024-09-21,11.93,11.9,11.97,archive
Well-12,2024-09-22,12.0,11.97,12.04,archive
Well-12,2024-09-23,11.99,11.96,12.03,archive
Well-12,2024-09-24,12.01,11.98,12.05,archive
Well-12,2024-09-25,11.97,11.94,12.01,archive
Well-12,2024-09-26,12.03,12.0,12.07,archive
Well-12,2024-09-27,12.1,12.07,12.14,archive
Well-12,2024-09-28,12.11,12.08,12.15,archive
Well-12,2024-09-29,12.2,12.17,12.24,archive
Well-12,2024-09-30,12.21,12.18,12.25,archive
Well-12,2024-10-01,12.12,12.09,12.16,archive
Well-12,2024-10-02,12.14,12.11,12.18,archive
Well-12,2024-10-03,12.14,12.11,12.18,archive
Well-12,2024-10-04,12.08,12.05,12.12,archive
Well-12,2024-10-05,12.16,12.13,12.2,archive
Well-12,2024-10-06,12.21,12.18,12.25,archive
Well-12,2024-10-07,12.29,12.26,12.33,archive
Well-12,2024-10-08,12.31,12.28,12.35,archive
Well-12,2024-10-09,12.43,12.4,12.47,archive
Well-12,2024-10-10,12.44,12.41,12.48,archive
Well-12,2024-10-11,12.41,12.38,12.45,archive
Well-12,2024-10-12,12.52,12.49,12.56,archive
Well-12,2024-10-13,12.65,12.62,12.69,archive
Well-12,2024-10-14,12.63,12.6,12.67,archive
Well-12,2024-10-15,12.72,12.69,12.76,archive
Well-12,2024-10-16,12.77,12.74,12.81,archive
Well-12,2024-10-17,12.72,12.69,12.76,archive
Well-12,2024-10-18,12.74,12.71,12.78,archive
Well-12,2024-10-19,12.85,12.82,12.89,archive
Well-12,2024-10-20,12.82,12.79,12.86,archive
Well-12,2024-10-21,12.8,12.77,12.84,archive
Well-12,2024-10-22,12.8,12.77,12.84,archive
Well-12,2024-10-23,12.9,12.87,12.94,archive
Well-12,2024-10-24,12.89,12.86,12.93,archive
Well-12,2024-10-25,12.96,12.93,13.0,archive
Well-12,2024-10-26,13.12,13.09,13.16,archive
Well-12,2024-10-27,13.17,13.14,13.21,archive
Well-12,2024-10-28,13.22,13.19,13.26,archive
Well-12,2024-10-29,13.34,13.31,13.38,archive
Well-12,2024-10-30,13.43,13.4,13.47,archive
Well-12,2024-10-31,13.52,13.49,13.56,archive
Well-12,2024-11-01,13.56,13.53,13.6,archive
Well-12,2024-11-02,13.62,13.59,13.66,archive
Well-12,2024-11-03,13.72,13.69,13.76,archive
Well-12,2024-11-04,13.82,13.79,13.86,archive
Well-12,2024-11-05,13.91,13.88,13.95,archive
Well-12,2024-11-06,13.97,13.94,14.01,archive
Well-12,2024-11-07,14.1,14.07,14.14,archive
Well-12,2024-11-08,14.15,14.12,14.19,archive
Well-12,2024-11-09,14.13,14.1,14.17,archive
Well-12,2024-11-10,14.19,14.16,14.23,archive
Well-12,2024-11-11,14.25,14.22,14.29,archive
Well-12,2024-11-12,14.37,14.34,14.41,archive
Well-12,2024-11-13,14.4,14.37,14.44,archive
Well-12,2024-11-14,14.52,14.49,14.56,archive
Well-12,2024-11-15,14.56,14.53,14.6,archive
Well-12,2024-11-16,14.55,14.52,14.59,archive
Well-12,2024-11-17,14.59,14.56,14.63,archive
Well-12,2024-11-18,14.63,14.6,14.67,archive
Well-12,2024-11-19,14.71,14.68,14.75,archive
Well-12,2024-11-20,14.78,14.75,14.82,archive
Well-12,2024-11-21,14.83,14.8,14.87,archive
Well-12,2024-11-22,14.85,14.82,14.89,archive
Well-12,2024-11-23,14.87,14.84,14.91,archive
Well-12,2024-11-24,15.0,14.97,15.04,archive
Well-12,2024-11-25,14.96,14.93,15.0,archive
Well-12,2024-11-26,15.04,15.01,15.08,archive
Well-12,2024-11-27,15.14,15.11,15.18,archive
Well-12,2024-11-28,15.23,15.2,15.27,archive
Well-12,2024-11-29,15.28,15.25,15.32,archive
Well-12,2024-11-30,15.33,15.3,15.37,archive
Well-12,2024-12-01,15.37,15.34,15.41,archive
Well-12,2024-12-02,15.37,15.34,15.41,archive
Well-12,2024-12-03,15.44,15.41,15.48,archive
Well-12,2024-12-04,15.43,15.4,15.47,archive
Well-12,2024-12-05,15.49,15.46,15.53,archive
Well-12,2024-12-06,15.58,15.55,15.62,archive
Well-12,2024-12-07,15.64,15.61,15.68,archive
Well-12,2024-12-08,15.72,15.69,15.76,archive
Well-12,2024-12-09,15.74,15.71,15.78,archive
Well-12,2024-12-10,15.82,15.79,15.86,archive
Well-12,2024-12-11,15.87,15.84,15.91,archive
Well-12,2024-12-12,16.04,16.01,16.08,archive
Well-12,2024-12-13,16.09,16.06,16.13,archive
Well-12,2024-12-14,16.03,16.0,16.07,archive
Well-12,2024-12-15,16.03,16.0,16.07,archive
Well-12,2024-12-16,16.03,16.0,16.07,archive
Well-12,2024-12-17,16.12,16.09,16.16,archive
Well-12,2024-12-18,16.2,16.17,16.24,archive
Well-12,2024-12-19,16.27,16.24,16.31,archive
Well-12,2024-12-20,16.35,16.32,16.39,archive
Well-12,2024-12-21,16.37,16.34,16.41,archive
Well-12,2024-12-22,17.31,17.28,17.35,archive
Well-12,2024-12-23,16.37,16.34,16.41,archive
Well-12,2024-12-24,16.36,16.33,16.4,archive
Well-12,2024-12-25,16.41,16.38,16.45,archive
Well-12,2024-12-26,16.5,16.47,16.54,archive
Well-12,2024-12-27,16.55,16.52,16.59,archive
Well-12,2024-12-28,16.6,16.57,16.64,archive
Well-12,2024-12-29,16.7,16.67,16.74,archive
Well-12,2024-12-30,16.8,16.77,16.84,archive
Well-12,2024-12-31,16.92,16.89,16.96,archive
Well-12,2025-01-01,16.86,16.83,16.9,archive
Well-12,2025-01-02,17.87,17.84,17.91,archive
Well-12,2025-01-03,17.05,17.02,17.09,archive
Well-12,2025-01-04,17.03,17.0,17.07,archive
Well-12,2025-01-05,17.09,17.06,17.13,archive
Well-12,2025-01-06,17.17,17.14,17.21,archive
Well-12,2025-01-07,17.21,17.18,17.25,archive
Well-12,2025-01-08,17.21,17.18,17.25,archive
Well-12,2025-01-09,17.16,17.13,17.2,archive
Well-12,2025-01-10,17.18,17.15,17.22,archive
Well-12,2025-01-11,17.16,17.13,17.2,archive
Well-12,2025-01-12,17.24,17.21,17.28,archive
Well-12,2025-01-13,17.19,17.16,17.23,archive
Well-12,2025-01-14,17.22,17.19,17.26,archive
Well-12,2025-01-15,17.3,17.27,17.34,archive
Well-12,2025-01-16,17.35,17.32,17.39,archive
Well-12,2025-01-17,17.4,17.37,17.44,archive
Well-12,2025-01-18,17.53,17.5,17.57,archive
Well-12,2025-01-19,17.51,17.48,17.55,archive
Well-12,2025-01-20,17.66,17.63,17.7,archive
Well-12,2025-01-21,17.64,17.61,17.68,archive
Well-12,2025-01-22,17.8,17.77,17.84,archive
Well-12,2025-01-23,17.82,17.79,17.86,archive
Well-12,2025-01-24,17.81,17.78,17.85,archive
Well-12,2025-01-25,17.82,17.79,17.86,archive
Well-12,2025-01-26,17.93,17.9,17.97,archive
Well-12,2025-01-27,17.92,17.89,17.96,archive
Well-12,2025-01-28,17.93,17.9,17.97,archive
Well-12,2025-01-29,17.98,17.95,18.02,archive
Well-12,2025-01-30,17.98,17.95,18.02,archive
Well-12,2025-01-31,18.06,18.03,18.1,archive
Well-12,2025-02-01,18.06,18.03,18.1,archive
Well-12,2025-02-02,18.07,18.04,18.11,archive
Well-12,2025-02-03,18.06,18.03,18.1,archive
Well-12,2025-02-04,18.1,18.07,18.14,archive
Well-12,2025-02-05,18.07,18.04,18.11,archive
Well-12,2025-02-06,18.05,18.02,18.09,archive
Well-12,2025-02-07,18.15,18.12,18.19,archive
Well-12,2025-02-08,18.13,18.1,18.17,archive
Well-12,2025-02-09,18.18,18.15,18.22,archive
Well-12,2025-02-10,18.26,18.23,18.3,archive
Well-12,2025-02-11,18.26,18.23,18.3,archive
Well-12,2025-02-12,18.28,18.25,18.32,archive
Well-12,2025-02-13,18.26,18.23,18.3,archive
Well-12,2025-02-14,18.22,18.19,18.26,archive
Well-12,2025-02-15,18.25,18.22,18.29,archive
Well-12,2025-02-16,18.22,18.19,18.26,archive
Well-12,2025-02-17,18.26,18.23,18.3,archive
Well-12,2025-02-18,18.26,18.23,18.3,archive
Well-12,2025-02-19,18.26,18.23,18.3,archive
Well-12,2025-02-20,18.2,18.17,18.24,archive
Well-12,2025-02-21,18.24,18.21,18.28,archive
Well-12,2025-02-22,18.27,18.24,18.31,archive
Well-12,2025-02-23,18.27,18.24,18.31,archive
Well-12,2025-02-24,18.31,18.28,18.35,archive
Well-12,2025-02-25,18.3,18.27,18.34,archive
Well-12,2025-02-26,18.27,18.24,18.31,archive
Well-12,2025-02-27,18.28,18.25,18.32,archive
Well-12,2025-02-28,18.24,18.21,18.28,archive
Well-12,2025-03-01,18.25,18.22,18.29,archive
Well-12,2025-03-02,18.22,18.19,18.26,archive
Well-12,2025-03-03,18.21,18.18,18.25,archive
Well-12,2025-03-04,18.28,18.25,18.32,archive
Well-12,2025-03-05,18.25,18.22,18.29,archive
Well-12,2025-03-06,18.27,18.24,18.31,archive
Well-12,2025-03-07,18.16,18.13,18.2,archive
Well-12,2025-03-08,18.21,18.18,18.25,archive
Well-12,2025-03-09,18.3,18.27,18.34,archive
Well-12,2025-03-10,18.28,18.25,18.32,archive
Well-12,2025-03-11,18.27,18.24,18.31,archive
Well-12,2025-03-12,18.27,18.24,18.31,archive
Well-12,2025-03-13,18.31,18.28,18.35,archive
Well-12,2025-03-14,18.28,18.25,18.32,archive
Well-12,2025-03-15,18.24,18.21,18.28,archive
Well-12,2025-03-16,18.26,18.23,18.3,archive
Well-12,2025-03-17,18.27,18.24,18.31,archive
Well-12,2025-03-18,18.34,18.31,18.38,archive
Well-12,2025-03-19,18.31,18.28,18.35,archive
Well-12,2025-03-20,18.32,18.29,18.36,archive
Well-12,2025-03-21,18.26,18.23,18.3,archive
Well-12,2025-03-22,18.18,18.15,18.22,archive
Well-12,2025-03-23,18.12,18.09,18.16,archive
Well-12,2025-03-24,18.01,17.98,18.05,archive
Well-12,2025-03-25,17.97,17.94,18.01,archive
Well-12,2025-03-26,17.96,17.93,18.0,archive
Well-12,2025-03-27,17.91,17.88,17.95,archive
Well-12,2025-03-28,17.9,17.87,17.94,archive
Well-12,2025-03-29,18.93,18.9,18.97,archive
Well-12,2025-03-30,18.0,17.97,18.04,archive
Well-12,2025-03-31,18.0,17.97,18.04,archive
Well-12,2025-04-01,17.8,17.77,17.84,archive
Well-12,2025-04-02,17.7,17.67,17.74,archive
Well-12,2025-04-03,17.66,17.63,17.7,archive
Well-12,2025-04-04,17.54,17.51,17.58,archive
Well-12,2025-04-05,17.46,17.43,17.5,archive
Well-12,2025-04-06,17.4,17.37,17.44,archive
Well-12,2025-04-07,17.32,17.29,17.36,archive
Well-12,2025-04-08,17.3,17.27,17.34,archive
Well-12,2025-04-09,17.21,17.18,17.25,archive
Well-12,2025-04-10,17.11,17.08,17.15,archive
Well-12,2025-04-11,16.98,16.95,17.02,archive
Well-12,2025-04-12,16.98,16.95,17.02,archive
Well-12,2025-04-13,16.92,16.89,16.96,archive
Well-12,2025-04-14,16.91,16.88,16.95,archive
Well-12,2025-04-15,16.96,16.93,17.0,archive
Well-12,2025-04-16,16.85,16.82,16.89,archive
Well-12,2025-04-17,16.85,16.82,16.89,archive
Well-12,2025-04-18,16.74,16.71,16.78,archive
Well-12,2025-04-19,16.65,16.62,16.69,archive
Well-12,2025-04-20,16.6,16.57,16.64,archive
Well-12,2025-04-21,16.55,16.52,16.59,archive
Well-12,2025-04-22,16.49,16.46,16.53,archive
Well-12,2025-04-23,16.41,16.38,16.45,archive
Well-12,2025-04-24,16.41,16.38,16.45,archive
Well-12,2025-04-25,16.42,16.39,16.46,archive
Well-12,2025-04-26,16.34,16.31,16.38,archive
Well-12,2025-04-27,16.36,16.33,16.4,archive
Well-12,2025-04-28,16.33,16.3,16.37,archive
Well-12,2025-04-29,16.27,16.24,16.31,archive
Well-12,2025-04-30,16.2,16.17,16.24,archive
Well-12,2025-05-01,16.1,16.07,16.14,archive
Well-12,2025-05-02,15.96,15.93,16.0,archive
Well-12,2025-05-03,16.0,15.97,16.04,archive
Well-12,2025-05-04,15.98,15.95,16.02,archive
Well-12,2025-05-05,15.96,15.93,16.0,archive
Well-12,2025-05-06,15.89,15.86,15.93,archive
Well-12,2025-05-07,15.9,15.87,15.94,archive
Well-12,2025-05-08,15.97,15.94,16.01,archive
Well-12,2025-05-09,15.84,15.81,15.88,archive
Well-12,2025-05-10,15.77,15.74,15.81,archive
Well-12,2025-05-11,15.72,15.69,15.76,archive
Well-12,2025-05-12,15.67,15.64,15.71,archive
Well-12,2025-05-13,15.59,15.56,15.63,archive
Well-12,2025-05-14,15.51,15.48,15.55,archive
Well-12,2025-05-15,15.47,15.44,15.51,archive
Well-12,2025-05-16,15.38,15.35,15.42,archive
Well-12,2025-05-17,15.37,15.34,15.41,archive
Well-12,2025-05-18,15.36,15.33,15.4,archive
Well-12,2025-05-19,15.31,15.28,15.35,archive
Well-12,2025-05-20,15.25,15.22,15.29,archive
Well-12,2025-05-21,15.19,15.16,15.23,archive
Well-12,2025-05-22,15.22,15.19,15.26,archive
Well-12,2025-05-23,15.2,15.17,15.24,archive
Well-12,2025-05-24,15.12,15.09,15.16,archive
Well-12,2025-05-25,15.05,15.02,15.09,archive
Well-12,2025-05-26,14.96,14.93,15.0,archive
Well-12,2025-05-27,14.86,14.83,14.9,archive
Well-12,2025-05-28,14.78,14.75,14.82,archive
Well-12,2025-05-29,14.66,14.63,14.7,archive
Well-12,2025-05-30,14.62,14.59,14.66,archive
Well-12,2025-05-31,14.54,14.51,14.58,archive
Well-12,2025-06-01,14.59,14.56,14.63,archive
Well-12,2025-06-02,14.55,14.52,14.59,archive
Well-12,2025-06-03,14.45,14.42,14.49,archive
Well-12,2025-06-04,14.46,14.43,14.5,archive
Well-12,2025-06-05,14.39,14.36,14.43,archive
Well-12,2025-06-06,14.34,14.31,14.38,archive
Well-12,2025-06-07,14.35,14.32,14.39,archive
Well-12,2025-06-08,14.28,14.25,14.32,archive
Well-12,2025-06-09,14.26,14.23,14.3,archive
Well-12,2025-06-10,14.23,14.2,14.27,archive
Well-12,2025-06-11,14.19,14.16,14.23,archive
Well-12,2025-06-12,14.17,14.14,14.21,archive
Well-12,2025-06-13,14.01,13.98,14.05,archive
Well-12,2025-06-14,13.9,13.87,13.94,archive
Well-12,2025-06-15,13.84,13.81,13.88,archive
Well-12,2025-06-16,13.79,13.76,13.83,archive
Well-12,2025-06-17,13.75,13.72,13.79,archive
Well-12,2025-06-18,13.63,13.6,13.67,archive
Well-12,2025-06-19,13.5,13.47,13.54,archive
Well-12,2025-06-20,13.46,13.43,13.5,archive
Well-12,2025-06-21,13.44,13.41,13.48,archive
Well-12,2025-06-22,13.48,13.45,13.52,archive
Well-12,2025-06-23,13.43,13.4,13.47,archive
Well-12,2025-06-24,13.33,13.3,13.37,archive
Well-12,2025-06-25,13.33,13.3,13.37,archive
Well-12,2025-06-26,13.25,13.22,13.29,archive
Well-12,2025-06-27,13.26,13.23,13.3,archive
Well-12,2025-06-28,13.17,13.14,13.21,archive
Well-12,2025-06-29,13.16,13.13,13.2,archive
Well-12,2025-06-30,13.02,12.99,13.06,archive
Well-12,2025-07-01,12.95,12.92,12.99,archive
Well-12,2025-07-02,12.93,12.9,12.97,archive
Well-12,2025-07-03,12.93,12.9,12.97,archive
Well-12,2025-07-04,12.92,12.89,12.96,archive
Well-12,2025-07-05,12.87,12.84,12.91,archive
Well-12,2025-07-06,12.77,12.74,12.81,archive
Well-12,2025-07-07,12.74,12.71,12.78,archive
Well-12,2025-07-08,12.73,12.7,12.77,archive
Well-12,2025-07-09,12.65,12.62,12.69,archive
Well-12,2025-07-10,12.6,12.57,12.64,archive
Well-12,2025-07-11,12.56,12.53,12.6,archive
Well-12,2025-07-12,12.53,12.5,12.57,archive
Well-12,2025-07-13,12.58,12.55,12.62,archive
Well-12,2025-07-14,12.56,12.53,12.6,archive
Well-12,2025-07-15,12.54,12.51,12.58,archive
Well-12,2025-07-16,12.49,12.46,12.53,archive
Well-12,2025-07-17,12.48,12.45,12.52,archive
Well-12,2025-07-18,12.43,12.4,12.47,archive
Well-12,2025-07-19,12.36,12.33,12.4,archive
Well-12,2025-07-20,12.41,12.38,12.45,archive
Well-12,2025-07-21,12.42,12.39,12.46,archive
Well-12,2025-07-22,12.33,12.3,12.37,archive
Well-12,2025-07-23,12.24,12.21,12.28,archive
Well-12,2025-07-24,12.16,12.13,12.2,archive
Well-12,2025-07-25,12.13,12.1,12.17,archive
Well-12,2025-07-26,12.08,12.05,12.12,archive
Well-12,2025-07-27,12.02,11.99,12.06,archive
Well-12,2025-07-28,12.03,12.0,12.07,archive
Well-12,2025-07-29,12.01,11.98,12.05,archive
Well-12,2025-07-30,11.89,11.86,11.93,archive
Well-12,2025-07-31,11.88,11.85,11.92,archive
Well-12,2025-08-01,11.83,11.8,11.87,archive
Well-12,2025-08-02,11.93,11.9,11.97,archive
Well-12,2025-08-03,11.84,11.81,11.88,archive
Well-12,2025-08-04,11.81,11.78,11.85,archive
Well-12,2025-08-05,11.77,11.74,11.81,archive
Well-12,2025-08-06,11.73,11.7,11.77,archive
Well-12,2025-08-07,11.73,11.7,11.77,archive
Well-12,2025-08-08,11.76,11.73,11.8,archive
Well-12,2025-08-09,11.72,11.69,11.76,archive
Well-12,2025-08-10,11.67,11.64,11.71,archive
Well-12,2025-08-11,11.68,11.65,11.72,archive
Well-12,2025-08-12,11.64,11.61,11.68,archive
Well-12,2025-08-13,11.6,11.57,11.64,archive
Well-12,2025-08-14,11.64,11.61,11.68,archive
Well-12,2025-08-15,11.73,11.7,11.77,archive
Well-12,2025-08-16,11.66,11.63,11.7,archive
Well-12,2025-08-17,11.69,11.66,11.73,archive
Well-12,2025-08-18,11.69,11.66,11.73,archive
Well-12,2025-08-19,11.76,11.73,11.8,archive
Well-12,2025-08-20,11.66,11.63,11.7,archive
Well-12,2025-08-21,11.68,11.65,11.72,archive
Well-12,2025-08-22,11.73,11.7,11.77,archive
Well-12,2025-08-23,11.72,11.69,11.76,archive
Well-12,2025-08-24,11.71,11.68,11.75,archive
Well-12,2025-08-25,11.71,11.68,11.75,archive
Well-12,2025-08-26,11.68,11.65,11.72,archive
Well-12,2025-08-27,11.67,11.64,11.71,archive
Well-12,2025-08-28,11.66,11.63,11.7,archive
Well-12,2025-08-29,11.72,11.69,11.76,archive
Well-12,2025-08-30,11.73,11.7,11.77,archive
Well-12,2025-08-31,11.72,11.69,11.76,archive
Well-12,2025-09-01,11.66,11.63,11.7,archive
Well-12,2025-09-02,11.66,11.63,11.7,archive
Well-12,2025-09-03,11.61,11.58,11.65,archive
Well-12,2025-09-04,11.63,11.6,11.67,archive
Well-12,2025-09-05,11.72,11.69,11.76,archive
Well-12,2025-09-06,11.71,11.68,11.75,archive
Well-12,2025-09-07,11.68,11.65,11.72,archive
Well-12,2025-09-08,11.76,11.73,11.8,archive
Well-12,2025-09-09,11.7,11.67,11.74,archive
Well-12,2025-09-10,11.69,11.66,11.73,archive
Well-12,2025-09-11,11.77,11.74,11.81,archive
Well-12,2025-09-12,11.84,11.81,11.88,archive
Well-12,2025-09-13,11.83,11.8,11.87,archive
Well-12,2025-09-14,11.77,11.74,11.81,archive
Well-12,2025-09-15,11.8,11.77,11.84,archive
Well-12,2025-09-16,11.74,11.71,11.78,archive
Well-12,2025-09-17,11.72,11.69,11.76,archive
Well-12,2025-09-18,11.75,11.72,11.79,archive
Well-12,2025-09-19,11.78,11.75,11.82,archive
Well-12,2025-09-20,11.85,11.82,11.89,archive
Well-12,2025-09-21,11.88,11.85,11.92,archive
Well-12,2025-09-22,11.95,11.92,11.99,archive
Well-12,2025-09-23,12.08,12.05,12.12,archive
Well-12,2025-09-24,12.12,12.09,12.16,archive
Well-12,2025-09-25,12.23,12.2,12.27,archive
Well-12,2025-09-26,12.21,12.18,12.25,archive
Well-12,2025-09-27,12.22,12.19,12.26,archive
Well-12,2025-09-28,12.2,12.17,12.24,archive
Well-12,2025-09-29,12.21,12.18,12.25,archive
Well-12,2025-09-30,12.19,12.16,12.23,archive
Well-12,2025-10-01,12.2,12.17,12.24,archive
Well-12,2025-10-02,12.31,12.28,12.35,archive
Well-12,2025-10-03,12.39,12.36,12.43,archive
Well-12,2025-10-04,12.45,12.42,12.49,archive
Well-12,2025-10-05,12.48,12.45,12.52,archive
Well-12,2025-10-06,12.52,12.49,12.56,archive
Well-12,2025-10-07,12.55,12.52,12.59,archive
Well-12,2025-10-08,12.58,12.55,12.62,archive
Well-12,2025-10-09,12.65,12.62,12.69,archive
Well-12,2025-10-10,12.61,12.58,12.65,archive
Well-12,2025-10-11,12.59,12.56,12.63,archive
Well-12,2025-10-12,12.64,12.61,12.68,archive
Well-12,2025-10-13,12.62,12.59,12.66,archive
Well-12,2025-10-14,12.64,12.61,12.68,archive
Well-12,2025-10-15,12.64,12.61,12.68,archive
Well-12,2025-10-16,12.78,12.75,12.82,archive
Well-12,2025-10-17,12.75,12.72,12.79,archive
Well-12,2025-10-18,12.84,12.81,12.88,archive
Well-12,2025-10-19,12.85,12.82,12.89,archive
Well-12,2025-10-20,12.99,12.96,13.03,archive
Well-12,2025-10-21,13.01,12.98,13.05,archive
Well-12,2025-10-22,13.05,13.02,13.09,archive
Well-12,2025-10-23,13.12,13.09,13.16,archive
Well-12,2025-10-24,13.08,13.05,13.12,archive
Well-12,2025-10-25,13.12,13.09,13.16,archive
Well-12,2025-10-26,13.16,13.13,13.2,archive
Well-12,2025-10-27,13.18,13.15,13.22,archive
Well-12,2025-10-28,13.24,13.21,13.28,archive
Well-12,2025-10-29,13.39,13.36,13.43,archive
Well-12,2025-10-30,13.4,13.37,13.44,archive
Well-12,2025-10-31,13.51,13.48,13.55,archive
Well-12,2025-11-01,13.56,13.53,13.6,archive
Well-12,2025-11-02,13.69,13.66,13.73,archive
Well-12,2025-11-03,13.73,13.7,13.77,archive
Well-12,2025-11-04,13.75,13.72,13.79,archive
Well-12,2025-11-05,13.76,13.73,13.8,archive
Well-12,2025-11-06,13.85,13.82,13.89,archive
Well-12,2025-11-07,13.88,13.85,13.92,archive
Well-12,2025-11-08,13.98,13.95,14.02,archive
Well-12,2025-11-09,14.06,14.03,14.1,archive
Well-12,2025-11-10,14.09,14.06,14.13,archive
Well-12,2025-11-11,14.2,14.17,14.24,archive
Well-12,2025-11-12,14.22,14.19,14.26,archive
Well-12,2025-11-13,14.18,14.15,14.22,archive
Well-12,2025-11-14,14.34,14.31,14.38,archive
Well-12,2025-11-15,14.44,14.41,14.48,archive
Well-12,2025-11-16,14.44,14.41,14.48,archive
Well-12,2025-11-17,14.43,14.4,14.47,archive
Well-12,2025-11-18,14.46,14.43,14.5,archive
Well-12,2025-11-19,14.57,14.54,14.61,archive
Well-12,2025-11-20,14.6,14.57,14.64,archive
Well-12,2025-11-21,14.62,14.59,14.66,archive
Well-12,2025-11-22,14.65,14.62,14.69,archive
Well-12,2025-11-23,14.74,14.71,14.78,archive
Well-12,2025-11-24,14.83,14.8,14.87,archive
Well-12,2025-11-25,14.95,14.92,14.99,archive
Well-12,2025-11-26,16.31,16.28,16.35,archive
Well-12,2025-11-27,15.05,15.02,15.09,archive
Well-12,2025-11-28,15.06,15.03,15.1,archive
Well-12,2025-11-29,15.13,15.1,15.17,archive
Well-12,2025-11-30,15.27,15.24,15.31,archive
Well-12,2025-12-01,15.36,15.33,15.4,archive
Well-12,2025-12-02,15.51,15.48,15.55,archive
Well-12,2025-12-03,15.6,15.57,15.64,archive
Well-12,2025-12-04,15.68,15.65,15.72,archive
Well-12,2025-12-05,15.66,15.63,15.7,archive
Well-12,2025-12-06,15.69,15.66,15.73,archive
Well-12,2025-12-07,15.71,15.68,15.75,archive
Well-12,2025-12-08,15.75,15.72,15.79,archive
Well-12,2025-12-09,15.89,15.86,15.93,archive
Well-12,2025-12-10,16.7,16.67,16.74,archive
Well-12,2025-12-11,16.0,15.97,16.04,archive
Well-12,2025-12-12,16.05,16.02,16.09,archive
Well-12,2025-12-13,15.99,15.96,16.03,archive
Well-12,2025-12-14,16.07,16.04,16.11,archive
Well-12,2025-12-15,16.15,16.12,16.19,live
Well-12,2025-12-16,16.24,16.21,16.28,live
Well-12,2025-12-17,16.23,16.2,16.27,live
Well-12,2025-12-18,16.26,16.23,16.3,live
Well-12,2025-12-19,16.26,16.23,16.3,live
Well-12,2025-12-20,16.38,16.35,16.42,live
Well-12,2025-12-21,16.39,16.36,16.43,live
Well-12,2025-12-22,16.42,16.39,16.46,live
Well-12,2025-12-23,16.43,16.4,16.47,live
Well-12,2025-12-24,16.45,16.42,16.49,live
Well-12,2025-12-25,16.53,16.5,16.57,live
Well-12,2025-12-26,16.57,16.54,16.61,live
Well-12,2025-12-27,16.63,16.6,16.67,live
Well-12,2025-12-28,16.6,16.57,16.64,live
Well-12,2025-12-29,16.63,16.6,16.67,live
Well-12,2025-12-30,16.62,16.59,16.66,live
Well-12,2025-12-31,16.75,16.72,16.79,live
Well-12,2026-01-01,16.88,16.85,16.92,live
Well-12,2026-01-02,16.89,16.86,16.93,live
Well-12,2026-01-03,16.93,16.9,16.97,live
Well-12,2026-01-04,17.05,17.02,17.09,live
Well-12,2026-01-05,17.12,17.09,17.16,live
Well-12,2026-01-06,17.15,17.12,17.19,live
Well-12,2026-01-07,17.21,17.18,17.25,live
Well-12,2026-01-08,17.29,17.26,17.33,live
Well-12,2026-01-09,17.33,17.3,17.37,live
Well-12,2026-01-10,17.34,17.31,17.38,live
Well-12,2026-01-11,17.33,17.3,17.37,live
Well-12,2026-01-12,17.43,17.4,17.47,live
Well-12,2026-01-13,17.44,17.41,17.48,live
Well-12,2026-01-14,17.58,17.55,17.62,live
Well-12,2026-01-15,17.59,17.56,17.63,live
Well-12,2026-01-16,17.66,17.63,17.7,live
Well-12,2026-01-17,17.67,17.64,17.71,live
Well-12,2026-01-18,17.68,17.65,17.72,live
Well-12,2026-01-19,17.59,17.56,17.63,live
Well-12,2026-01-20,17.69,17.66,17.73,live
Well-12,2026-01-21,17.72,17.69,17.76,live
Well-12,2026-01-22,17.71,17.68,17.75,live
Well-12,2026-01-23,17.77,17.74,17.81,live
Well-12,2026-01-24,17.76,17.73,17.8,live
Well-12,2026-01-25,17.77,17.74,17.81,live
Well-12,2026-01-26,17.76,17.73,17.8,live
Well-12,2026-01-27,17.76,17.73,17.8,live
Well-12,2026-01-28,17.81,17.78,17.85,live
Well-12,2026-01-29,17.8,17.77,17.84,live
Well-12,2026-01-30,17.81,17.78,17.85,live
Well-12,2026-01-31,17.82,17.79,17.86,live
Well-12,2026-02-01,17.88,17.85,17.92,live
Well-12,2026-02-02,17.87,17.84,17.91,live
Well-12,2026-02-03,17.92,17.89,17.96,live
Well-12,2026-02-04,17.92,17.89,17.96,live
Well-12,2026-02-05,17.96,17.93,18.0,live
Well-12,2026-02-06,17.97,17.94,18.01,live
Well-12,2026-02-07,17.98,17.95,18.02,live
Well-12,2026-02-08,18.03,18.0,18.07,live
Well-12,2026-02-09,18.08,18.05,18.12,live
Well-12,2026-02-10,18.12,18.09,18.16,live
Well-12,2026-02-11,18.08,18.05,18.12,live
Well-12,2026-02-12,18.08,18.05,18.12,live
Well-12,2026-02-13,18.17,18.14,18.21,live
Well-12,2026-02-14,18.19,18.16,18.23,live
Well-12,2026-02-15,18.18,18.15,18.22,live
Well-12,2026-02-16,18.14,18.11,18.18,live
Well-12,2026-02-17,18.24,18.21,18.28,live
Well-12,2026-02-18,18.19,18.16,18.23,live
Well-12,2026-02-19,18.17,18.14,18.21,live
Well-12,2026-02-20,19.66,19.63,19.7,live
Well-12,2026-02-21,18.05,18.02,18.09,live
Well-12,2026-02-22,17.98,17.95,18.02,live
Well-12,2026-02-23,18.02,17.99,18.06,live
Well-12,2026-02-24,18.03,18.0,18.07,live
Well-12,2026-02-25,18.14,18.11,18.18,live
Well-12,2026-02-26,18.08,18.05,18.12,live
Well-12,2026-02-27,18.05,18.02,18.09,live
Well-12,2026-02-28,18.04,18.01,18.08,live
Well-12,2026-03-01,18.06,18.03,18.1,live
Well-12,2026-03-02,18.12,18.09,18.16,live
Well-12,2026-03-03,18.11,18.08,18.15,live
Well-12,2026-03-04,18.1,18.07,18.14,live
Well-12,2026-03-05,18.12,18.09,18.16,live
Well-12,2026-03-06,18.21,18.18,18.25,live
Well-12,2026-03-07,18.25,18.22,18.29,live
Well-12,2026-03-08,18.32,18.29,18.36,live
Well-12,2026-03-09,18.35,18.32,18.39,live
Well-12,2026-03-10,18.36,18.33,18.4,live
Well-12,2026-03-11,18.34,18.31,18.38,live
Well-12,2026-03-12,18.27,18.24,18.31,live
Well-12,2026-03-13,19.05,19.02,19.09,live
Well-12,2026-03-14,18.22,18.19,18.26,live
Well-12,2026-03-15,18.23,18.2,18.27,live
Well-12,2026-03-16,18.13,18.1,18.17,live
Well-12,2026-03-17,18.19,18.16,18.23,live
Well-12,2026-03-18,18.18,18.15,18.22,live
Well-12,2026-03-19,18.09,18.06,18.13,live
Well-12,2026-03-20,18.11,18.08,18.15,live
Well-12,2026-03-21,18.06,18.03,18.1,live
Well-12,2026-03-22,18.02,17.99,18.06,live
Well-12,2026-03-23,18.04,18.01,18.08,live
Well-12,2026-03-24,18.08,18.05,18.12,live
Well-12,2026-03-25,17.99,17.96,18.03,live
Well-12,2026-03-26,17.95,17.92,17.99,live
Well-12,2026-03-27,17.92,17.89,17.96,live
Well-12,2026-03-28,17.89,17.86,17.93,live
Well-12,2026-03-29,17.87,17.84,17.91,live
Well-12,2026-03-30,17.92,17.89,17.96,live
Well-12,2026-03-31,17.94,17.91,17.98,live
Well-12,2026-04-01,17.94,17.91,17.98,live
Well-12,2026-04-02,17.86,17.83,17.9,live
Well-12,2026-04-03,17.72,17.69,17.76,live
Well-12,2026-04-04,17.62,17.59,17.66,live
Well-12,2026-04-05,17.61,17.58,17.65,live
Well-12,2026-04-06,17.5,17.47,17.54,live
Well-12,2026-04-07,17.44,17.41,17.48,live
Well-12,2026-04-08,17.38,17.35,17.42,live
Well-12,2026-04-09,17.37,17.34,17.41,live
Well-12,2026-04-10,17.31,17.28,17.35,live
Well-12,2026-04-11,17.26,17.23,17.3,live
Well-12,2026-04-12,17.22,17.19,17.26,live
Well-12,2026-04-13,17.14,17.11,17.18,live
Well-12,2026-04-14,17.08,17.05,17.12,live
Well-12,2026-04-15,17.15,17.12,17.19,live
Well-12,2026-04-16,17.1,17.07,17.14,live
Well-12,2026-04-17,17.0,16.97,17.04,live
Well-12,2026-04-18,17.03,17.0,17.07,live
Well-12,2026-04-19,16.99,16.96,17.03,live
Well-12,2026-04-20,16.88,16.85,16.92,live
Well-12,2026-04-21,16.87,16.84,16.91,live
Well-12,2026-04-22,16.78,16.75,16.82,live
Well-12,2026-04-23,16.76,16.73,16.8,live
Well-12,2026-04-24,16.7,16.67,16.74,live
Well-12,2026-04-25,16.62,16.59,16.66,live
Well-12,2026-04-26,16.5,16.47,16.54,live
Well-12,2026-04-27,16.42,16.39,16.46,live
Well-12,2026-04-28,16.36,16.33,16.4,live
Well-12,2026-04-29,16.36,16.33,16.4,live
Well-12,2026-04-30,16.28,16.25,16.32,live
Well-12,2026-05-01,16.24,16.21,16.28,live
Well-12,2026-05-02,16.2,16.17,16.24,live
Well-12,2026-05-03,16.21,16.18,16.25,live
Well-12,2026-05-04,16.19,16.16,16.23,live
Well-12,2026-05-05,16.1,16.07,16.14,live
Well-12,2026-05-06,16.04,16.01,16.08,live
Well-12,2026-05-07,16.0,15.97,16.04,live
Well-12,2026-05-08,15.93,15.9,15.97,live
Well-12,2026-05-09,15.93,15.9,15.97,live
Well-12,2026-05-10,15.85,15.82,15.89,live
Well-12,2026-05-11,15.68,15.65,15.72,live
Well-12,2026-05-12,15.62,15.59,15.66,live
Well-12,2026-05-13,15.56,15.53,15.6,live
Well-12,2026-05-14,15.58,15.55,15.62,live
Well-12,2026-05-15,15.43,15.4,15.47,live
Well-12,2026-05-16,15.43,15.4,15.47,live
Well-12,2026-05-17,15.42,15.39,15.46,live
Well-12,2026-05-18,15.32,15.29,15.36,live
Well-12,2026-05-19,15.34,15.31,15.38,live
Well-12,2026-05-20,15.24,15.21,15.28,live
Well-12,2026-05-21,15.25,15.22,15.29,live
Well-12,2026-05-22,15.21,15.18,15.25,live
Well-12,2026-05-23,15.12,15.09,15.16,live
Well-12,2026-05-24,15.03,15.0,15.07,live
Well-12,2026-05-25,15.0,14.97,15.04,live
Well-12,2026-05-26,14.97,14.94,15.01,live
Well-12,2026-05-27,14.94,14.91,14.98,live
Well-12,2026-05-28,14.92,14.89,14.96,live
Well-12,2026-05-29,14.83,14.8,14.87,live
Well-12,2026-05-30,14.81,14.78,14.85,live
Well-12,2026-05-31,14.72,14.69,14.76,live
Well-12,2026-06-01,14.69,14.66,14.73,live
Well-12,2026-06-02,14.68,14.65,14.72,live
Well-12,2026-06-03,14.59,14.56,14.63,live
Well-12,2026-06-04,14.53,14.5,14.57,live
Well-12,2026-06-05,14.41,14.38,14.45,live
Well-12,2026-06-06,14.3,14.27,14.34,live
Well-12,2026-06-07,14.26,14.23,14.3,live
Well-12,2026-06-08,14.18,14.15,14.22,live
Well-12,2026-06-09,14.03,14.0,14.07,live
Well-12,2026-06-10,13.92,13.89,13.96,live
Well-12,2026-06-11,13.85,13.82,13.89,live
Well-12,2026-06-12,13.84,13.81,13.88,live
Well-12,2026-06-13,13.83,13.8,13.87,live
Well-12,2026-06-14,13.79,13.76,13.83,live
Well-12,2026-06-15,13.65,13.62,13.69,live
Well-12,2026-06-16,13.55,13.52,13.59,live
Well-12,2026-06-17,13.48,13.45,13.52,live
Well-12,2026-06-18,13.45,13.42,13.49,live
Well-12,2026-06-19,13.32,13.29,13.36,live
Well-12,2026-06-20,13.27,13.24,13.31,live
Well-12,2026-06-21,13.34,13.31,13.38,live
Well-12,2026-06-22,13.35,13.32,13.39,live
Well-12,2026-06-23,13.37,13.34,13.41,live
Well-12,2026-06-24,13.28,13.25,13.32,live
Well-12,2026-06-25,13.25,13.22,13.29,live
Well-12,2026-06-26,13.1,13.07,13.14,live
Well-12,2026-06-27,13.02,12.99,13.06,live
Well-12,2026-06-28,12.97,12.94,13.01,live
Well-12,2026-06-29,12.81,12.78,12.85,live
Well-12,2026-06-30,12.75,12.72,12.79,live
Well-12,2026-07-01,12.75,12.72,12.79,live
Well-12,2026-07-02,12.76,12.73,12.8,live
Well-12,2026-07-03,12.86,12.83,12.9,live
Well-12,2026-07-04,12.84,12.81,12.88,live
Well-12,2026-07-05,12.78,12.75,12.82,live
Well-12,2026-07-06,12.76,12.73,12.8,live
Well-12,2026-07-07,12.73,12.7,12.77,live
Well-12,2026-07-08,12.71,12.68,12.75,live
Well-12,2026-07-09,12.69,12.66,12.73,live
Well-12,2026-07-10,12.64,12.61,12.68,live
Well-12,2026-07-11,12.54,12.51,12.58,live
Well-12,2026-07-12,12.57,12.54,12.61,live
Well-12,2026-07-13,12.48,12.45,12.52,live
Well-12,2026-07-14,12.34,12.31,12.38,live
Well-12,2026-07-15,12.31,12.28,12.35,live
Well-12,2026-07-16,12.28,12.25,12.32,live
Well-12,2026-07-17,12.34,12.31,12.38,live
Well-12,2026-07-18,12.25,12.22,12.29,live
Well-12,2026-07-19,12.15,12.12,12.19,live
Well-12,2026-07-20,12.16,12.13,12.2,live
Well-12,2026-07-21,12.13,12.1,12.17,live
Well-12,2026-07-22,12.09,12.06,12.13,live
Well-12,2026-07-23,12.1,12.07,12.14,live
Well-12,2026-07-24,12.03,12.0,12.07,live
Well-12,2026-07-25,11.96,11.93,12.0,live
Well-12,2026-07-26,11.83,11.8,11.87,live
Well-12,2026-07-27,11.85,11.82,11.89,live
Well-12,2026-07-28,11.84,11.81,11.88,live
Well-12,2026-07-29,11.81,11.78,11.85,live
Well-12,2026-07-30,11.76,11.73,11.8,live
Well-12,2026-07-31,11.72,11.69,11.76,live
Well-12,2026-08-01,11.55,11.52,11.59,live
Well-12,2026-08-02,11.51,11.48,11.55,live
Well-12,2026-08-03,11.57,11.54,11.61,live
Well-12,2026-08-04,11.54,11.51,11.58,live
Well-12,2026-08-05,11.51,11.48,11.55,live
Well-12,2026-08-06,11.53,11.5,11.57,live
Well-12,2026-08-07,11.55,11.52,11.59,live
Well-12,2026-08-08,11.58,11.55,11.62,live
Well-12,2026-08-09,11.57,11.54,11.61,live
Well-12,2026-08-10,11.6,11.57,11.64,live
Well-12,2026-08-11,11.59,11.56,11.63,live
Well-12,2026-08-12,11.52,11.49,11.56,live
Well-12,2026-08-13,11.48,11.45,11.52,live
Well-12,2026-08-14,11.41,11.38,11.45,live
Well-12,2026-08-15,11.45,11.42,11.49,live
Well-12,2026-08-16,11.53,11.5,11.57,live
Well-12,2026-08-17,11.56,11.53,11.6,live
Well-12,2026-08-18,11.61,11.58,11.65,live
Well-12,2026-08-19,11.6,11.57,11.64,live
Well-12,2026-08-20,11.53,11.5,11.57,live
Well-12,2026-08-21,11.55,11.52,11.59,live
Well-12,2026-08-22,11.49,11.46,11.53,live
Well-12,2026-08-23,11.46,11.43,11.5,live
Well-12,2026-08-24,11.52,11.49,11.56,live
Well-12,2026-08-25,11.49,11.46,11.53,live
Well-12,2026-08-26,11.58,11.55,11.62,live
Well-12,2026-08-27,11.64,11.61,11.68,live
Well-12,2026-08-28,11.61,11.58,11.65,live
Well-12,2026-08-29,11.62,11.59,11.66,live
Well-12,2026-08-30,11.61,11.58,11.65,live
Well-12,2026-08-31,11.66,11.63,11.7,live
Well-12,2026-09-01,11.69,11.66,11.73,live
Well-12,2026-09-02,11.66,11.63,11.7,live
Well-12,2026-09-03,11.55,11.52,11.59,live
Well-12,2026-09-04,11.52,11.49,11.56,live
Well-12,2026-09-05,11.54,11.51,11.58,live
Well-12,2026-09-06,11.59,11.56,11.63,live
Well-12,2026-09-07,11.57,11.54,11.61,live
Well-12,2026-09-08,11.6,11.57,11.64,live
Well-12,2026-09-09,11.6,11.57,11.64,live
Well-12,2026-09-10,11.62,11.59,11.66,live
Well-12,2026-09-11,11.66,11.63,11.7,live
Well-12,2026-09-12,11.7,11.67,11.74,live
Well-12,2026-09-13,11.78,11.75,11.82,live
Well-12,2026-09-14,11.72,11.69,11.76,live
Well-12,2026-09-15,11.79,11.76,11.83,live
Well-12,2026-09-16,11.79,11.76,11.83,live
Well-12,2026-09-17,11.77,11.74,11.81,live
Well-12,2026-09-18,11.79,11.76,11.83,live
Well-12,2026-09-19,11.78,11.75,11.82,live
Well-12,2026-09-20,11.79,11.76,11.83,live
Well-12,2026-09-21,11.83,11.8,11.87,live
Well-12,2026-09-22,11.89,11.86,11.93,live
Well-12,2026-09-23,12.01,11.98,12.05,live
Well-12,2026-09-24,12.0,11.97,12.04,live
Well-14,2022-06-01,15.0,14.97,15.04,archive
Well-14,2022-06-02,14.94,14.91,14.98,archive
Well-14,2022-06-03,14.87,14.84,14.91,archive
Well-14,2022-06-04,14.85,14.82,14.89,archive
Well-14,2022-06-05,14.8,14.77,14.84,archive
Well-14,2022-06-06,14.72,14.69,14.76,archive
Well-14,2022-06-07,14.67,14.64,14.71,archive
Well-14,2022-06-08,14.6,14.57,14.64,archive
Well-14,2022-06-09,14.53,14.5,14.57,archive
Well-14,2022-06-10,14.52,14.49,14.56,archive
Well-14,2022-06-11,14.48,14.45,14.52,archive
Well-14,2022-06-12,14.41,14.38,14.45,archive
Well-14,2022-06-13,14.33,14.3,14.37,archive
Well-14,2022-06-14,14.23,14.2,14.27,archive
Well-14,2022-06-15,14.21,14.18,14.25,archive
Well-14,2022-06-16,14.15,14.12,14.19,archive
Well-14,2022-06-17,14.12,14.09,14.16,archive
Well-14,2022-06-18,14.06,14.03,14.1,archive
Well-14,2022-06-19,13.96,13.93,14.0,archive
Well-14,2022-06-20,13.8,13.77,13.84,archive
Well-14,2022-06-21,13.76,13.73,13.8,archive
Well-14,2022-06-22,13.76,13.73,13.8,archive
Well-14,2022-06-23,13.76,13.73,13.8,archive
Well-14,2022-06-24,13.69,13.66,13.73,archive
Well-14,2022-06-25,13.59,13.56,13.63,archive
Well-14,2022-06-26,13.47,13.44,13.51,archive
Well-14,2022-06-27,13.43,13.4,13.47,archive
Well-14,2022-06-28,13.3,13.27,13.34,archive
Well-14,2022-06-29,13.21,13.18,13.25,archive
Well-14,2022-06-30,13.13,13.1,13.17,archive
Well-14,2022-07-01,13.02,12.99,13.06,archive
Well-14,2022-07-02,12.98,12.95,13.02,archive
Well-14,2022-07-03,12.91,12.88,12.95,archive
Well-14,2022-07-04,12.82,12.79,12.86,archive
Well-14,2022-07-05,12.78,12.75,12.82,archive
Well-14,2022-07-06,12.72,12.69,12.76,archive
Well-14,2022-07-07,12.75,12.72,12.79,archive
Well-14,2022-07-08,12.66,12.63,12.7,archive
Well-14,2022-07-09,12.69,12.66,12.73,archive
Well-14,2022-07-10,12.6,12.57,12.64,archive
Well-14,2022-07-11,12.55,12.52,12.59,archive
Well-14,2022-07-12,12.49,12.46,12.53,archive
Well-14,2022-07-13,12.52,12.49,12.56,archive
Well-14,2022-07-14,12.5,12.47,12.54,archive
Well-14,2022-07-15,12.48,12.45,12.52,archive
Well-14,2022-07-16,12.53,12.5,12.57,archive
Well-14,2022-07-17,12.4,12.37,12.44,archive
Well-14,2022-07-18,12.28,12.25,12.32,archive
Well-14,2022-07-19,12.21,12.18,12.25,archive
Well-14,2022-07-20,12.24,12.21,12.28,archive
Well-14,2022-07-21,12.18,12.15,12.22,archive
Well-14,2022-07-22,12.2,12.17,12.24,archive
Well-14,2022-07-23,12.13,12.1,12.17,archive
Well-14,2022-07-24,12.12,12.09,12.16,archive
Well-14,2022-07-25,12.13,12.1,12.17,archive
Well-14,2022-07-26,12.09,12.06,12.13,archive
Well-14,2022-07-27,12.06,12.03,12.1,archive
Well-14,2022-07-28,12.11,12.08,12.15,archive
Well-14,2022-07-29,12.02,11.99,12.06,archive
Well-14,2022-07-30,11.97,11.94,12.01,archive
Well-14,2022-07-31,11.94,11.91,11.98,archive
Well-14,2022-08-01,11.99,11.96,12.03,archive
Well-14,2022-08-02,11.92,11.89,11.96,archive
Well-14,2022-08-03,11.92,11.89,11.96,archive
Well-14,2022-08-04,11.83,11.8,11.87,archive
Well-14,2022-08-05,11.82,11.79,11.86,archive
Well-14,2022-08-06,11.75,11.72,11.79,archive
Well-14,2022-08-07,11.78,11.75,11.82,archive
Well-14,2022-08-08,11.68,11.65,11.72,archive
Well-14,2022-08-09,11.68,11.65,11.72,archive
Well-14,2022-08-10,11.64,11.61,11.68,archive
Well-14,2022-08-11,11.57,11.54,11.61,archive
Well-14,2022-08-12,11.52,11.49,11.56,archive
Well-14,2022-08-13,11.6,11.57,11.64,archive
Well-14,2022-08-14,11.61,11.58,11.65,archive
Well-14,2022-08-15,11.63,11.6,11.67,archive
Well-14,2022-08-16,11.65,11.62,11.69,archive
Well-14,2022-08-17,11.73,11.7,11.77,archive
Well-14,2022-08-18,11.67,11.64,11.71,archive
Well-14,2022-08-19,11.48,11.45,11.52,archive
Well-14,2022-08-20,11.39,11.36,11.43,archive
Well-14,2022-08-21,11.45,11.42,11.49,archive
Well-14,2022-08-22,11.44,11.41,11.48,archive
Well-14,2022-08-23,11.55,11.52,11.59,archive
Well-14,2022-08-24,11.5,11.47,11.54,archive
Well-14,2022-08-25,11.49,11.46,11.53,archive
Well-14,2022-08-26,11.48,11.45,11.52,archive
Well-14,2022-08-27,11.55,11.52,11.59,archive
Well-14,2022-08-28,11.54,11.51,11.58,archive
Well-14,2022-08-29,11.6,11.57,11.64,archive
Well-14,2022-08-30,11.59,11.56,11.63,archive
Well-14,2022-08-31,11.58,11.55,11.62,archive
Well-14,2022-09-01,11.4,11.37,11.44,archive
Well-14,2022-09-02,11.38,11.35,11.42,archive
Well-14,2022-09-03,11.42,11.39,11.46,archive
Well-14,2022-09-04,11.45,11.42,11.49,archive
Well-14,2022-09-05,11.45,11.42,11.49,archive
Well-14,2022-09-06,11.51,11.48,11.55,archive
Well-14,2022-09-07,11.56,11.53,11.6,archive
Well-14,2022-09-08,11.64,11.61,11.68,archive
Well-14,2022-09-09,11.65,11.62,11.69,archive
Well-14,2022-09-10,11.65,11.62,11.69,archive
Well-14,2022-09-11,11.72,11.69,11.76,archive
Well-14,2022-09-12,11.7,11.67,11.74,archive
Well-14,2022-09-13,11.67,11.64,11.71,archive
Well-14,2022-09-14,11.72,11.69,11.76,archive
Well-14,2022-09-15,11.73,11.7,11.77,archive
Well-14,2022-09-16,11.79,11.76,11.83,archive
Well-14,2022-09-17,11.76,11.73,11.8,archive
Well-14,2022-09-18,11.84,11.81,11.88,archive
Well-14,2022-09-19,11.82,11.79,11.86,archive
Well-14,2022-09-20,11.87,11.84,11.91,archive
Well-14,2022-09-21,11.94,11.91,11.98,archive
Well-14,2022-09-22,11.95,11.92,11.99,archive
Well-14,2022-09-23,11.9,11.87,11.94,archive
Well-14,2022-09-24,12.03,12.0,12.07,archive
Well-14,2022-09-25,12.05,12.02,12.09,archive
Well-14,2022-09-26,11.98,11.95,12.02,archive
Well-14,2022-09-27,12.03,12.0,12.07,archive
Well-14,2022-09-28,12.1,12.07,12.14,archive
Well-14,2022-09-29,12.26,12.23,12.3,archive
Well-14,2022-09-30,12.33,12.3,12.37,archive
Well-14,2022-10-01,12.35,12.32,12.39,archive
Well-14,2022-10-02,12.35,12.32,12.39,archive
Well-14,2022-10-03,12.46,12.43,12.5,archive
Well-14,2022-10-04,12.46,12.43,12.5,archive
Well-14,2022-10-05,12.54,12.51,12.58,archive
Well-14,2022-10-06,12.71,12.68,12.75,archive
Well-14,2022-10-07,12.79,12.76,12.83,archive
Well-14,2022-10-08,12.82,12.79,12.86,archive
Well-14,2022-10-09,12.83,12.8,12.87,archive
Well-14,2022-10-10,12.91,12.88,12.95,archive
Well-14,2022-10-11,12.94,12.91,12.98,archive
Well-14,2022-10-12,13.02,12.99,13.06,archive
Well-14,2022-10-13,13.1,13.07,13.14,archive
Well-14,2022-10-14,13.07,13.04,13.11,archive
Well-14,2022-10-15,13.06,13.03,13.1,archive
Well-14,2022-10-16,13.01,12.98,13.05,archive
Well-14,2022-10-17,13.02,12.99,13.06,archive
Well-14,2022-10-18,13.09,13.06,13.13,archive
Well-14,2022-10-19,13.13,13.1,13.17,archive
Well-14,2022-10-20,13.17,13.14,13.21,archive
Well-14,2022-10-21,13.16,13.13,13.2,archive
Well-14,2022-10-22,13.2,13.17,13.24,archive
Well-14,2022-10-23,13.3,13.27,13.34,archive
Well-14,2022-10-24,13.36,13.33,13.4,archive
Well-14,2022-10-25,13.46,13.43,13.5,archive
Well-14,2022-10-26,13.48,13.45,13.52,archive
Well-14,2022-10-27,13.49,13.46,13.53,archive
Well-14,2022-10-28,13.46,13.43,13.5,archive
Well-14,2022-10-29,13.5,13.47,13.54,archive
Well-14,2022-10-30,13.56,13.53,13.6,archive
Well-14,2022-10-31,13.62,13.59,13.66,archive
Well-14,2022-11-01,13.7,13.67,13.74,archive
Well-14,2022-11-02,13.68,13.65,13.72,archive
Well-14,2022-11-03,13.78,13.75,13.82,archive
Well-14,2022-11-04,13.84,13.81,13.88,archive
Well-14,2022-11-05,13.94,13.91,13.98,archive
Well-14,2022-11-06,14.01,13.98,14.05,archive
Well-14,2022-11-07,14.13,14.1,14.17,archive
Well-14,2022-11-08,14.2,14.17,14.24,archive
Well-14,2022-11-09,14.31,14.28,14.35,archive
Well-14,2022-11-10,14.34,14.31,14.38,archive
Well-14,2022-11-11,14.4,14.37,14.44,archive
Well-14,2022-11-12,14.46,14.43,14.5,archive
Well-14,2022-11-13,14.5,14.47,14.54,archive
Well-14,2022-11-14,14.56,14.53,14.6,archive
Well-14,2022-11-15,14.6,14.57,14.64,archive
Well-14,2022-11-16,14.72,14.69,14.76,archive
Well-14,2022-11-17,14.73,14.7,14.77,archive
Well-14,2022-11-18,14.83,14.8,14.87,archive
Well-14,2022-11-19,14.93,14.9,14.97,archive
Well-14,2022-11-20,14.93,14.9,14.97,archive
Well-14,2022-11-21,15.02,14.99,15.06,archive
Well-14,2022-11-22,15.1,15.07,15.14,archive
Well-14,2022-11-23,15.21,15.18,15.25,archive
Well-14,2022-11-24,15.27,15.24,15.31,archive
Well-14,2022-11-25,15.35,15.32,15.39,archive
Well-14,2022-11-26,15.42,15.39,15.46,archive
Well-14,2022-11-27,15.5,15.47,15.54,archive
Well-14,2022-11-28,15.58,15.55,15.62,archive
Well-14,2022-11-29,15.6,15.57,15.64,archive
Well-14,2022-11-30,15.69,15.66,15.73,archive
Well-14,2022-12-01,15.82,15.79,15.86,archive
Well-14,2022-12-02,15.9,15.87,15.94,archive
Well-14,2022-12-03,15.98,15.95,16.02,archive
Well-14,2022-12-04,16.04,16.01,16.08,archive
Well-14,2022-12-05,16.18,16.15,16.22,archive
Well-14,2022-12-06,16.22,16.19,16.26,archive
Well-14,2022-12-07,16.31,16.28,16.35,archive
Well-14,2022-12-08,16.28,16.25,16.32,archive
Well-14,2022-12-09,16.39,16.36,16.43,archive
Well-14,2022-12-10,16.41,16.38,16.45,archive
Well-14,2022-12-11,16.99,16.96,17.03,archive
Well-14,2022-12-12,16.53,16.5,16.57,archive
Well-14,2022-12-13,16.65,16.62,16.69,archive
Well-14,2022-12-14,16.77,16.74,16.81,archive
Well-14,2022-12-15,16.85,16.82,16.89,archive
Well-14,2022-12-16,16.9,16.87,16.94,archive
Well-14,2022-12-17,16.93,16.9,16.97,archive
Well-14,2022-12-18,16.97,16.94,17.01,archive
Well-14,2022-12-19,17.05,17.02,17.09,archive
Well-14,2022-12-20,17.17,17.14,17.21,archive
Well-14,2022-12-21,17.22,17.19,17.26,archive
Well-14,2022-12-22,17.2,17.17,17.24,archive
Well-14,2022-12-23,17.34,17.31,17.38,archive
Well-14,2022-12-24,17.4,17.37,17.44,archive
Well-14,2022-12-25,17.49,17.46,17.53,archive
Well-14,2022-12-26,17.57,17.54,17.61,archive
Well-14,2022-12-27,17.55,17.52,17.59,archive
Well-14,2022-12-28,17.55,17.52,17.59,archive
Well-14,2022-12-29,17.68,17.65,17.72,archive
Well-14,2022-12-30,17.73,17.7,17.77,archive
Well-14,2022-12-31,17.75,17.72,17.79,archive
Well-14,2023-01-01,17.83,17.8,17.87,archive
Well-14,2023-01-02,17.87,17.84,17.91,archive
Well-14,2023-01-03,18.02,17.99,18.06,archive
Well-14,2023-01-04,17.96,17.93,18.0,archive
Well-14,2023-01-05,18.12,18.09,18.16,archive
Well-14,2023-01-06,18.19,18.16,18.23,archive
Well-14,2023-01-07,18.16,18.13,18.2,archive
Well-14,2023-01-08,18.24,18.21,18.28,archive
Well-14,2023-01-09,18.29,18.26,18.33,archive
Well-14,2023-01-10,18.36,18.33,18.4,archive
Well-14,2023-01-11,18.39,18.36,18.43,archive
Well-14,2023-01-12,18.45,18.42,18.49,archive
Well-14,2023-01-13,18.43,18.4,18.47,archive
Well-14,2023-01-14,18.45,18.42,18.49,archive
Well-14,2023-01-15,18.49,18.46,18.53,archive
Well-14,2023-01-16,18.64,18.61,18.68,archive
Well-14,2023-01-17,18.69,18.66,18.73,archive
Well-14,2023-01-18,18.67,18.64,18.71,archive
Well-14,2023-01-19,18.74,18.71,18.78,archive
Well-14,2023-01-20,18.78,18.75,18.82,archive
Well-14,2023-01-21,18.82,18.79,18.86,archive
Well-14,2023-01-22,18.95,18.92,18.99,archive
Well-14,2023-01-23,18.94,18.91,18.98,archive
Well-14,2023-01-24,19.08,19.05,19.12,archive
Well-14,2023-01-25,19.08,19.05,19.12,archive
Well-14,2023-01-26,19.13,19.1,19.17,archive
Well-14,2023-01-27,19.13,19.1,19.17,archive
Well-14,2023-01-28,20.45,20.42,20.49,archive
Well-14,2023-01-29,19.12,19.09,19.16,archive
Well-14,2023-01-30,19.14,19.11,19.18,archive
Well-14,2023-01-31,19.13,19.1,19.17,archive
Well-14,2023-02-01,19.14,19.11,19.18,archive
Well-14,2023-02-02,19.11,19.08,19.15,archive
Well-14,2023-02-03,19.27,19.24,19.31,archive
Well-14,2023-02-04,19.28,19.25,19.32,archive
Well-14,2023-02-05,19.33,19.3,19.37,archive
Well-14,2023-02-06,20.95,20.92,20.99,archive
Well-14,2023-02-07,19.4,19.37,19.44,archive
Well-14,2023-02-08,19.34,19.31,19.38,archive
Well-14,2023-02-09,19.32,19.29,19.36,archive
Well-14,2023-02-10,19.29,19.26,19.33,archive
Well-14,2023-02-11,19.26,19.23,19.3,archive
Well-14,2023-02-12,19.28,19.25,19.32,archive
Well-14,2023-02-13,19.3,19.27,19.34,archive
Well-14,2023-02-14,19.28,19.25,19.32,archive
Well-14,2023-02-15,19.39,19.36,19.43,archive
Well-14,2023-02-16,19.49,19.46,19.53,archive
Well-14,2023-02-17,19.47,19.44,19.51,archive
Well-14,2023-02-18,19.5,19.47,19.54,archive
Well-14,2023-02-19,19.44,19.41,19.48,archive
Well-14,2023-02-20,19.41,19.38,19.45,archive
Well-14,2023-02-21,19.39,19.36,19.43,archive
Well-14,2023-02-22,19.4,19.37,19.44,archive
Well-14,2023-02-23,19.41,19.38,19.45,archive
Well-14,2023-02-24,19.36,19.33,19.4,archive
Well-14,2023-02-25,19.26,19.23,19.3,archive
Well-14,2023-02-26,19.29,19.26,19.33,archive
Well-14,2023-02-27,19.23,19.2,19.27,archive
Well-14,2023-02-28,19.22,19.19,19.26,archive
Well-14,2023-03-01,19.23,19.2,19.27,archive
Well-14,2023-03-02,19.28,19.25,19.32,archive
Well-14,2023-03-03,19.2,19.17,19.24,archive
Well-14,2023-03-04,19.17,19.14,19.21,archive
Well-14,2023-03-05,19.24,19.21,19.28,archive
Well-14,2023-03-06,19.26,19.23,19.3,archive
Well-14,2023-03-07,19.31,19.28,19.35,archive
Well-14,2023-03-08,19.41,19.38,19.45,archive
Well-14,2023-03-09,19.45,19.42,19.49,archive
Well-14,2023-03-10,19.46,19.43,19.5,archive
Well-14,2023-03-11,19.39,19.36,19.43,archive
Well-14,2023-03-12,19.4,19.37,19.44,archive
Well-14,2023-03-13,19.36,19.33,19.4,archive
Well-14,2023-03-14,19.41,19.38,19.45,archive
Well-14,2023-03-15,19.31,19.28,19.35,archive
Well-14,2023-03-16,19.21,19.18,19.25,archive
Well-14,2023-03-17,19.13,19.1,19.17,archive
Well-14,2023-03-18,19.22,19.19,19.26,archive
Well-14,2023-03-19,19.18,19.15,19.22,archive
Well-14,2023-03-20,19.13,19.1,19.17,archive
Well-14,2023-03-21,19.11,19.08,19.15,archive
Well-14,2023-03-22,18.97,18.94,19.01,archive
Well-14,2023-03-23,19.07,19.04,19.11,archive
Well-14,2023-03-24,19.01,18.98,19.05,archive
Well-14,2023-03-25,18.98,18.95,19.02,archive
Well-14,2023-03-26,18.93,18.9,18.97,archive
Well-14,2023-03-27,18.87,18.84,18.91,archive
Well-14,2023-03-28,18.73,18.7,18.77,archive
Well-14,2023-03-29,18.68,18.65,18.72,archive
Well-14,2023-03-30,18.66,18.63,18.7,archive
Well-14,2023-03-31,18.74,18.71,18.78,archive
Well-14,2023-04-01,18.62,18.59,18.66,archive
Well-14,2023-04-02,18.58,18.55,18.62,archive
Well-14,2023-04-03,18.48,18.45,18.52,archive
Well-14,2023-04-04,18.46,18.43,18.5,archive
Well-14,2023-04-05,18.36,18.33,18.4,archive
Well-14,2023-04-06,18.26,18.23,18.3,archive
Well-14,2023-04-07,18.25,18.22,18.29,archive
Well-14,2023-04-08,18.21,18.18,18.25,archive
Well-14,2023-04-09,18.13,18.1,18.17,archive
Well-14,2023-04-10,18.16,18.13,18.2,archive
Well-14,2023-04-11,18.11,18.08,18.15,archive
Well-14,2023-04-12,18.06,18.03,18.1,archive
Well-14,2023-04-13,18.14,18.11,18.18,archive
Well-14,2023-04-14,18.0,17.97,18.04,archive
Well-14,2023-04-15,18.03,18.0,18.07,archive
Well-14,2023-04-16,17.85,17.82,17.89,archive
Well-14,2023-04-17,17.79,17.76,17.83,archive
Well-14,2023-04-18,17.71,17.68,17.75,archive
Well-14,2023-04-19,17.66,17.63,17.7,archive
Well-14,2023-04-20,17.69,17.66,17.73,archive
Well-14,2023-04-21,17.64,17.61,17.68,archive
Well-14,2023-04-22,17.63,17.6,17.67,archive
Well-14,2023-04-23,17.65,17.62,17.69,archive
Well-14,2023-04-24,17.61,17.58,17.65,archive
Well-14,2023-04-25,17.51,17.48,17.55,archive
Well-14,2023-04-26,17.37,17.34,17.41,archive
Well-14,2023-04-27,17.39,17.36,17.43,archive
Well-14,2023-04-28,17.32,17.29,17.36,archive
Well-14,2023-04-29,17.24,17.21,17.28,archive
Well-14,2023-04-30,17.23,17.2,17.27,archive
Well-14,2023-05-01,17.16,17.13,17.2,archive
Well-14,2023-05-02,17.03,17.0,17.07,archive
Well-14,2023-05-03,16.97,16.94,17.01,archive
Well-14,2023-05-04,16.95,16.92,16.99,archive
Well-14,2023-05-05,16.8,16.77,16.84,archive
Well-14,2023-05-06,16.74,16.71,16.78,archive
Well-14,2023-05-07,16.69,16.66,16.73,archive
Well-14,2023-05-08,16.62,16.59,16.66,archive
Well-14,2023-05-09,16.67,16.64,16.71,archive
Well-14,2023-05-10,16.61,16.58,16.65,archive
Well-14,2023-05-11,16.58,16.55,16.62,archive
Well-14,2023-05-12,16.43,16.4,16.47,archive
Well-14,2023-05-13,16.36,16.33,16.4,archive
Well-14,2023-05-14,16.39,16.36,16.43,archive
Well-14,2023-05-15,16.32,16.29,16.36,archive
Well-14,2023-05-16,16.2,16.17,16.24,archive
Well-14,2023-05-17,16.08,16.05,16.12,archive
Well-14,2023-05-18,15.96,15.93,16.0,archive
Well-14,2023-05-19,15.84,15.81,15.88,archive
Well-14,2023-05-20,15.82,15.79,15.86,archive
Well-14,2023-05-21,15.79,15.76,15.83,archive
Well-14,2023-05-22,15.67,15.64,15.71,archive
Well-14,2023-05-23,15.63,15.6,15.67,archive
Well-14,2023-05-24,15.56,15.53,15.6,archive
Well-14,2023-05-25,15.54,15.51,15.58,archive
Well-14,2023-05-26,15.47,15.44,15.51,archive
Well-14,2023-05-27,15.36,15.33,15.4,archive
Well-14,2023-05-28,15.28,15.25,15.32,archive
Well-14,2023-05-29,15.27,15.24,15.31,archive
Well-14,2023-05-30,15.26,15.23,15.3,archive
Well-14,2023-05-31,15.13,15.1,15.17,archive
Well-14,2023-06-01,15.11,15.08,15.15,archive
Well-14,2023-06-02,15.04,15.01,15.08,archive
Well-14,2023-06-03,14.96,14.93,15.0,archive
Well-14,2023-06-04,14.99,14.96,15.03,archive
Well-14,2023-06-05,14.97,14.94,15.01,archive
Well-14,2023-06-06,14.87,14.84,14.91,archive
Well-14,2023-06-07,14.78,14.75,14.82,archive
Well-14,2023-06-08,14.72,14.69,14.76,archive
Well-14,2023-06-09,14.71,14.68,14.75,archive
Well-14,2023-06-10,14.64,14.61,14.68,archive
Well-14,2023-06-11,14.52,14.49,14.56,archive
Well-14,2023-06-12,14.39,14.36,14.43,archive
Well-14,2023-06-13,14.27,14.24,14.31,archive
Well-14,2023-06-14,14.13,14.1,14.17,archive
Well-14,2023-06-15,14.04,14.01,14.08,archive
Well-14,2023-06-16,13.97,13.94,14.01,archive
Well-14,2023-06-17,13.89,13.86,13.93,archive
Well-14,2023-06-18,13.79,13.76,13.83,archive
Well-14,2023-06-19,13.75,13.72,13.79,archive
Well-14,2023-06-20,13.63,13.6,13.67,archive
Well-14,2023-06-21,13.46,13.43,13.5,archive
Well-14,2023-06-22,13.49,13.46,13.53,archive
Well-14,2023-06-23,13.48,13.45,13.52,archive
Well-14,2023-06-24,13.4,13.37,13.44,archive
Well-14,2023-06-25,13.33,13.3,13.37,archive
Well-14,2023-06-26,13.27,13.24,13.31,archive
Well-14,2023-06-27,13.24,13.21,13.28,archive
Well-14,2023-06-28,13.16,13.13,13.2,archive
Well-14,2023-06-29,13.11,13.08,13.15,archive
Well-14,2023-06-30,13.07,13.04,13.11,archive
Well-14,2023-07-01,13.06,13.03,13.1,archive
Well-14,2023-07-02,13.06,13.03,13.1,archive
Well-14,2023-07-03,12.95,12.92,12.99,archive
Well-14,2023-07-04,12.9,12.87,12.94,archive
Well-14,2023-07-05,12.82,12.79,12.86,archive
Well-14,2023-07-06,12.75,12.72,12.79,archive
Well-14,2023-07-07,12.67,12.64,12.71,archive
Well-14,2023-07-08,12.58,12.55,12.62,archive
Well-14,2023-07-09,12.71,12.68,12.75,archive
Well-14,2023-07-10,12.65,12.62,12.69,archive
Well-14,2023-07-11,12.67,12.64,12.71,archive
Well-14,2023-07-12,12.72,12.69,12.76,archive
Well-14,2023-07-13,12.67,12.64,12.71,archive
Well-14,2023-07-14,12.57,12.54,12.61,archive
Well-14,2023-07-15,12.49,12.46,12.53,archive
Well-14,2023-07-16,12.56,12.53,12.6,archive
Well-14,2023-07-17,12.42,12.39,12.46,archive
Well-14,2023-07-18,12.38,12.35,12.42,archive
Well-14,2023-07-19,12.33,12.3,12.37,archive
Well-14,2023-07-20,12.27,12.24,12.31,archive
Well-14,2023-07-21,12.26,12.23,12.3,archive
Well-14,2023-07-22,12.27,12.24,12.31,archive
Well-14,2023-07-23,12.35,12.32,12.39,archive
Well-14,2023-07-24,12.26,12.23,12.3,archive
Well-14,2023-07-25,12.14,12.11,12.18,archive
Well-14,2023-07-26,12.1,12.07,12.14,archive
Well-14,2023-07-27,12.08,12.05,12.12,archive
Well-14,2023-07-28,11.94,11.91,11.98,archive
Well-14,2023-07-29,11.89,11.86,11.93,archive
Well-14,2023-07-30,11.87,11.84,11.91,archive
Well-14,2023-07-31,11.88,11.85,11.92,archive
Well-14,2023-08-01,11.91,11.88,11.95,archive
Well-14,2023-08-02,11.77,11.74,11.81,archive
Well-14,2023-08-03,11.67,11.64,11.71,archive
Well-14,2023-08-04,11.65,11.62,11.69,archive
Well-14,2023-08-05,11.65,11.62,11.69,archive
Well-14,2023-08-06,11.75,11.72,11.79,archive
Well-14,2023-08-07,11.77,11.74,11.81,archive
Well-14,2023-08-08,11.74,11.71,11.78,archive
Well-14,2023-08-09,11.71,11.68,11.75,archive
Well-14,2023-08-10,11.71,11.68,11.75,archive
Well-14,2023-08-11,11.68,11.65,11.72,archive
Well-14,2023-08-12,11.64,11.61,11.68,archive
Well-14,2023-08-13,11.61,11.58,11.65,archive
Well-14,2023-08-14,11.59,11.56,11.63,archive
Well-14,2023-08-15,11.66,11.63,11.7,archive
Well-14,2023-08-16,11.64,11.61,11.68,archive
Well-14,2023-08-17,11.6,11.57,11.64,archive
Well-14,2023-08-18,11.57,11.54,11.61,archive
Well-14,2023-08-19,11.57,11.54,11.61,archive
Well-14,2023-08-20,11.5,11.47,11.54,archive
Well-14,2023-08-21,11.45,11.42,11.49,archive
Well-14,2023-08-22,11.43,11.4,11.47,archive
Well-14,2023-08-23,11.45,11.42,11.49,archive
Well-14,2023-08-24,11.49,11.46,11.53,archive
Well-14,2023-08-25,11.51,11.48,11.55,archive
Well-14,2023-08-26,11.46,11.43,11.5,archive
Well-14,2023-08-27,11.45,11.42,11.49,archive
Well-14,2023-08-28,11.43,11.4,11.47,archive
Well-14,2023-08-29,11.43,11.4,11.47,archive
Well-14,2023-08-30,11.47,11.44,11.51,archive
Well-14,2023-08-31,11.55,11.52,11.59,archive
Well-14,2023-09-01,11.61,11.58,11.65,archive
Well-14,2023-09-02,11.59,11.56,11.63,archive
Well-14,2023-09-03,11.61,11.58,11.65,archive
Well-14,2023-09-04,11.71,11.68,11.75,archive
Well-14,2023-09-05,11.73,11.7,11.77,archive
Well-14,2023-09-06,11.79,11.76,11.83,archive
Well-14,2023-09-07,11.78,11.75,11.82,archive
Well-14,2023-09-08,11.77,11.74,11.81,archive
Well-14,2023-09-09,11.71,11.68,11.75,archive
Well-14,2023-09-10,11.82,11.79,11.86,archive
Well-14,2023-09-11,11.88,11.85,11.92,archive
Well-14,2023-09-12,11.79,11.76,11.83,archive
Well-14,2023-09-13,11.77,11.74,11.81,archive
Well-14,2023-09-14,11.75,11.72,11.79,archive
Well-14,2023-09-15,11.76,11.73,11.8,archive
Well-14,2023-09-16,11.68,11.65,11.72,archive
Well-14,2023-09-17,11.73,11.7,11.77,archive
Well-14,2023-09-18,11.74,11.71,11.78,archive
Well-14,2023-09-19,11.81,11.78,11.85,archive
Well-14,2023-09-20,11.87,11.84,11.91,archive
Well-14,2023-09-21,11.87,11.84,11.91,archive
Well-14,2023-09-22,11.88,11.85,11.92,archive
Well-14,2023-09-23,11.82,11.79,11.86,archive
Well-14,2023-09-24,11.97,11.94,12.01,archive
Well-14,2023-09-25,12.06,12.03,12.1,archive
Well-14,2023-09-26,12.12,12.09,12.16,archive
Well-14,2023-09-27,12.15,12.12,12.19,archive
Well-14,2023-09-28,12.2,12.17,12.24,archive
Well-14,2023-09-29,12.25,12.22,12.29,archive
Well-14,2023-09-30,12.33,12.3,12.37,archive
Well-14,2023-10-01,12.39,12.36,12.43,archive
Well-14,2023-10-02,12.35,12.32,12.39,archive
Well-14,2023-10-03,12.4,12.37,12.44,archive
Well-14,2023-10-04,12.44,12.41,12.48,archive
Well-14,2023-10-05,12.43,12.4,12.47,archive
Well-14,2023-10-06,12.53,12.5,12.57,archive
Well-14,2023-10-07,12.56,12.53,12.6,archive
Well-14,2023-10-08,12.59,12.56,12.63,archive
Well-14,2023-10-09,12.58,12.55,12.62,archive
Well-14,2023-10-10,12.55,12.52,12.59,archive
Well-14,2023-10-11,12.66,12.63,12.7,archive
Well-14,2023-10-12,12.62,12.59,12.66,archive
Well-14,2023-10-13,12.71,12.68,12.75,archive
Well-14,2023-10-14,12.74,12.71,12.78,archive
Well-14,2023-10-15,12.84,12.81,12.88,archive
Well-14,2023-10-16,12.9,12.87,12.94,archive
Well-14,2023-10-17,13.01,12.98,13.05,archive
Well-14,2023-10-18,13.05,13.02,13.09,archive
Well-14,2023-10-19,13.13,13.1,13.17,archive
Well-14,2023-10-20,13.26,13.23,13.3,archive
Well-14,2023-10-21,13.29,13.26,13.33,archive
Well-14,2023-10-22,13.33,13.3,13.37,archive
Well-14,2023-10-23,13.29,13.26,13.33,archive
Well-14,2023-10-24,13.33,13.3,13.37,archive
Well-14,2023-10-25,13.4,13.37,13.44,archive
Well-14,2023-10-26,13.37,13.34,13.41,archive
Well-14,2023-10-27,13.38,13.35,13.42,archive
Well-14,2023-10-28,13.4,13.37,13.44,archive
Well-14,2023-10-29,13.53,13.5,13.57,archive
Well-14,2023-10-30,13.53,13.5,13.57,archive
Well-14,2023-10-31,13.65,13.62,13.69,archive
Well-14,2023-11-01,13.72,13.69,13.76,archive
Well-14,2023-11-02,13.76,13.73,13.8,archive
Well-14,2023-11-03,13.83,13.8,13.87,archive
Well-14,2023-11-04,13.88,13.85,13.92,archive
Well-14,2023-11-05,13.92,13.89,13.96,archive
Well-14,2023-11-06,13.97,13.94,14.01,archive
Well-14,2023-11-07,14.13,14.1,14.17,archive
Well-14,2023-11-08,14.22,14.19,14.26,archive
Well-14,2023-11-09,14.24,14.21,14.28,archive
Well-14,2023-11-10,14.38,14.35,14.42,archive
Well-14,2023-11-11,14.47,14.44,14.51,archive
Well-14,2023-11-12,14.51,14.48,14.55,archive
Well-14,2023-11-13,14.58,14.55,14.62,archive
Well-14,2023-11-14,14.65,14.62,14.69,archive
Well-14,2023-11-15,14.65,14.62,14.69,archive
Well-14,2023-11-16,14.75,14.72,14.79,archive
Well-14,2023-11-17,14.85,14.82,14.89,archive
Well-14,2023-11-18,14.92,14.89,14.96,archive
Well-14,2023-11-19,15.02,14.99,15.06,archive
Well-14,2023-11-20,15.0,14.97,15.04,archive
Well-14,2023-11-21,15.07,15.04,15.11,archive
Well-14,2023-11-22,15.19,15.16,15.23,archive
Well-14,2023-11-23,15.21,15.18,15.25,archive
Well-14,2023-11-24,15.37,15.34,15.41,archive
Well-14,2023-11-25,15.52,15.49,15.56,archive
Well-14,2023-11-26,15.68,15.65,15.72,archive
Well-14,2023-11-27,15.75,15.72,15.79,archive
Well-14,2023-11-28,15.85,15.82,15.89,archive
Well-14,2023-11-29,15.89,15.86,15.93,archive
Well-14,2023-11-30,16.04,16.01,16.08,archive
Well-14,2023-12-01,16.08,16.05,16.12,archive
Well-14,2023-12-02,16.12,16.09,16.16,archive
Well-14,2023-12-03,16.24,16.21,16.28,archive
Well-14,2023-12-04,16.34,16.31,16.38,archive
Well-14,2023-12-05,16.48,16.45,16.52,archive
Well-14,2023-12-06,16.5,16.47,16.54,archive
Well-14,2023-12-07,16.55,16.52,16.59,archive
Well-14,2023-12-08,18.21,18.18,18.25,archive
Well-14,2023-12-09,16.66,16.63,16.7,archive
Well-14,2023-12-10,16.72,16.69,16.76,archive
Well-14,2023-12-11,16.83,16.8,16.87,archive
Well-14,2023-12-12,16.93,16.9,16.97,archive
Well-14,2023-12-13,17.06,17.03,17.1,archive
Well-14,2023-12-14,17.04,17.01,17.08,archive
Well-14,2023-12-15,17.13,17.1,17.17,archive
Well-14,2023-12-16,17.13,17.1,17.17,archive
Well-14,2023-12-17,17.16,17.13,17.2,archive
Well-14,2023-12-18,17.21,17.18,17.25,archive
Well-14,2023-12-19,17.3,17.27,17.34,archive
Well-14,2023-12-20,17.35,17.32,17.39,archive
Well-14,2023-12-21,17.49,17.46,17.53,archive
Well-14,2023-12-22,17.46,17.43,17.5,archive
Well-14,2023-12-23,17.54,17.51,17.58,archive
Well-14,2023-12-24,17.54,17.51,17.58,archive
Well-14,2023-12-25,17.64,17.61,17.68,archive
Well-14,2023-12-26,17.71,17.68,17.75,archive
Well-14,2023-12-27,17.72,17.69,17.76,archive
Well-14,2023-12-28,17.79,17.76,17.83,archive
Well-14,2023-12-29,17.88,17.85,17.92,archive
Well-14,2023-12-30,17.96,17.93,18.0,archive
Well-14,2023-12-31,18.11,18.08,18.15,archive
Well-14,2024-01-01,18.18,18.15,18.22,archive
Well-14,2024-01-02,18.29,18.26,18.33,archive
Well-14,2024-01-03,18.34,18.31,18.38,archive
Well-14,2024-01-04,18.42,18.39,18.46,archive
Well-14,2024-01-05,18.41,18.38,18.45,archive
Well-14,2024-01-06,19.9,19.87,19.94,archive
Well-14,2024-01-07,18.35,18.32,18.39,archive
Well-14,2024-01-08,18.34,18.31,18.38,archive
Well-14,2024-01-09,18.33,18.3,18.37,archive
Well-14,2024-01-10,18.37,18.34,18.41,archive
Well-14,2024-01-11,18.48,18.45,18.52,archive
Well-14,2024-01-12,18.5,18.47,18.54,archive
Well-14,2024-01-13,19.73,19.7,19.77,archive
Well-14,2024-01-14,18.61,18.58,18.65,archive
Well-14,2024-01-15,18.6,18.57,18.64,archive
Well-14,2024-01-16,18.65,18.62,18.69,archive
Well-14,2024-01-17,18.63,18.6,18.67,archive
Well-14,2024-01-18,18.68,18.65,18.72,archive
Well-14,2024-01-19,18.72,18.69,18.76,archive
Well-14,2024-01-20,18.77,18.74,18.81,archive
Well-14,2024-01-21,18.85,18.82,18.89,archive
Well-14,2024-01-22,18.96,18.93,19.0,archive
Well-14,2024-01-23,19.06,19.03,19.1,archive
Well-14,2024-01-24,19.01,18.98,19.05,archive
Well-14,2024-01-25,19.01,18.98,19.05,archive
Well-14,2024-01-26,19.07,19.04,19.11,archive
Well-14,2024-01-27,19.05,19.02,19.09,archive
Well-14,2024-01-28,19.03,19.0,19.07,archive
Well-14,2024-01-29,19.06,19.03,19.1,archive
Well-14,2024-01-30,19.16,19.13,19.2,archive
Well-14,2024-01-31,19.22,19.19,19.26,archive
Well-14,2024-02-01,19.23,19.2,19.27,archive
Well-14,2024-02-02,19.29,19.26,19.33,archive
Well-14,2024-02-03,19.22,19.19,19.26,archive
Well-14,2024-02-04,19.35,19.32,19.39,archive
Well-14,2024-02-05,19.39,19.36,19.43,archive
Well-14,2024-02-06,20.12,20.09,20.16,archive
Well-14,2024-02-07,19.37,19.34,19.41,archive
Well-14,2024-02-08,19.26,19.23,19.3,archive
Well-14,2024-02-09,19.19,19.16,19.23,archive
Well-14,2024-02-10,19.2,19.17,19.24,archive
Well-14,2024-02-11,19.24,19.21,19.28,archive
Well-14,2024-02-12,19.28,19.25,19.32,archive
Well-14,2024-02-13,19.33,19.3,19.37,archive
Well-14,2024-02-14,19.38,19.35,19.42,archive
Well-14,2024-02-15,19.39,19.36,19.43,archive
Well-14,2024-02-16,19.39,19.36,19.43,archive
Well-14,2024-02-17,19.44,19.41,19.48,archive
Well-14,2024-02-18,19.48,19.45,19.52,archive
Well-14,2024-02-19,19.44,19.41,19.48,archive
Well-14,2024-02-20,19.46,19.43,19.5,archive
Well-14,2024-02-21,19.47,19.44,19.51,archive
Well-14,2024-02-22,19.45,19.42,19.49,archive
Well-14,2024-02-23,19.45,19.42,19.49,archive
Well-14,2024-02-24,19.48,19.45,19.52,archive
Well-14,2024-02-25,19.49,19.46,19.53,archive
Well-14,2024-02-26,19.53,19.5,19.57,archive
Well-14,2024-02-27,19.53,19.5,19.57,archive
Well-14,2024-02-28,19.61,19.58,19.65,archive
Well-14,2024-02-29,19.59,19.56,19.63,archive
Well-14,2024-03-01,19.6,19.57,19.64,archive
Well-14,2024-03-02,19.5,19.47,19.54,archive
Well-14,2024-03-03,19.46,19.43,19.5,archive
Well-14,2024-03-04,19.38,19.35,19.42,archive
Well-14,2024-03-05,19.44,19.41,19.48,archive
Well-14,2024-03-06,19.37,19.34,19.41,archive
Well-14,2024-03-07,19.39,19.36,19.43,archive
Well-14,2024-03-08,19.35,19.32,19.39,archive
Well-14,2024-03-09,19.34,19.31,19.38,archive
Well-14,2024-03-10,19.77,19.74,19.81,archive
Well-14,2024-03-11,19.36,19.33,19.4,archive
Well-14,2024-03-12,19.32,19.29,19.36,archive
Well-14,2024-03-13,19.32,19.29,19.36,archive
Well-14,2024-03-14,19.23,19.2,19.27,archive
Well-14,2024-03-15,19.19,19.16,19.23,archive
Well-14,2024-03-16,19.2,19.17,19.24,archive
Well-14,2024-03-17,19.25,19.22,19.29,archive
Well-14,2024-03-18,19.25,19.22,19.29,archive
Well-14,2024-03-19,19.33,19.3,19.37,archive
Well-14,2024-03-20,19.17,19.14,19.21,archive
Well-14,2024-03-21,19.06,19.03,19.1,archive
Well-14,2024-03-22,18.98,18.95,19.02,archive
Well-14,2024-03-23,18.94,18.91,18.98,archive
Well-14,2024-03-24,18.9,18.87,18.94,archive
Well-14,2024-03-25,18.89,18.86,18.93,archive
Well-14,2024-03-26,18.78,18.75,18.82,archive
Well-14,2024-03-27,18.79,18.76,18.83,archive
Well-14,2024-03-28,18.8,18.77,18.84,archive
Well-14,2024-03-29,18.72,18.69,18.76,archive
Well-14,2024-03-30,18.79,18.76,18.83,archive
Well-14,2024-03-31,18.77,18.74,18.81,archive
Well-14,2024-04-01,18.72,18.69,18.76,archive
Well-14,2024-04-02,18.66,18.63,18.7,archive
Well-14,2024-04-03,18.57,18.54,18.61,archive
Well-14,2024-04-04,18.6,18.57,18.64,archive
Well-14,2024-04-05,18.5,18.47,18.54,archive
Well-14,2024-04-06,18.52,18.49,18.56,archive
Well-14,2024-04-07,18.47,18.44,18.51,archive
Well-14,2024-04-08,18.36,18.33,18.4,archive
Well-14,2024-04-09,18.35,18.32,18.39,archive
Well-14,2024-04-10,18.31,18.28,18.35,archive
Well-14,2024-04-11,18.19,18.16,18.23,archive
Well-14,2024-04-12,18.17,18.14,18.21,archive
Well-14,2024-04-13,18.04,18.01,18.08,archive
Well-14,2024-04-14,18.05,18.02,18.09,archive
Well-14,2024-04-15,17.93,17.9,17.97,archive
Well-14,2024-04-16,17.96,17.93,18.0,archive
Well-14,2024-04-17,17.88,17.85,17.92,archive
Well-14,2024-04-18,17.89,17.86,17.93,archive
Well-14,2024-04-19,17.87,17.84,17.91,archive
Well-14,2024-04-20,17.76,17.73,17.8,archive
Well-14,2024-04-21,17.67,17.64,17.71,archive
Well-14,2024-04-22,17.57,17.54,17.61,archive
Well-14,2024-04-23,17.46,17.43,17.5,archive
Well-14,2024-04-24,17.36,17.33,17.4,archive
Well-14,2024-04-25,17.25,17.22,17.29,archive
Well-14,2024-04-26,17.17,17.14,17.21,archive
Well-14,2024-04-27,17.13,17.1,17.17,archive
Well-14,2024-04-28,17.13,17.1,17.17,archive
Well-14,2024-04-29,17.06,17.03,17.1,archive
Well-14,2024-04-30,17.02,16.99,17.06,archive
Well-14,2024-05-01,16.91,16.88,16.95,archive
Well-14,2024-05-02,16.87,16.84,16.91,archive
Well-14,2024-05-03,16.85,16.82,16.89,archive
Well-14,2024-05-04,16.83,16.8,16.87,archive
Well-14,2024-05-05,16.72,16.69,16.76,archive
Well-14,2024-05-06,16.68,16.65,16.72,archive
Well-14,2024-05-07,16.67,16.64,16.71,archive
Well-14,2024-05-08,16.58,16.55,16.62,archive
Well-14,2024-05-09,16.6,16.57,16.64,archive
Well-14,2024-05-10,16.57,16.54,16.61,archive
Well-14,2024-05-11,16.57,16.54,16.61,archive
Well-14,2024-05-12,16.53,16.5,16.57,archive
Well-14,2024-05-13,16.46,16.43,16.5,archive
Well-14,2024-05-14,16.44,16.41,16.48,archive
Well-14,2024-05-15,16.36,16.33,16.4,archive
Well-14,2024-05-16,16.24,16.21,16.28,archive
Well-14,2024-05-17,16.21,16.18,16.25,archive
Well-14,2024-05-18,16.09,16.06,16.13,archive
Well-14,2024-05-19,15.99,15.96,16.03,archive
Well-14,2024-05-20,15.95,15.92,15.99,archive
Well-14,2024-05-21,15.9,15.87,15.94,archive
Well-14,2024-05-22,15.87,15.84,15.91,archive
Well-14,2024-05-23,15.87,15.84,15.91,archive
Well-14,2024-05-24,15.85,15.82,15.89,archive
Well-14,2024-05-25,15.74,15.71,15.78,archive
Well-14,2024-05-26,15.54,15.51,15.58,archive
Well-14,2024-05-27,15.46,15.43,15.5,archive
Well-14,2024-05-28,15.42,15.39,15.46,archive
Well-14,2024-05-29,15.37,15.34,15.41,archive
Well-14,2024-05-30,15.39,15.36,15.43,archive
Well-14,2024-05-31,15.33,15.3,15.37,archive
Well-14,2024-06-01,15.32,15.29,15.36,archive
Well-14,2024-06-02,15.23,15.2,15.27,archive
Well-14,2024-06-03,15.19,15.16,15.23,archive
Well-14,2024-06-04,15.14,15.11,15.18,archive
Well-14,2024-06-05,14.99,14.96,15.03,archive
Well-14,2024-06-06,14.88,14.85,14.92,archive
Well-14,2024-06-07,14.81,14.78,14.85,archive
Well-14,2024-06-08,14.74,14.71,14.78,archive
Well-14,2024-06-09,14.69,14.66,14.73,archive
Well-14,2024-06-10,14.64,14.61,14.68,archive
Well-14,2024-06-11,14.58,14.55,14.62,archive
Well-14,2024-06-12,14.49,14.46,14.53,archive
Well-14,2024-06-13,14.47,14.44,14.51,archive
Well-14,2024-06-14,14.33,14.3,14.37,archive
Well-14,2024-06-15,14.29,14.26,14.33,archive
Well-14,2024-06-16,14.18,14.15,14.22,archive
Well-14,2024-06-17,14.1,14.07,14.14,archive
Well-14,2024-06-18,14.04,14.01,14.08,archive
Well-14,2024-06-19,13.96,13.93,14.0,archive
Well-14,2024-06-20,13.85,13.82,13.89,archive
Well-14,2024-06-21,13.79,13.76,13.83,archive
Well-14,2024-06-22,13.67,13.64,13.71,archive
Well-14,2024-06-23,13.61,13.58,13.65,archive
Well-14,2024-06-24,13.56,13.53,13.6,archive
Well-14,2024-06-25,13.48,13.45,13.52,archive
Well-14,2024-06-26,13.34,13.31,13.38,archive
Well-14,2024-06-27,13.27,13.24,13.31,archive
Well-14,2024-06-28,13.21,13.18,13.25,archive
Well-14,2024-06-29,13.15,13.12,13.19,archive
Well-14,2024-06-30,13.11,13.08,13.15,archive
Well-14,2024-07-01,13.06,13.03,13.1,archive
Well-14,2024-07-02,12.95,12.92,12.99,archive
Well-14,2024-07-03,12.92,12.89,12.96,archive
Well-14,2024-07-04,12.87,12.84,12.91,archive
Well-14,2024-07-05,12.77,12.74,12.81,archive
Well-14,2024-07-06,12.65,12.62,12.69,archive
Well-14,2024-07-07,12.52,12.49,12.56,archive
Well-14,2024-07-08,12.39,12.36,12.43,archive
Well-14,2024-07-09,12.31,12.28,12.35,archive
Well-14,2024-07-10,12.32,12.29,12.36,archive
Well-14,2024-07-11,12.35,12.32,12.39,archive
Well-14,2024-07-12,12.34,12.31,12.38,archive
Well-14,2024-07-13,12.29,12.26,12.33,archive
Well-14,2024-07-14,12.29,12.26,12.33,archive
Well-14,2024-07-15,12.3,12.27,12.34,archive
Well-14,2024-07-16,12.32,12.29,12.36,archive
Well-14,2024-07-17,12.28,12.25,12.32,archive
Well-14,2024-07-18,12.26,12.23,12.3,archive
Well-14,2024-07-19,12.11,12.08,12.15,archive
Well-14,2024-07-20,12.17,12.14,12.21,archive
Well-14,2024-07-21,12.15,12.12,12.19,archive
Well-14,2024-07-22,12.02,11.99,12.06,archive
Well-14,2024-07-23,12.06,12.03,12.1,archive
Well-14,2024-07-24,12.06,12.03,12.1,archive
Well-14,2024-07-25,12.04,12.01,12.08,archive
Well-14,2024-07-26,12.0,11.97,12.04,archive
Well-14,2024-07-27,12.01,11.98,12.05,archive
Well-14,2024-07-28,12.03,12.0,12.07,archive
Well-14,2024-07-29,12.01,11.98,12.05,archive
Well-14,2024-07-30,11.94,11.91,11.98,archive
Well-14,2024-07-31,11.89,11.86,11.93,archive
Well-14,2024-08-01,11.85,11.82,11.89,archive
Well-14,2024-08-02,11.85,11.82,11.89,archive
Well-14,2024-08-03,11.82,11.79,11.86,archive
Well-14,2024-08-04,11.86,11.83,11.9,archive
Well-14,2024-08-05,11.87,11.84,11.91,archive
Well-14,2024-08-06,11.93,11.9,11.97,archive
Well-14,2024-08-07,11.82,11.79,11.86,archive
Well-14,2024-08-08,11.84,11.81,11.88,archive
Well-14,2024-08-09,11.78,11.75,11.82,archive
Well-14,2024-08-10,11.72,11.69,11.76,archive
Well-14,2024-08-11,11.67,11.64,11.71,archive
Well-14,2024-08-12,11.61,11.58,11.65,archive
Well-14,2024-08-13,11.65,11.62,11.69,archive
Well-14,2024-08-14,11.69,11.66,11.73,archive
Well-14,2024-08-15,11.59,11.56,11.63,archive
Well-14,2024-08-16,11.56,11.53,11.6,archive
Well-14,2024-08-17,11.59,11.56,11.63,archive
Well-14,2024-08-18,11.58,11.55,11.62,archive
Well-14,2024-08-19,11.48,11.45,11.52,archive
Well-14,2024-08-20,11.59,11.56,11.63,archive
Well-14,2024-08-21,11.58,11.55,11.62,archive
Well-14,2024-08-22,11.58,11.55,11.62,archive
Well-14,2024-08-23,11.57,11.54,11.61,archive
Well-14,2024-08-24,11.59,11.56,11.63,archive
Well-14,2024-08-25,11.56,11.53,11.6,archive
Well-14,2024-08-26,11.59,11.56,11.63,archive
Well-14,2024-08-27,11.59,11.56,11.63,archive
Well-14,2024-08-28,11.61,11.58,11.65,archive
Well-14,2024-08-29,11.51,11.48,11.55,archive
Well-14,2024-08-30,11.52,11.49,11.56,archive
Well-14,2024-08-31,11.39,11.36,11.43,archive
Well-14,2024-09-01,11.43,11.4,11.47,archive
Well-14,2024-09-02,11.41,11.38,11.45,archive
Well-14,2024-09-03,11.41,11.38,11.45,archive
Well-14,2024-09-04,11.36,11.33,11.4,archive
Well-14,2024-09-05,11.28,11.25,11.32,archive
Well-14,2024-09-06,11.31,11.28,11.35,archive
Well-14,2024-09-07,11.3,11.27,11.34,archive
Well-14,2024-09-08,11.35,11.32,11.39,archive
Well-14,2024-09-09,11.35,11.32,11.39,archive
Well-14,2024-09-10,11.39,11.36,11.43,archive
Well-14,2024-09-11,11.48,11.45,11.52,archive
Well-14,2024-09-12,11.47,11.44,11.51,archive
Well-14,2024-09-13,11.52,11.49,11.56,archive
Well-14,2024-09-14,11.59,11.56,11.63,archive
Well-14,2024-09-15,11.53,11.5,11.57,archive
Well-14,2024-09-16,11.52,11.49,11.56,archive
Well-14,2024-09-17,11.61,11.58,11.65,archive
Well-14,2024-09-18,11.69,11.66,11.73,archive
Well-14,2024-09-19,11.75,11.72,11.79,archive
Well-14,2024-09-20,11.81,11.78,11.85,archive
Well-14,2024-09-21,11.83,11.8,11.87,archive
Well-14,2024-09-22,11.87,11.84,11.91,archive
Well-14,2024-09-23,11.91,11.88,11.95,archive
Well-14,2024-09-24,11.93,11.9,11.97,archive
Well-14,2024-09-25,11.86,11.83,11.9,archive
Well-14,2024-09-26,11.92,11.89,11.96,archive
Well-14,2024-09-27,12.01,11.98,12.05,archive
Well-14,2024-09-28,12.01,11.98,12.05,archive
Well-14,2024-09-29,12.06,12.03,12.1,archive
Well-14,2024-09-30,12.1,12.07,12.14,archive
Well-14,2024-10-01,12.16,12.13,12.2,archive
Well-14,2024-10-02,12.27,12.24,12.31,archive
Well-14,2024-10-03,12.34,12.31,12.38,archive
Well-14,2024-10-04,12.36,12.33,12.4,archive
Well-14,2024-10-05,12.44,12.41,12.48,archive
Well-14,2024-10-06,12.46,12.43,12.5,archive
Well-14,2024-10-07,12.36,12.33,12.4,archive
Well-14,2024-10-08,12.32,12.29,12.36,archive
Well-14,2024-10-09,12.3,12.27,12.34,archive
Well-14,2024-10-10,12.42,12.39,12.46,archive
Well-14,2024-10-11,12.46,12.43,12.5,archive
Well-14,2024-10-12,12.54,12.51,12.58,archive
Well-14,2024-10-13,12.64,12.61,12.68,archive
Well-14,2024-10-14,12.75,12.72,12.79,archive
Well-14,2024-10-15,12.86,12.83,12.9,archive
Well-14,2024-10-16,12.9,12.87,12.94,archive
Well-14,2024-10-17,12.98,12.95,13.02,archive
Well-14,2024-10-18,12.94,12.91,12.98,archive
Well-14,2024-10-19,13.05,13.02,13.09,archive
Well-14,2024-10-20,13.07,13.04,13.11,archive
Well-14,2024-10-21,13.2,13.17,13.24,archive
Well-14,2024-10-22,13.34,13.31,13.38,archive
Well-14,2024-10-23,13.32,13.29,13.36,archive
Well-14,2024-10-24,13.35,13.32,13.39,archive
Well-14,2024-10-25,13.43,13.4,13.47,archive
Well-14,2024-10-26,13.57,13.54,13.61,archive
Well-14,2024-10-27,13.69,13.66,13.73,archive
Well-14,2024-10-28,13.73,13.7,13.77,archive
Well-14,2024-10-29,13.73,13.7,13.77,archive
Well-14,2024-10-30,13.81,13.78,13.85,archive
Well-14,2024-10-31,13.76,13.73,13.8,archive
Well-14,2024-11-01,13.82,13.79,13.86,archive
Well-14,2024-11-02,13.87,13.84,13.91,archive
Well-14,2024-11-03,13.88,13.85,13.92,archive
Well-14,2024-11-04,13.83,13.8,13.87,archive
Well-14,2024-11-05,13.93,13.9,13.97,archive
Well-14,2024-11-06,14.0,13.97,14.04,archive
Well-14,2024-11-07,14.14,14.11,14.18,archive
Well-14,2024-11-08,14.15,14.12,14.19,archive
Well-14,2024-11-09,14.27,14.24,14.31,archive
Well-14,2024-11-10,14.42,14.39,14.46,archive
Well-14,2024-11-11,14.55,14.52,14.59,archive
Well-14,2024-11-12,14.61,14.58,14.65,archive
Well-14,2024-11-13,14.67,14.64,14.71,archive
Well-14,2024-11-14,14.62,14.59,14.66,archive
Well-14,2024-11-15,14.64,14.61,14.68,archive
Well-14,2024-11-16,14.74,14.71,14.78,archive
Well-14,2024-11-17,14.82,14.79,14.86,archive
Well-14,2024-11-18,14.89,14.86,14.93,archive
Well-14,2024-11-19,14.94,14.91,14.98,archive
Well-14,2024-11-20,14.96,14.93,15.0,archive
Well-14,2024-11-21,14.98,14.95,15.02,archive
Well-14,2024-11-22,15.05,15.02,15.09,archive
Well-14,2024-11-23,15.1,15.07,15.14,archive
Well-14,2024-11-24,15.25,15.22,15.29,archive
Well-14,2024-11-25,15.34,15.31,15.38,archive
Well-14,2024-11-26,15.39,15.36,15.43,archive
Well-14,2024-11-27,16.66,16.63,16.7,archive
Well-14,2024-11-28,15.56,15.53,15.6,archive
Well-14,2024-11-29,15.58,15.55,15.62,archive
Well-14,2024-11-30,15.63,15.6,15.67,archive
Well-14,2024-12-01,15.77,15.74,15.81,archive
Well-14,2024-12-02,15.87,15.84,15.91,archive
Well-14,2024-12-03,15.96,15.93,16.0,archive
Well-14,2024-12-04,16.02,15.99,16.06,archive
Well-14,2024-12-05,16.07,16.04,16.11,archive
Well-14,2024-12-06,16.1,16.07,16.14,archive
Well-14,2024-12-07,16.16,16.13,16.2,archive
Well-14,2024-12-08,16.25,16.22,16.29,archive
Well-14,2024-12-09,16.26,16.23,16.3,archive
Well-14,2024-12-10,16.29,16.26,16.33,archive
Well-14,2024-12-11,16.35,16.32,16.39,archive
Well-14,2024-12-12,16.43,16.4,16.47,archive
Well-14,2024-12-13,16.6,16.57,16.64,archive
Well-14,2024-12-14,16.64,16.61,16.68,archive
Well-14,2024-12-15,16.64,16.61,16.68,archive
Well-14,2024-12-16,16.72,16.69,16.76,archive
Well-14,2024-12-17,16.82,16.79,16.86,archive
Well-14,2024-12-18,16.91,16.88,16.95,archive
Well-14,2024-12-19,17.02,16.99,17.06,archive
Well-14,2024-12-20,17.13,17.1,17.17,archive
Well-14,2024-12-21,17.19,17.16,17.23,archive
Well-14,2024-12-22,17.2,17.17,17.24,archive
Well-14,2024-12-23,17.32,17.29,17.36,archive
Well-14,2024-12-24,17.37,17.34,17.41,archive
Well-14,2024-12-25,17.35,17.32,17.39,archive
Well-14,2024-12-26,17.55,17.52,17.59,archive
Well-14,2024-12-27,17.63,17.6,17.67,archive
Well-14,2024-12-28,17.65,17.62,17.69,archive
Well-14,2024-12-29,17.68,17.65,17.72,archive
Well-14,2024-12-30,17.71,17.68,17.75,archive
Well-14,2024-12-31,17.75,17.72,17.79,archive
Well-14,2025-01-01,17.75,17.72,17.79,archive
Well-14,2025-01-02,17.82,17.79,17.86,archive
Well-14,2025-01-03,17.93,17.9,17.97,archive
Well-14,2025-01-04,17.98,17.95,18.02,archive
Well-14,2025-01-05,18.09,18.06,18.13,archive
Well-14,2025-01-06,18.1,18.07,18.14,archive
Well-14,2025-01-07,18.1,18.07,18.14,archive
Well-14,2025-01-08,18.18,18.15,18.22,archive
Well-14,2025-01-09,18.26,18.23,18.3,archive
Well-14,2025-01-10,18.24,18.21,18.28,archive
Well-14,2025-01-11,18.35,18.32,18.39,archive
Well-14,2025-01-12,18.37,18.34,18.41,archive
Well-14,2025-01-13,18.5,18.47,18.54,archive
Well-14,2025-01-14,18.46,18.43,18.5,archive
Well-14,2025-01-15,18.5,18.47,18.54,archive
Well-14,2025-01-16,18.48,18.45,18.52,archive
Well-14,2025-01-17,18.47,18.44,18.51,archive
Well-14,2025-01-18,18.48,18.45,18.52,archive
Well-14,2025-01-19,18.5,18.47,18.54,archive
Well-14,2025-01-20,18.51,18.48,18.55,archive
Well-14,2025-01-21,18.52,18.49,18.56,archive
Well-14,2025-01-22,18.52,18.49,18.56,archive
Well-14,2025-01-23,18.58,18.55,18.62,archive
Well-14,2025-01-24,18.5,18.47,18.54,archive
Well-14,2025-01-25,18.55,18.52,18.59,archive
Well-14,2025-01-26,18.64,18.61,18.68,archive
Well-14,2025-01-27,18.7,18.67,18.74,archive
Well-14,2025-01-28,18.83,18.8,18.87,archive
Well-14,2025-01-29,18.84,18.81,18.88,archive
Well-14,2025-01-30,18.95,18.92,18.99,archive
Well-14,2025-01-31,19.06,19.03,19.1,archive
Well-14,2025-02-01,19.14,19.11,19.18,archive
Well-14,2025-02-02,19.13,19.1,19.17,archive
Well-14,2025-02-03,19.11,19.08,19.15,archive
Well-14,2025-02-04,19.16,19.13,19.2,archive
Well-14,2025-02-05,19.19,19.16,19.23,archive
Well-14,2025-02-06,19.21,19.18,19.25,archive
Well-14,2025-02-07,19.22,19.19,19.26,archive
Well-14,2025-02-08,19.28,19.25,19.32,archive
Well-14,2025-02-09,19.28,19.25,19.32,archive
Well-14,2025-02-10,19.22,19.19,19.26,archive
Well-14,2025-02-11,19.27,19.24,19.31,archive
Well-14,2025-02-12,19.31,19.28,19.35,archive
Well-14,2025-02-13,19.28,19.25,19.32,archive
Well-14,2025-02-14,19.38,19.35,19.42,archive
Well-14,2025-02-15,19.43,19.4,19.47,archive
Well-14,2025-02-16,19.38,19.35,19.42,archive
Well-14,2025-02-17,19.33,19.3,19.37,archive
Well-14,2025-02-18,19.41,19.38,19.45,archive
Well-14,2025-02-19,19.53,19.5,19.57,archive
Well-14,2025-02-20,19.57,19.54,19.61,archive
Well-14,2025-02-21,19.61,19.58,19.65,archive
Well-14,2025-02-22,19.63,19.6,19.67,archive
Well-14,2025-02-23,19.57,19.54,19.61,archive
Well-14,2025-02-24,19.5,19.47,19.54,archive
Well-14,2025-02-25,19.51,19.48,19.55,archive
Well-14,2025-02-26,19.52,19.49,19.56,archive
Well-14,2025-02-27,19.47,19.44,19.51,archive
Well-14,2025-02-28,19.49,19.46,19.53,archive
Well-14,2025-03-01,19.41,19.38,19.45,archive
Well-14,2025-03-02,19.36,19.33,19.4,archive
Well-14,2025-03-03,19.35,19.32,19.39,archive
Well-14,2025-03-04,20.54,20.51,20.58,archive
Well-14,2025-03-05,19.22,19.19,19.26,archive
Well-14,2025-03-06,19.19,19.16,19.23,archive
Well-14,2025-03-07,19.24,19.21,19.28,archive
Well-14,2025-03-08,19.21,19.18,19.25,archive
Well-14,2025-03-09,19.11,19.08,19.15,archive
Well-14,2025-03-10,19.15,19.12,19.19,archive
Well-14,2025-03-11,19.16,19.13,19.2,archive
Well-14,2025-03-12,19.09,19.06,19.13,archive
Well-14,2025-03-13,19.08,19.05,19.12,archive
Well-14,2025-03-14,18.96,18.93,19.0,archive
Well-14,2025-03-15,19.0,18.97,19.04,archive
Well-14,2025-03-16,18.99,18.96,19.03,archive
Well-14,2025-03-17,19.06,19.03,19.1,archive
Well-14,2025-03-18,19.01,18.98,19.05,archive
Well-14,2025-03-19,19.09,19.06,19.13,archive
Well-14,2025-03-20,19.01,18.98,19.05,archive
Well-14,2025-03-21,18.98,18.95,19.02,archive
Well-14,2025-03-22,18.97,18.94,19.01,archive
Well-14,2025-03-23,18.96,18.93,19.0,archive
Well-14,2025-03-24,18.95,18.92,18.99,archive
Well-14,2025-03-25,18.88,18.85,18.92,archive
Well-14,2025-03-26,18.87,18.84,18.91,archive
Well-14,2025-03-27,18.83,18.8,18.87,archive
Well-14,2025-03-28,18.75,18.72,18.79,archive
Well-14,2025-03-29,18.75,18.72,18.79,archive
Well-14,2025-03-30,18.7,18.67,18.74,archive
Well-14,2025-03-31,18.69,18.66,18.73,archive
Well-14,2025-04-01,18.62,18.59,18.66,archive
Well-14,2025-04-02,18.56,18.53,18.6,archive
Well-14,2025-04-03,18.52,18.49,18.56,archive
Well-14,2025-04-04,18.45,18.42,18.49,archive
Well-14,2025-04-05,18.29,18.26,18.33,archive
Well-14,2025-04-06,18.3,18.27,18.34,archive
Well-14,2025-04-07,18.27,18.24,18.31,archive
Well-14,2025-04-08,18.26,18.23,18.3,archive
Well-14,2025-04-09,18.24,18.21,18.28,archive
Well-14,2025-04-10,18.2,18.17,18.24,archive
Well-14,2025-04-11,18.2,18.17,18.24,archive
Well-14,2025-04-12,18.09,18.06,18.13,archive
Well-14,2025-04-13,18.12,18.09,18.16,archive
Well-14,2025-04-14,18.12,18.09,18.16,archive
Well-14,2025-04-15,17.89,17.86,17.93,archive
Well-14,2025-04-16,17.9,17.87,17.94,archive
Well-14,2025-04-17,17.86,17.83,17.9,archive
Well-14,2025-04-18,17.75,17.72,17.79,archive
Well-14,2025-04-19,17.69,17.66,17.73,archive
Well-14,2025-04-20,17.66,17.63,17.7,archive
Well-14,2025-04-21,17.5,17.47,17.54,archive
Well-14,2025-04-22,17.47,17.44,17.51,archive
Well-14,2025-04-23,17.42,17.39,17.46,archive
Well-14,2025-04-24,17.39,17.36,17.43,archive
Well-14,2025-04-25,17.39,17.36,17.43,archive
Well-14,2025-04-26,17.32,17.29,17.36,archive
Well-14,2025-04-27,17.29,17.26,17.33,archive
Well-14,2025-04-28,17.14,17.11,17.18,archive
Well-14,2025-04-29,17.17,17.14,17.21,archive
Well-14,2025-04-30,17.14,17.11,17.18,archive
Well-14,2025-05-01,17.08,17.05,17.12,archive
Well-14,2025-05-02,17.02,16.99,17.06,archive
Well-14,2025-05-03,16.89,16.86,16.93,archive
Well-14,2025-05-04,16.81,16.78,16.85,archive
Well-14,2025-05-05,16.77,16.74,16.81,archive
Well-14,2025-05-06,16.77,16.74,16.81,archive
Well-14,2025-05-07,16.79,16.76,16.83,archive
Well-14,2025-05-08,16.73,16.7,16.77,archive
Well-14,2025-05-09,16.63,16.6,16.67,archive
Well-14,2025-05-10,16.6,16.57,16.64,archive
Well-14,2025-05-11,16.54,16.51,16.58,archive
Well-14,2025-05-12,16.56,16.53,16.6,archive
Well-14,2025-05-13,16.56,16.53,16.6,archive
Well-14,2025-05-14,16.54,16.51,16.58,archive
Well-14,2025-05-15,16.47,16.44,16.51,archive
Well-14,2025-05-16,16.3,16.27,16.34,archive
Well-14,2025-05-17,16.17,16.14,16.21,archive
Well-14,2025-05-18,16.17,16.14,16.21,archive
Well-14,2025-05-19,16.05,16.02,16.09,archive
Well-14,2025-05-20,15.93,15.9,15.97,archive
Well-14,2025-05-21,15.91,15.88,15.95,archive
Well-14,2025-05-22,15.82,15.79,15.86,archive
Well-14,2025-05-23,15.73,15.7,15.77,archive
Well-14,2025-05-24,15.74,15.71,15.78,archive
Well-14,2025-05-25,15.7,15.67,15.74,archive
Well-14,2025-05-26,15.77,15.74,15.81,archive
Well-14,2025-05-27,15.64,15.61,15.68,archive
Well-14,2025-05-28,15.63,15.6,15.67,archive
Well-14,2025-05-29,15.46,15.43,15.5,archive
Well-14,2025-05-30,15.38,15.35,15.42,archive
Well-14,2025-05-31,15.2,15.17,15.24,archive
Well-14,2025-06-01,15.24,15.21,15.28,archive
Well-14,2025-06-02,15.17,15.14,15.21,archive
Well-14,2025-06-03,14.97,14.94,15.01,archive
Well-14,2025-06-04,14.95,14.92,14.99,archive
Well-14,2025-06-05,14.8,14.77,14.84,archive
Well-14,2025-06-06,14.67,14.64,14.71,archive
Well-14,2025-06-07,14.61,14.58,14.65,archive
Well-14,2025-06-08,14.58,14.55,14.62,archive
Well-14,2025-06-09,14.57,14.54,14.61,archive
Well-14,2025-06-10,14.54,14.51,14.58,archive
Well-14,2025-06-11,14.5,14.47,14.54,archive
Well-14,2025-06-12,14.35,14.32,14.39,archive
Well-14,2025-06-13,14.24,14.21,14.28,archive
Well-14,2025-06-14,14.26,14.23,14.3,archive
Well-14,2025-06-15,14.22,14.19,14.26,archive
Well-14,2025-06-16,14.0,13.97,14.04,archive
Well-14,2025-06-17,13.93,13.9,13.97,archive
Well-14,2025-06-18,13.92,13.89,13.96,archive
Well-14,2025-06-19,13.84,13.81,13.88,archive
Well-14,2025-06-20,13.78,13.75,13.82,archive
Well-14,2025-06-21,13.75,13.72,13.79,archive
Well-14,2025-06-22,13.63,13.6,13.67,archive
Well-14,2025-06-23,13.64,13.61,13.68,archive
Well-14,2025-06-24,13.55,13.52,13.59,archive
Well-14,2025-06-25,13.5,13.47,13.54,archive
Well-14,2025-06-26,13.42,13.39,13.46,archive
Well-14,2025-06-27,13.28,13.25,13.32,archive
Well-14,2025-06-28,13.2,13.17,13.24,archive
Well-14,2025-06-29,13.1,13.07,13.14,archive
Well-14,2025-06-30,13.06,13.03,13.1,archive
Well-14,2025-07-01,13.09,13.06,13.13,archive
Well-14,2025-07-02,13.03,13.0,13.07,archive
Well-14,2025-07-03,12.99,12.96,13.03,archive
Well-14,2025-07-04,12.87,12.84,12.91,archive
Well-14,2025-07-05,12.88,12.85,12.92,archive
Well-14,2025-07-06,12.89,12.86,12.93,archive
Well-14,2025-07-07,12.77,12.74,12.81,archive
Well-14,2025-07-08,12.68,12.65,12.72,archive
Well-14,2025-07-09,12.6,12.57,12.64,archive
Well-14,2025-07-10,12.55,12.52,12.59,archive
Well-14,2025-07-11,12.55,12.52,12.59,archive
Well-14,2025-07-12,12.49,12.46,12.53,archive
Well-14,2025-07-13,12.45,12.42,12.49,archive
Well-14,2025-07-14,12.4,12.37,12.44,archive
Well-14,2025-07-15,12.39,12.36,12.43,archive
Well-14,2025-07-16,12.42,12.39,12.46,archive
Well-14,2025-07-17,12.37,12.34,12.41,archive
Well-14,2025-07-18,12.3,12.27,12.34,archive
Well-14,2025-07-19,12.25,12.22,12.29,archive
Well-14,2025-07-20,12.2,12.17,12.24,archive
Well-14,2025-07-21,12.11,12.08,12.15,archive
Well-14,2025-07-22,12.06,12.03,12.1,archive
Well-14,2025-07-23,11.96,11.93,12.0,archive
Well-14,2025-07-24,11.94,11.91,11.98,archive
Well-14,2025-07-25,12.02,11.99,12.06,archive
Well-14,2025-07-26,12.01,11.98,12.05,archive
Well-14,2025-07-27,12.0,11.97,12.04,archive
Well-14,2025-07-28,12.05,12.02,12.09,archive
Well-14,2025-07-29,12.03,12.0,12.07,archive
Well-14,2025-07-30,11.95,11.92,11.99,archive
Well-14,2025-07-31,11.78,11.75,11.82,archive
Well-14,2025-08-01,11.71,11.68,11.75,archive
Well-14,2025-08-02,11.72,11.69,11.76,archive
Well-14,2025-08-03,11.69,11.66,11.73,archive
Well-14,2025-08-04,11.6,11.57,11.64,archive
Well-14,2025-08-05,11.62,11.59,11.66,archive
Well-14,2025-08-06,11.63,11.6,11.67,archive
Well-14,2025-08-07,11.62,11.59,11.66,archive
Well-14,2025-08-08,11.61,11.58,11.65,archive
Well-14,2025-08-09,11.6,11.57,11.64,archive
Well-14,2025-08-10,11.55,11.52,11.59,archive
Well-14,2025-08-11,11.56,11.53,11.6,archive
Well-14,2025-08-12,11.51,11.48,11.55,archive
Well-14,2025-08-13,11.68,11.65,11.72,archive
Well-14,2025-08-14,11.68,11.65,11.72,archive
Well-14,2025-08-15,11.72,11.69,11.76,archive
Well-14,2025-08-16,11.68,11.65,11.72,archive
Well-14,2025-08-17,11.65,11.62,11.69,archive
Well-14,2025-08-18,11.63,11.6,11.67,archive
Well-14,2025-08-19,11.66,11.63,11.7,archive
Well-14,2025-08-20,11.7,11.67,11.74,archive
Well-14,2025-08-21,11.72,11.69,11.76,archive
Well-14,2025-08-22,11.73,11.7,11.77,archive
Well-14,2025-08-23,11.69,11.66,11.73,archive
Well-14,2025-08-24,11.64,11.61,11.68,archive
Well-14,2025-08-25,11.55,11.52,11.59,archive
Well-14,2025-08-26,11.56,11.53,11.6,archive
Well-14,2025-08-27,11.56,11.53,11.6,archive
Well-14,2025-08-28,11.62,11.59,11.66,archive
Well-14,2025-08-29,11.66,11.63,11.7,archive
Well-14,2025-08-30,11.65,11.62,11.69,archive
Well-14,2025-08-31,11.64,11.61,11.68,archive
Well-14,2025-09-01,11.63,11.6,11.67,archive
Well-14,2025-09-02,11.67,11.64,11.71,archive
Well-14,2025-09-03,11.7,11.67,11.74,archive
Well-14,2025-09-04,11.8,11.77,11.84,archive
Well-14,2025-09-05,11.83,11.8,11.87,archive
Well-14,2025-09-06,11.82,11.79,11.86,archive
Well-14,2025-09-07,11.82,11.79,11.86,archive
Well-14,2025-09-08,11.82,11.79,11.86,archive
Well-14,2025-09-09,11.8,11.77,11.84,archive
Well-14,2025-09-10,11.8,11.77,11.84,archive
Well-14,2025-09-11,11.78,11.75,11.82,archive
Well-14,2025-09-12,11.74,11.71,11.78,archive
Well-14,2025-09-13,11.7,11.67,11.74,archive
Well-14,2025-09-14,11.67,11.64,11.71,archive
Well-14,2025-09-15,11.67,11.64,11.71,archive
Well-14,2025-09-16,11.71,11.68,11.75,archive
Well-14,2025-09-17,11.71,11.68,11.75,archive
Well-14,2025-09-18,11.71,11.68,11.75,archive
Well-14,2025-09-19,11.78,11.75,11.82,archive
Well-14,2025-09-20,11.83,11.8,11.87,archive
Well-14,2025-09-21,11.94,11.91,11.98,archive
Well-14,2025-09-22,11.96,11.93,12.0,archive
Well-14,2025-09-23,12.06,12.03,12.1,archive
Well-14,2025-09-24,12.06,12.03,12.1,archive
Well-14,2025-09-25,12.13,12.1,12.17,archive
Well-14,2025-09-26,12.2,12.17,12.24,archive
Well-14,2025-09-27,12.21,12.18,12.25,archive
Well-14,2025-09-28,12.29,12.26,12.33,archive
Well-14,2025-09-29,12.29,12.26,12.33,archive
Well-14,2025-09-30,12.32,12.29,12.36,archive
Well-14,2025-10-01,12.33,12.3,12.37,archive
Well-14,2025-10-02,12.36,12.33,12.4,archive
Well-14,2025-10-03,12.36,12.33,12.4,archive
Well-14,2025-10-04,12.41,12.38,12.45,archive
Well-14,2025-10-05,12.51,12.48,12.55,archive
Well-14,2025-10-06,12.52,12.49,12.56,archive
Well-14,2025-10-07,12.6,12.57,12.64,archive
Well-14,2025-10-08,12.63,12.6,12.67,archive
Well-14,2025-10-09,12.68,12.65,12.72,archive
Well-14,2025-10-10,12.77,12.74,12.81,archive
Well-14,2025-10-11,12.78,12.75,12.82,archive
Well-14,2025-10-12,12.79,12.76,12.83,archive
Well-14,2025-10-13,12.78,12.75,12.82,archive
Well-14,2025-10-14,12.84,12.81,12.88,archive
Well-14,2025-10-15,12.9,12.87,12.94,archive
Well-14,2025-10-16,12.99,12.96,13.03,archive
Well-14,2025-10-17,12.94,12.91,12.98,archive
Well-14,2025-10-18,13.0,12.97,13.04,archive
Well-14,2025-10-19,13.09,13.06,13.13,archive
Well-14,2025-10-20,13.15,13.12,13.19,archive
Well-14,2025-10-21,13.19,13.16,13.23,archive
Well-14,2025-10-22,13.19,13.16,13.23,archive
Well-14,2025-10-23,13.29,13.26,13.33,archive
Well-14,2025-10-24,13.34,13.31,13.38,archive
Well-14,2025-10-25,13.49,13.46,13.53,archive
Well-14,2025-10-26,13.45,13.42,13.49,archive
Well-14,2025-10-27,13.5,13.47,13.54,archive
Well-14,2025-10-28,13.56,13.53,13.6,archive
Well-14,2025-10-29,13.67,13.64,13.71,archive
Well-14,2025-10-30,13.69,13.66,13.73,archive
Well-14,2025-10-31,13.85,13.82,13.89,archive
Well-14,2025-11-01,13.94,13.91,13.98,archive
Well-14,2025-11-02,13.98,13.95,14.02,archive
Well-14,2025-11-03,14.02,13.99,14.06,archive
Well-14,2025-11-04,14.06,14.03,14.1,archive
Well-14,2025-11-05,14.13,14.1,14.17,archive
Well-14,2025-11-06,14.13,14.1,14.17,archive
Well-14,2025-11-07,14.26,14.23,14.3,archive
Well-14,2025-11-08,14.33,14.3,14.37,archive
Well-14,2025-11-09,14.4,14.37,14.44,archive
Well-14,2025-11-10,14.48,14.45,14.52,archive
Well-14,2025-11-11,14.55,14.52,14.59,archive
Well-14,2025-11-12,14.6,14.57,14.64,archive
Well-14,2025-11-13,14.63,14.6,14.67,archive
Well-14,2025-11-14,14.66,14.63,14.7,archive
Well-14,2025-11-15,14.69,14.66,14.73,archive
Well-14,2025-11-16,14.79,14.76,14.83,archive
Well-14,2025-11-17,14.9,14.87,14.94,archive
Well-14,2025-11-18,14.93,14.9,14.97,archive
Well-14,2025-11-19,15.04,15.01,15.08,archive
Well-14,2025-11-20,15.14,15.11,15.18,archive
Well-14,2025-11-21,15.25,15.22,15.29,archive
Well-14,2025-11-22,15.32,15.29,15.36,archive
Well-14,2025-11-23,15.41,15.38,15.45,archive
Well-14,2025-11-24,15.49,15.46,15.53,archive
Well-14,2025-11-25,15.58,15.55,15.62,archive
Well-14,2025-11-26,15.66,15.63,15.7,archive
Well-14,2025-11-27,15.74,15.71,15.78,archive
Well-14,2025-11-28,15.76,15.73,15.8,archive
Well-14,2025-11-29,15.84,15.81,15.88,archive
Well-14,2025-11-30,15.94,15.91,15.98,archive
Well-14,2025-12-01,16.0,15.97,16.04,archive
Well-14,2025-12-02,15.94,15.91,15.98,archive
Well-14,2025-12-03,15.99,15.96,16.03,archive
Well-14,2025-12-04,16.09,16.06,16.13,archive
Well-14,2025-12-05,16.18,16.15,16.22,archive
Well-14,2025-12-06,16.19,16.16,16.23,archive
Well-14,2025-12-07,16.26,16.23,16.3,archive
Well-14,2025-12-08,16.34,16.31,16.38,archive
Well-14,2025-12-09,16.4,16.37,16.44,archive
Well-14,2025-12-10,16.53,16.5,16.57,archive
Well-14,2025-12-11,16.63,16.6,16.67,archive
Well-14,2025-12-12,16.65,16.62,16.69,archive
Well-14,2025-12-13,16.73,16.7,16.77,archive
Well-14,2025-12-14,16.78,16.75,16.82,archive
Well-14,2025-12-15,16.93,16.9,16.97,live
Well-14,2025-12-16,17.01,16.98,17.05,live
Well-14,2025-12-17,17.05,17.02,17.09,live
Well-14,2025-12-18,17.13,17.1,17.17,live
Well-14,2025-12-19,17.08,17.05,17.12,live
Well-14,2025-12-20,17.14,17.11,17.18,live
Well-14,2025-12-21,17.22,17.19,17.26,live
Well-14,2025-12-22,17.24,17.21,17.28,live
Well-14,2025-12-23,17.25,17.22,17.29,live
Well-14,2025-12-24,17.36,17.33,17.4,live
Well-14,2025-12-25,17.37,17.34,17.41,live
Well-14,2025-12-26,17.88,17.85,17.92,live
Well-14,2025-12-27,17.45,17.42,17.49,live
Well-14,2025-12-28,17.54,17.51,17.58,live
Well-14,2025-12-29,17.69,17.66,17.73,live
Well-14,2025-12-30,17.69,17.66,17.73,live
Well-14,2025-12-31,17.77,17.74,17.81,live
Well-14,2026-01-01,17.87,17.84,17.91,live
Well-14,2026-01-02,17.9,17.87,17.94,live
Well-14,2026-01-03,17.96,17.93,18.0,live
Well-14,2026-01-04,18.11,18.08,18.15,live
Well-14,2026-01-05,18.13,18.1,18.17,live
Well-14,2026-01-06,18.1,18.07,18.14,live
Well-14,2026-01-07,18.12,18.09,18.16,live
Well-14,2026-01-08,18.09,18.06,18.13,live
Well-14,2026-01-09,18.22,18.19,18.26,live
Well-14,2026-01-10,18.28,18.25,18.32,live
Well-14,2026-01-11,18.33,18.3,18.37,live
Well-14,2026-01-12,18.44,18.41,18.48,live
Well-14,2026-01-13,18.53,18.5,18.57,live
Well-14,2026-01-14,18.59,18.56,18.63,live
Well-14,2026-01-15,18.62,18.59,18.66,live
Well-14,2026-01-16,18.57,18.54,18.61,live
Well-14,2026-01-17,18.7,18.67,18.74,live
Well-14,2026-01-18,18.75,18.72,18.79,live
Well-14,2026-01-19,18.77,18.74,18.81,live
Well-14,2026-01-20,19.82,19.79,19.86,live
Well-14,2026-01-21,18.8,18.77,18.84,live
Well-14,2026-01-22,18.85,18.82,18.89,live
Well-14,2026-01-23,18.87,18.84,18.91,live
Well-14,2026-01-24,18.95,18.92,18.99,live
Well-14,2026-01-25,18.97,18.94,19.01,live
Well-14,2026-01-26,19.02,18.99,19.06,live
Well-14,2026-01-27,19.08,19.05,19.12,live
Well-14,2026-01-28,19.07,19.04,19.11,live
Well-14,2026-01-29,19.14,19.11,19.18,live
Well-14,2026-01-30,19.19,19.16,19.23,live
Well-14,2026-01-31,19.16,19.13,19.2,live
Well-14,2026-02-01,19.13,19.1,19.17,live
Well-14,2026-02-02,19.27,19.24,19.31,live
Well-14,2026-02-03,19.29,19.26,19.33,live
Well-14,2026-02-04,19.32,19.29,19.36,live
Well-14,2026-02-05,19.34,19.31,19.38,live
Well-14,2026-02-06,19.36,19.33,19.4,live
Well-14,2026-02-07,19.35,19.32,19.39,live
Well-14,2026-02-08,19.41,19.38,19.45,live
Well-14,2026-02-09,19.35,19.32,19.39,live
Well-14,2026-02-10,19.41,19.38,19.45,live
Well-14,2026-02-11,19.48,19.45,19.52,live
Well-14,2026-02-12,19.4,19.37,19.44,live
Well-14,2026-02-13,19.37,19.34,19.41,live
Well-14,2026-02-14,19.48,19.45,19.52,live
Well-14,2026-02-15,19.44,19.41,19.48,live
Well-14,2026-02-16,19.44,19.41,19.48,live
Well-14,2026-02-17,19.44,19.41,19.48,live
Well-14,2026-02-18,19.42,19.39,19.46,live
Well-14,2026-02-19,19.42,19.39,19.46,live
Well-14,2026-02-20,19.44,19.41,19.48,live
Well-14,2026-02-21,19.45,19.42,19.49,live
Well-14,2026-02-22,19.4,19.37,19.44,live
Well-14,2026-02-23,19.37,19.34,19.41,live
Well-14,2026-02-24,19.36,19.33,19.4,live
Well-14,2026-02-25,19.45,19.42,19.49,live
Well-14,2026-02-26,19.44,19.41,19.48,live
Well-14,2026-02-27,19.41,19.38,19.45,live
Well-14,2026-02-28,19.38,19.35,19.42,live
Well-14,2026-03-01,19.33,19.3,19.37,live
Well-14,2026-03-02,19.23,19.2,19.27,live
Well-14,2026-03-03,19.22,19.19,19.26,live
Well-14,2026-03-04,19.28,19.25,19.32,live
Well-14,2026-03-05,19.28,19.25,19.32,live
Well-14,2026-03-06,19.26,19.23,19.3,live
Well-14,2026-03-07,19.24,19.21,19.28,live
Well-14,2026-03-08,19.23,19.2,19.27,live
Well-14,2026-03-09,20.22,20.19,20.26,live
Well-14,2026-03-10,19.16,19.13,19.2,live
Well-14,2026-03-11,19.25,19.22,19.29,live
Well-14,2026-03-12,19.28,19.25,19.32,live
Well-14,2026-03-13,19.24,19.21,19.28,live
Well-14,2026-03-14,19.14,19.11,19.18,live
Well-14,2026-03-15,19.05,19.02,19.09,live
Well-14,2026-03-16,18.99,18.96,19.03,live
Well-14,2026-03-17,18.94,18.91,18.98,live
Well-14,2026-03-18,18.92,18.89,18.96,live
Well-14,2026-03-19,18.86,18.83,18.9,live
Well-14,2026-03-20,18.9,18.87,18.94,live
Well-14,2026-03-21,18.88,18.85,18.92,live
Well-14,2026-03-22,18.92,18.89,18.96,live
Well-14,2026-03-23,18.93,18.9,18.97,live
Well-14,2026-03-24,18.96,18.93,19.0,live
Well-14,2026-03-25,18.98,18.95,19.02,live
Well-14,2026-03-26,18.87,18.84,18.91,live
Well-14,2026-03-27,18.8,18.77,18.84,live
Well-14,2026-03-28,18.76,18.73,18.8,live
Well-14,2026-03-29,18.65,18.62,18.69,live
Well-14,2026-03-30,18.62,18.59,18.66,live
Well-14,2026-03-31,18.53,18.5,18.57,live
Well-14,2026-04-01,18.43,18.4,18.47,live
Well-14,2026-04-02,18.42,18.39,18.46,live
Well-14,2026-04-03,18.34,18.31,18.38,live
Well-14,2026-04-04,18.42,18.39,18.46,live
Well-14,2026-04-05,18.42,18.39,18.46,live
Well-14,2026-04-06,18.42,18.39,18.46,live
Well-14,2026-04-07,18.39,18.36,18.43,live
Well-14,2026-04-08,18.38,18.35,18.42,live
Well-14,2026-04-09,18.29,18.26,18.33,live
Well-14,2026-04-10,18.17,18.14,18.21,live
Well-14,2026-04-11,18.01,17.98,18.05,live
Well-14,2026-04-12,18.06,18.03,18.1,live
Well-14,2026-04-13,18.02,17.99,18.06,live
Well-14,2026-04-14,18.0,17.97,18.04,live
Well-14,2026-04-15,17.91,17.88,17.95,live
Well-14,2026-04-16,17.96,17.93,18.0,live
Well-14,2026-04-17,17.83,17.8,17.87,live
Well-14,2026-04-18,17.78,17.75,17.82,live
Well-14,2026-04-19,17.75,17.72,17.79,live
Well-14,2026-04-20,17.68,17.65,17.72,live
Well-14,2026-04-21,17.61,17.58,17.65,live
Well-14,2026-04-22,17.56,17.53,17.6,live
Well-14,2026-04-23,17.49,17.46,17.53,live
Well-14,2026-04-24,17.44,17.41,17.48,live
Well-14,2026-04-25,17.44,17.41,17.48,live
Well-14,2026-04-26,17.42,17.39,17.46,live
Well-14,2026-04-27,17.4,17.37,17.44,live
Well-14,2026-04-28,17.35,17.32,17.39,live
Well-14,2026-04-29,17.25,17.22,17.29,live
Well-14,2026-04-30,17.14,17.11,17.18,live
Well-14,2026-05-01,17.08,17.05,17.12,live
Well-14,2026-05-02,16.93,16.9,16.97,live
Well-14,2026-05-03,16.85,16.82,16.89,live
Well-14,2026-05-04,16.76,16.73,16.8,live
Well-14,2026-05-05,16.73,16.7,16.77,live
Well-14,2026-05-06,16.65,16.62,16.69,live
Well-14,2026-05-07,16.62,16.59,16.66,live
Well-14,2026-05-08,16.51,16.48,16.55,live
Well-14,2026-05-09,16.45,16.42,16.49,live
Well-14,2026-05-10,16.46,16.43,16.5,live
Well-14,2026-05-11,16.42,16.39,16.46,live
Well-14,2026-05-12,16.39,16.36,16.43,live
Well-14,2026-05-13,16.36,16.33,16.4,live
Well-14,2026-05-14,16.33,16.3,16.37,live
Well-14,2026-05-15,16.26,16.23,16.3,live
Well-14,2026-05-16,16.25,16.22,16.29,live
Well-14,2026-05-17,16.26,16.23,16.3,live
Well-14,2026-05-18,16.14,16.11,16.18,live
Well-14,2026-05-19,15.96,15.93,16.0,live
Well-14,2026-05-20,15.82,15.79,15.86,live
Well-14,2026-05-21,15.64,15.61,15.68,live
Well-14,2026-05-22,15.55,15.52,15.59,live
Well-14,2026-05-23,15.51,15.48,15.55,live
Well-14,2026-05-24,15.46,15.43,15.5,live
Well-14,2026-05-25,15.44,15.41,15.48,live
Well-14,2026-05-26,15.27,15.24,15.31,live
Well-14,2026-05-27,15.2,15.17,15.24,live
Well-14,2026-05-28,15.11,15.08,15.15,live
Well-14,2026-05-29,15.15,15.12,15.19,live
Well-14,2026-05-30,15.03,15.0,15.07,live
Well-14,2026-05-31,14.95,14.92,14.99,live
Well-14,2026-06-01,14.9,14.87,14.94,live
Well-14,2026-06-02,14.86,14.83,14.9,live
Well-14,2026-06-03,14.87,14.84,14.91,live
Well-14,2026-06-04,14.87,14.84,14.91,live
Well-14,2026-06-05,14.79,14.76,14.83,live
Well-14,2026-06-06,14.64,14.61,14.68,live
Well-14,2026-06-07,14.61,14.58,14.65,live
Well-14,2026-06-08,14.56,14.53,14.6,live
Well-14,2026-06-09,14.48,14.45,14.52,live
Well-14,2026-06-10,14.38,14.35,14.42,live
Well-14,2026-06-11,14.27,14.24,14.31,live
Well-14,2026-06-12,14.14,14.11,14.18,live
Well-14,2026-06-13,14.1,14.07,14.14,live
Well-14,2026-06-14,14.06,14.03,14.1,live
Well-14,2026-06-15,14.0,13.97,14.04,live
Well-14,2026-06-16,13.95,13.92,13.99,live
Well-14,2026-06-17,13.9,13.87,13.94,live
Well-14,2026-06-18,13.81,13.78,13.85,live
Well-14,2026-06-19,13.75,13.72,13.79,live
Well-14,2026-06-20,13.71,13.68,13.75,live
Well-14,2026-06-21,13.61,13.58,13.65,live
Well-14,2026-06-22,13.57,13.54,13.61,live
Well-14,2026-06-23,13.67,13.64,13.71,live
Well-14,2026-06-24,13.58,13.55,13.62,live
Well-14,2026-06-25,13.57,13.54,13.61,live
Well-14,2026-06-26,13.51,13.48,13.55,live
Well-14,2026-06-27,13.43,13.4,13.47,live
Well-14,2026-06-28,13.3,13.27,13.34,live
Well-14,2026-06-29,13.31,13.28,13.35,live
Well-14,2026-06-30,13.2,13.17,13.24,live
Well-14,2026-07-01,13.16,13.13,13.2,live
Well-14,2026-07-02,13.09,13.06,13.13,live
Well-14,2026-07-03,13.09,13.06,13.13,live
Well-14,2026-07-04,13.05,13.02,13.09,live
Well-14,2026-07-05,13.05,13.02,13.09,live
Well-14,2026-07-06,12.97,12.94,13.01,live
Well-14,2026-07-07,12.95,12.92,12.99,live
Well-14,2026-07-08,12.93,12.9,12.97,live
Well-14,2026-07-09,12.88,12.85,12.92,live
Well-14,2026-07-10,12.8,12.77,12.84,live
Well-14,2026-07-11,12.77,12.74,12.81,live
Well-14,2026-07-12,12.72,12.69,12.76,live
Well-14,2026-07-13,12.65,12.62,12.69,live
Well-14,2026-07-14,12.51,12.48,12.55,live
Well-14,2026-07-15,12.55,12.52,12.59,live
Well-14,2026-07-16,12.59,12.56,12.63,live
Well-14,2026-07-17,12.51,12.48,12.55,live
Well-14,2026-07-18,12.36,12.33,12.4,live
Well-14,2026-07-19,12.24,12.21,12.28,live
Well-14,2026-07-20,12.21,12.18,12.25,live
Well-14,2026-07-21,12.13,12.1,12.17,live
Well-14,2026-07-22,12.02,11.99,12.06,live
Well-14,2026-07-23,11.96,11.93,12.0,live
Well-14,2026-07-24,11.92,11.89,11.96,live
Well-14,2026-07-25,11.91,11.88,11.95,live
Well-14,2026-07-26,11.9,11.87,11.94,live
Well-14,2026-07-27,11.9,11.87,11.94,live
Well-14,2026-07-28,11.85,11.82,11.89,live
Well-14,2026-07-29,11.91,11.88,11.95,live
Well-14,2026-07-30,11.85,11.82,11.89,live
Well-14,2026-07-31,11.84,11.81,11.88,live
Well-14,2026-08-01,11.79,11.76,11.83,live
Well-14,2026-08-02,11.89,11.86,11.93,live
Well-14,2026-08-03,11.91,11.88,11.95,live
Well-14,2026-08-04,11.83,11.8,11.87,live
Well-14,2026-08-05,11.81,11.78,11.85,live
Well-14,2026-08-06,11.75,11.72,11.79,live
Well-14,2026-08-07,11.67,11.64,11.71,live
Well-14,2026-08-08,11.69,11.66,11.73,live
Well-14,2026-08-09,11.58,11.55,11.62,live
Well-14,2026-08-10,11.56,11.53,11.6,live
Well-14,2026-08-11,11.57,11.54,11.61,live
Well-14,2026-08-12,11.54,11.51,11.58,live
Well-14,2026-08-13,11.51,11.48,11.55,live
Well-14,2026-08-14,11.55,11.52,11.59,live
Well-14,2026-08-15,11.5,11.47,11.54,live
Well-14,2026-08-16,11.49,11.46,11.53,live
Well-14,2026-08-17,11.46,11.43,11.5,live
Well-14,2026-08-18,11.48,11.45,11.52,live
Well-14,2026-08-19,11.58,11.55,11.62,live
Well-14,2026-08-20,11.46,11.43,11.5,live
Well-14,2026-08-21,11.37,11.34,11.41,live
Well-14,2026-08-22,11.4,11.37,11.44,live
Well-14,2026-08-23,11.46,11.43,11.5,live
Well-14,2026-08-24,11.48,11.45,11.52,live
Well-14,2026-08-25,11.45,11.42,11.49,live
Well-14,2026-08-26,11.46,11.43,11.5,live
Well-14,2026-08-27,11.52,11.49,11.56,live
Well-14,2026-08-28,11.51,11.48,11.55,live
Well-14,2026-08-29,11.61,11.58,11.65,live
Well-14,2026-08-30,11.61,11.58,11.65,live
Well-14,2026-08-31,11.57,11.54,11.61,live
Well-14,2026-09-01,11.57,11.54,11.61,live
Well-14,2026-09-02,11.52,11.49,11.56,live
Well-14,2026-09-03,11.57,11.54,11.61,live
Well-14,2026-09-04,11.61,11.58,11.65,live
Well-14,2026-09-05,11.6,11.57,11.64,live
Well-14,2026-09-06,11.6,11.57,11.64,live
Well-14,2026-09-07,11.61,11.58,11.65,live
Well-14,2026-09-08,11.57,11.54,11.61,live
Well-14,2026-09-09,11.59,11.56,11.63,live
Well-14,2026-09-10,11.54,11.51,11.58,live
Well-14,2026-09-11,11.57,11.54,11.61,live
Well-14,2026-09-12,11.67,11.64,11.71,live
Well-14,2026-09-13,11.72,11.69,11.76,live
Well-14,2026-09-14,11.69,11.66,11.73,live
Well-14,2026-09-15,11.67,11.64,11.71,live
Well-14,2026-09-16,11.7,11.67,11.74,live
Well-14,2026-09-17,11.75,11.72,11.79,live
Well-14,2026-09-18,11.86,11.83,11.9,live
Well-14,2026-09-19,11.87,11.84,11.91,live
Well-14,2026-09-20,11.84,11.81,11.88,live
Well-14,2026-09-21,11.85,11.82,11.89,live
Well-14,2026-09-22,11.97,11.94,12.01,live
Well-14,2026-09-23,12.11,12.08,12.15,live
Well-14,2026-09-24,12.11,12.08,12.15,live
Well-16,2022-06-01,10.32,10.29,10.36,archive
Well-16,2022-06-02,10.38,10.35,10.42,archive
Well-16,2022-06-03,10.36,10.33,10.4,archive
Well-16,2022-06-04,10.2,10.17,10.24,archive
Well-16,2022-06-05,10.22,10.19,10.26,archive
Well-16,2022-06-06,10.26,10.23,10.3,archive
Well-16,2022-06-07,10.24,10.21,10.28,archive
Well-16,2022-06-08,10.17,10.14,10.21,archive
Well-16,2022-06-09,10.16,10.13,10.2,archive
Well-16,2022-06-10,10.16,10.13,10.2,archive
Well-16,2022-06-11,10.15,10.12,10.19,archive
Well-16,2022-06-12,10.14,10.11,10.18,archive
Well-16,2022-06-13,10.21,10.18,10.25,archive
Well-16,2022-06-14,10.1,10.07,10.14,archive
Well-16,2022-06-15,10.16,10.13,10.2,archive
Well-16,2022-06-16,10.03,10.0,10.07,archive
Well-16,2022-06-17,10.03,10.0,10.07,archive
Well-16,2022-06-18,9.98,9.95,10.02,archive
Well-16,2022-06-19,10.03,10.0,10.07,archive
Well-16,2022-06-20,10.02,9.99,10.06,archive
Well-16,2022-06-21,9.98,9.95,10.02,archive
Well-16,2022-06-22,10.0,9.97,10.04,archive
Well-16,2022-06-23,10.03,10.0,10.07,archive
Well-16,2022-06-24,10.05,10.02,10.09,archive
Well-16,2022-06-25,10.06,10.03,10.1,archive
Well-16,2022-06-26,10.13,10.1,10.17,archive
Well-16,2022-06-27,10.08,10.05,10.12,archive
Well-16,2022-06-28,10.08,10.05,10.12,archive
Well-16,2022-06-29,10.2,10.17,10.24,archive
Well-16,2022-06-30,10.11,10.08,10.15,archive
Well-16,2022-07-01,10.04,10.01,10.08,archive
Well-16,2022-07-02,10.0,9.97,10.04,archive
Well-16,2022-07-03,9.99,9.96,10.03,archive
Well-16,2022-07-04,9.99,9.96,10.03,archive
Well-16,2022-07-05,9.89,9.86,9.93,archive
Well-16,2022-07-06,9.87,9.84,9.91,archive
Well-16,2022-07-07,9.82,9.79,9.86,archive
Well-16,2022-07-08,9.8,9.77,9.84,archive
Well-16,2022-07-09,9.83,9.8,9.87,archive
Well-16,2022-07-10,9.73,9.7,9.77,archive
Well-16,2022-07-11,9.73,9.7,9.77,archive
Well-16,2022-07-12,9.77,9.74,9.81,archive
Well-16,2022-07-13,9.73,9.7,9.77,archive
Well-16,2022-07-14,9.68,9.65,9.72,archive
Well-16,2022-07-15,9.66,9.63,9.7,archive
Well-16,2022-07-16,9.75,9.72,9.79,archive
Well-16,2022-07-17,9.78,9.75,9.82,archive
Well-16,2022-07-18,9.75,9.72,9.79,archive
Well-16,2022-07-19,9.68,9.65,9.72,archive
Well-16,2022-07-20,9.68,9.65,9.72,archive
Well-16,2022-07-21,9.68,9.65,9.72,archive
Well-16,2022-07-22,9.66,9.63,9.7,archive
Well-16,2022-07-23,9.62,9.59,9.66,archive
Well-16,2022-07-24,9.59,9.56,9.63,archive
Well-16,2022-07-25,9.6,9.57,9.64,archive
Well-16,2022-07-26,9.49,9.46,9.53,archive
Well-16,2022-07-27,9.57,9.54,9.61,archive
Well-16,2022-07-28,9.53,9.5,9.57,archive
Well-16,2022-07-29,9.48,9.45,9.52,archive
Well-16,2022-07-30,9.44,9.41,9.48,archive
Well-16,2022-07-31,9.45,9.42,9.49,archive
Well-16,2022-08-01,9.52,9.49,9.56,archive
Well-16,2022-08-02,9.49,9.46,9.53,archive
Well-16,2022-08-03,9.44,9.41,9.48,archive
Well-16,2022-08-04,9.42,9.39,9.46,archive
Well-16,2022-08-05,9.36,9.33,9.4,archive
Well-16,2022-08-06,9.44,9.41,9.48,archive
Well-16,2022-08-07,9.36,9.33,9.4,archive
Well-16,2022-08-08,9.38,9.35,9.42,archive
Well-16,2022-08-09,9.34,9.31,9.38,archive
Well-16,2022-08-10,9.3,9.27,9.34,archive
Well-16,2022-08-11,9.21,9.18,9.25,archive
Well-16,2022-08-12,9.16,9.13,9.2,archive
Well-16,2022-08-13,9.14,9.11,9.18,archive
Well-16,2022-08-14,9.17,9.14,9.21,archive
Well-16,2022-08-15,9.13,9.1,9.17,archive
Well-16,2022-08-16,9.23,9.2,9.27,archive
Well-16,2022-08-17,9.15,9.12,9.19,archive
Well-16,2022-08-18,9.16,9.13,9.2,archive
Well-16,2022-08-19,9.23,9.2,9.27,archive
Well-16,2022-08-20,9.2,9.17,9.24,archive
Well-16,2022-08-21,9.2,9.17,9.24,archive
Well-16,2022-08-22,9.24,9.21,9.28,archive
Well-16,2022-08-23,9.25,9.22,9.29,archive
Well-16,2022-08-24,9.21,9.18,9.25,archive
Well-16,2022-08-25,9.3,9.27,9.34,archive
Well-16,2022-08-26,9.32,9.29,9.36,archive
Well-16,2022-08-27,9.36,9.33,9.4,archive
Well-16,2022-08-28,9.38,9.35,9.42,archive
Well-16,2022-08-29,9.44,9.41,9.48,archive
Well-16,2022-08-30,9.4,9.37,9.44,archive
Well-16,2022-08-31,9.3,9.27,9.34,archive
Well-16,2022-09-01,9.24,9.21,9.28,archive
Well-16,2022-09-02,9.07,9.04,9.11,archive
Well-16,2022-09-03,9.14,9.11,9.18,archive
Well-16,2022-09-04,9.08,9.05,9.12,archive
Well-16,2022-09-05,9.13,9.1,9.17,archive
Well-16,2022-09-06,9.14,9.11,9.18,archive
Well-16,2022-09-07,9.22,9.19,9.26,archive
Well-16,2022-09-08,9.2,9.17,9.24,archive
Well-16,2022-09-09,9.21,9.18,9.25,archive
Well-16,2022-09-10,9.26,9.23,9.3,archive
Well-16,2022-09-11,9.2,9.17,9.24,archive
Well-16,2022-09-12,9.24,9.21,9.28,archive
Well-16,2022-09-13,9.28,9.25,9.32,archive
Well-16,2022-09-14,9.24,9.21,9.28,archive
Well-16,2022-09-15,9.25,9.22,9.29,archive
Well-16,2022-09-16,9.29,9.26,9.33,archive
Well-16,2022-09-17,9.34,9.31,9.38,archive
Well-16,2022-09-18,9.43,9.4,9.47,archive
Well-16,2022-09-19,9.43,9.4,9.47,archive
Well-16,2022-09-20,9.46,9.43,9.5,archive
Well-16,2022-09-21,9.47,9.44,9.51,archive
Well-16,2022-09-22,9.47,9.44,9.51,archive
Well-16,2022-09-23,9.44,9.41,9.48,archive
Well-16,2022-09-24,9.43,9.4,9.47,archive
Well-16,2022-09-25,9.48,9.45,9.52,archive
Well-16,2022-09-26,9.49,9.46,9.53,archive
Well-16,2022-09-27,9.47,9.44,9.51,archive
Well-16,2022-09-28,9.55,9.52,9.59,archive
Well-16,2022-09-29,9.55,9.52,9.59,archive
Well-16,2022-09-30,9.55,9.52,9.59,archive
Well-16,2022-10-01,9.52,9.49,9.56,archive
Well-16,2022-10-02,9.57,9.54,9.61,archive
Well-16,2022-10-03,9.62,9.59,9.66,archive
Well-16,2022-10-04,9.66,9.63,9.7,archive
Well-16,2022-10-05,9.65,9.62,9.69,archive
Well-16,2022-10-06,9.69,9.66,9.73,archive
Well-16,2022-10-07,9.71,9.68,9.75,archive
Well-16,2022-10-08,9.71,9.68,9.75,archive
Well-16,2022-10-09,9.66,9.63,9.7,archive
Well-16,2022-10-10,9.66,9.63,9.7,archive
Well-16,2022-10-11,9.66,9.63,9.7,archive
Well-16,2022-10-12,9.63,9.6,9.67,archive
Well-16,2022-10-13,9.67,9.64,9.71,archive
Well-16,2022-10-14,9.69,9.66,9.73,archive
Well-16,2022-10-15,9.7,9.67,9.74,archive
Well-16,2022-10-16,9.65,9.62,9.69,archive
Well-16,2022-10-17,9.71,9.68,9.75,archive
Well-16,2022-10-18,9.72,9.69,9.76,archive
Well-16,2022-10-19,9.75,9.72,9.79,archive
Well-16,2022-10-20,9.71,9.68,9.75,archive
Well-16,2022-10-21,9.72,9.69,9.76,archive
Well-16,2022-10-22,9.74,9.71,9.78,archive
Well-16,2022-10-23,9.76,9.73,9.8,archive
Well-16,2022-10-24,9.86,9.83,9.9,archive
Well-16,2022-10-25,9.89,9.86,9.93,archive
Well-16,2022-10-26,9.89,9.86,9.93,archive
Well-16,2022-10-27,9.99,9.96,10.03,archive
Well-16,2022-10-28,10.03,10.0,10.07,archive
Well-16,2022-10-29,10.08,10.05,10.12,archive
Well-16,2022-10-30,10.1,10.07,10.14,archive
Well-16,2022-10-31,10.04,10.01,10.08,archive
Well-16,2022-11-01,9.99,9.96,10.03,archive
Well-16,2022-11-02,10.08,10.05,10.12,archive
Well-16,2022-11-03,10.05,10.02,10.09,archive
Well-16,2022-11-04,10.0,9.97,10.04,archive
Well-16,2022-11-05,10.04,10.01,10.08,archive
Well-16,2022-11-06,10.08,10.05,10.12,archive
Well-16,2022-11-07,10.06,10.03,10.1,archive
Well-16,2022-11-08,10.07,10.04,10.11,archive
Well-16,2022-11-09,10.13,10.1,10.17,archive
Well-16,2022-11-10,10.18,10.15,10.22,archive
Well-16,2022-11-11,10.2,10.17,10.24,archive
Well-16,2022-11-12,10.11,10.08,10.15,archive
Well-16,2022-11-13,10.17,10.14,10.21,archive
Well-16,2022-11-14,10.23,10.2,10.27,archive
Well-16,2022-11-15,10.3,10.27,10.34,archive
Well-16,2022-11-16,10.36,10.33,10.4,archive
Well-16,2022-11-17,10.37,10.34,10.41,archive
Well-16,2022-11-18,10.44,10.41,10.48,archive
Well-16,2022-11-19,10.49,10.46,10.53,archive
Well-16,2022-11-20,10.58,10.55,10.62,archive
Well-16,2022-11-21,10.61,10.58,10.65,archive
Well-16,2022-11-22,10.53,10.5,10.57,archive
Well-16,2022-11-23,10.62,10.59,10.66,archive
Well-16,2022-11-24,10.54,10.51,10.58,archive
Well-16,2022-11-25,10.58,10.55,10.62,archive
Well-16,2022-11-26,10.53,10.5,10.57,archive
Well-16,2022-11-27,10.5,10.47,10.54,archive
Well-16,2022-11-28,10.57,10.54,10.61,archive
Well-16,2022-11-29,10.59,10.56,10.63,archive
Well-16,2022-11-30,10.64,10.61,10.68,archive
Well-16,2022-12-01,10.7,10.67,10.74,archive
Well-16,2022-12-02,10.76,10.73,10.8,archive
Well-16,2022-12-03,10.74,10.71,10.78,archive
Well-16,2022-12-04,10.81,10.78,10.85,archive
Well-16,2022-12-05,10.85,10.82,10.89,archive
Well-16,2022-12-06,10.83,10.8,10.87,archive
Well-16,2022-12-07,10.94,10.91,10.98,archive
Well-16,2022-12-08,10.95,10.92,10.99,archive
Well-16,2022-12-09,10.93,10.9,10.97,archive
Well-16,2022-12-10,10.82,10.79,10.86,archive
Well-16,2022-12-11,10.87,10.84,10.91,archive
Well-16,2022-12-12,10.88,10.85,10.92,archive
Well-16,2022-12-13,10.86,10.83,10.9,archive
Well-16,2022-12-14,10.86,10.83,10.9,archive
Well-16,2022-12-15,10.87,10.84,10.91,archive
Well-16,2022-12-16,10.88,10.85,10.92,archive
Well-16,2022-12-17,10.9,10.87,10.94,archive
Well-16,2022-12-18,11.0,10.97,11.04,archive
Well-16,2022-12-19,10.92,10.89,10.96,archive
Well-16,2022-12-20,10.9,10.87,10.94,archive
Well-16,2022-12-21,10.97,10.94,11.01,archive
Well-16,2022-12-22,10.98,10.95,11.02,archive
Well-16,2022-12-23,11.01,10.98,11.05,archive
Well-16,2022-12-24,10.98,10.95,11.02,archive
Well-16,2022-12-25,11.0,10.97,11.04,archive
Well-16,2022-12-26,10.97,10.94,11.01,archive
Well-16,2022-12-27,10.94,10.91,10.98,archive
Well-16,2022-12-28,11.03,11.0,11.07,archive
Well-16,2022-12-29,11.05,11.02,11.09,archive
Well-16,2022-12-30,11.04,11.01,11.08,archive
Well-16,2022-12-31,11.0,10.97,11.04,archive
Well-16,2023-01-01,11.94,11.91,11.98,archive
Well-16,2023-01-02,11.02,10.99,11.06,archive
Well-16,2023-01-03,11.06,11.03,11.1,archive
Well-16,2023-01-04,11.14,11.11,11.18,archive
Well-16,2023-01-05,11.09,11.06,11.13,archive
Well-16,2023-01-06,11.18,11.15,11.22,archive
Well-16,2023-01-07,11.23,11.2,11.27,archive
Well-16,2023-01-08,11.18,11.15,11.22,archive
Well-16,2023-01-09,11.15,11.12,11.19,archive
Well-16,2023-01-10,11.15,11.12,11.19,archive
Well-16,2023-01-11,11.2,11.17,11.24,archive
Well-16,2023-01-12,11.23,11.2,11.27,archive
Well-16,2023-01-13,11.27,11.24,11.31,archive
Well-16,2023-01-14,11.28,11.25,11.32,archive
Well-16,2023-01-15,11.17,11.14,11.21,archive
Well-16,2023-01-16,11.17,11.14,11.21,archive
Well-16,2023-01-17,11.33,11.3,11.37,archive
Well-16,2023-01-18,11.35,11.32,11.39,archive
Well-16,2023-01-19,11.36,11.33,11.4,archive
Well-16,2023-01-20,11.33,11.3,11.37,archive
Well-16,2023-01-21,11.39,11.36,11.43,archive
Well-16,2023-01-22,11.37,11.34,11.41,archive
Well-16,2023-01-23,11.32,11.29,11.36,archive
Well-16,2023-01-24,11.37,11.34,11.41,archive
Well-16,2023-01-25,11.35,11.32,11.39,archive
Well-16,2023-01-26,11.34,11.31,11.38,archive
Well-16,2023-01-27,11.41,11.38,11.45,archive
Well-16,2023-01-28,11.42,11.39,11.46,archive
Well-16,2023-01-29,11.42,11.39,11.46,archive
Well-16,2023-01-30,11.41,11.38,11.45,archive
Well-16,2023-01-31,11.42,11.39,11.46,archive
Well-16,2023-02-01,11.44,11.41,11.48,archive
Well-16,2023-02-02,11.53,11.5,11.57,archive
Well-16,2023-02-03,11.44,11.41,11.48,archive
Well-16,2023-02-04,11.53,11.5,11.57,archive
Well-16,2023-02-05,11.52,11.49,11.56,archive
Well-16,2023-02-06,11.48,11.45,11.52,archive
Well-16,2023-02-07,11.35,11.32,11.39,archive
Well-16,2023-02-08,11.33,11.3,11.37,archive
Well-16,2023-02-09,11.38,11.35,11.42,archive
Well-16,2023-02-10,11.4,11.37,11.44,archive
Well-16,2023-02-11,11.42,11.39,11.46,archive
Well-16,2023-02-12,11.48,11.45,11.52,archive
Well-16,2023-02-13,11.47,11.44,11.51,archive
Well-16,2023-02-14,11.55,11.52,11.59,archive
Well-16,2023-02-15,11.53,11.5,11.57,archive
Well-16,2023-02-16,11.5,11.47,11.54,archive
Well-16,2023-02-17,11.59,11.56,11.63,archive
Well-16,2023-02-18,11.51,11.48,11.55,archive
Well-16,2023-02-19,11.55,11.52,11.59,archive
Well-16,2023-02-20,11.57,11.54,11.61,archive
Well-16,2023-02-21,11.69,11.66,11.73,archive
Well-16,2023-02-22,11.78,11.75,11.82,archive
Well-16,2023-02-23,11.72,11.69,11.76,archive
Well-16,2023-02-24,11.69,11.66,11.73,archive
Well-16,2023-02-25,11.69,11.66,11.73,archive
Well-16,2023-02-26,11.69,11.66,11.73,archive
Well-16,2023-02-27,11.69,11.66,11.73,archive
Well-16,2023-02-28,11.75,11.72,11.79,archive
Well-16,2023-03-01,11.73,11.7,11.77,archive
Well-16,2023-03-02,11.76,11.73,11.8,archive
Well-16,2023-03-03,11.75,11.72,11.79,archive
Well-16,2023-03-04,11.81,11.78,11.85,archive
Well-16,2023-03-05,11.86,11.83,11.9,archive
Well-16,2023-03-06,11.9,11.87,11.94,archive
Well-16,2023-03-07,11.85,11.82,11.89,archive
Well-16,2023-03-08,11.78,11.75,11.82,archive
Well-16,2023-03-09,11.76,11.73,11.8,archive
Well-16,2023-03-10,11.74,11.71,11.78,archive
Well-16,2023-03-11,11.71,11.68,11.75,archive
Well-16,2023-03-12,11.67,11.64,11.71,archive
Well-16,2023-03-13,11.67,11.64,11.71,archive
Well-16,2023-03-14,11.68,11.65,11.72,archive
Well-16,2023-03-15,11.75,11.72,11.79,archive
Well-16,2023-03-16,11.79,11.76,11.83,archive
Well-16,2023-03-17,11.85,11.82,11.89,archive
Well-16,2023-03-18,11.75,11.72,11.79,archive
Well-16,2023-03-19,11.69,11.66,11.73,archive
Well-16,2023-03-20,11.78,11.75,11.82,archive
Well-16,2023-03-21,11.84,11.81,11.88,archive
Well-16,2023-03-22,11.87,11.84,11.91,archive
Well-16,2023-03-23,11.83,11.8,11.87,archive
Well-16,2023-03-24,11.81,11.78,11.85,archive
Well-16,2023-03-25,11.77,11.74,11.81,archive
Well-16,2023-03-26,11.74,11.71,11.78,archive
Well-16,2023-03-27,11.69,11.66,11.73,archive
Well-16,2023-03-28,11.67,11.64,11.71,archive
Well-16,2023-03-29,11.65,11.62,11.69,archive
Well-16,2023-03-30,11.58,11.55,11.62,archive
Well-16,2023-03-31,11.62,11.59,11.66,archive
Well-16,2023-04-01,11.67,11.64,11.71,archive
Well-16,2023-04-02,11.67,11.64,11.71,archive
Well-16,2023-04-03,11.58,11.55,11.62,archive
Well-16,2023-04-04,11.59,11.56,11.63,archive
Well-16,2023-04-05,11.54,11.51,11.58,archive
Well-16,2023-04-06,11.5,11.47,11.54,archive
Well-16,2023-04-07,11.41,11.38,11.45,archive
Well-16,2023-04-08,11.36,11.33,11.4,archive
Well-16,2023-04-09,11.45,11.42,11.49,archive
Well-16,2023-04-10,11.38,11.35,11.42,archive
Well-16,2023-04-11,11.43,11.4,11.47,archive
Well-16,2023-04-12,11.43,11.4,11.47,archive
Well-16,2023-04-13,11.44,11.41,11.48,archive
Well-16,2023-04-14,11.43,11.4,11.47,archive
Well-16,2023-04-15,11.4,11.37,11.44,archive
Well-16,2023-04-16,11.46,11.43,11.5,archive
Well-16,2023-04-17,11.48,11.45,11.52,archive
Well-16,2023-04-18,11.47,11.44,11.51,archive
Well-16,2023-04-19,11.4,11.37,11.44,archive
Well-16,2023-04-20,11.44,11.41,11.48,archive
Well-16,2023-04-21,11.36,11.33,11.4,archive
Well-16,2023-04-22,11.35,11.32,11.39,archive
Well-16,2023-04-23,11.38,11.35,11.42,archive
Well-16,2023-04-24,11.39,11.36,11.43,archive
Well-16,2023-04-25,11.4,11.37,11.44,archive
Well-16,2023-04-26,11.31,11.28,11.35,archive
Well-16,2023-04-27,11.22,11.19,11.26,archive
Well-16,2023-04-28,11.14,11.11,11.18,archive
Well-16,2023-04-29,11.11,11.08,11.15,archive
Well-16,2023-04-30,11.09,11.06,11.13,archive
Well-16,2023-05-01,11.08,11.05,11.12,archive
Well-16,2023-05-02,11.19,11.16,11.23,archive
Well-16,2023-05-03,11.19,11.16,11.23,archive
Well-16,2023-05-04,11.16,11.13,11.2,archive
Well-16,2023-05-05,11.14,11.11,11.18,archive
Well-16,2023-05-06,11.05,11.02,11.09,archive
Well-16,2023-05-07,11.05,11.02,11.09,archive
Well-16,2023-05-08,11.08,11.05,11.12,archive
Well-16,2023-05-09,11.02,10.99,11.06,archive
Well-16,2023-05-10,10.98,10.95,11.02,archive
Well-16,2023-05-11,10.95,10.92,10.99,archive
Well-16,2023-05-12,10.93,10.9,10.97,archive
Well-16,2023-05-13,10.97,10.94,11.01,archive
Well-16,2023-05-14,10.96,10.93,11.0,archive
Well-16,2023-05-15,10.95,10.92,10.99,archive
Well-16,2023-05-16,10.84,10.81,10.88,archive
Well-16,2023-05-17,10.78,10.75,10.82,archive
Well-16,2023-05-18,10.77,10.74,10.81,archive
Well-16,2023-05-19,10.69,10.66,10.73,archive
Well-16,2023-05-20,10.69,10.66,10.73,archive
Well-16,2023-05-21,10.64,10.61,10.68,archive
Well-16,2023-05-22,10.66,10.63,10.7,archive
Well-16,2023-05-23,10.51,10.48,10.55,archive
Well-16,2023-05-24,10.5,10.47,10.54,archive
Well-16,2023-05-25,10.39,10.36,10.43,archive
Well-16,2023-05-26,10.31,10.28,10.35,archive
Well-16,2023-05-27,10.33,10.3,10.37,archive
Well-16,2023-05-28,10.35,10.32,10.39,archive
Well-16,2023-05-29,10.31,10.28,10.35,archive
Well-16,2023-05-30,10.23,10.2,10.27,archive
Well-16,2023-05-31,10.14,10.11,10.18,archive
Well-16,2023-06-01,10.11,10.08,10.15,archive
Well-16,2023-06-02,10.03,10.0,10.07,archive
Well-16,2023-06-03,9.99,9.96,10.03,archive
Well-16,2023-06-04,9.97,9.94,10.01,archive
Well-16,2023-06-05,9.98,9.95,10.02,archive
Well-16,2023-06-06,9.97,9.94,10.01,archive
Well-16,2023-06-07,9.97,9.94,10.01,archive
Well-16,2023-06-08,10.0,9.97,10.04,archive
Well-16,2023-06-09,10.02,9.99,10.06,archive
Well-16,2023-06-10,9.93,9.9,9.97,archive
Well-16,2023-06-11,9.95,9.92,9.99,archive
Well-16,2023-06-12,9.91,9.88,9.95,archive
Well-16,2023-06-13,9.9,9.87,9.94,archive
Well-16,2023-06-14,9.96,9.93,10.0,archive
Well-16,2023-06-15,10.0,9.97,10.04,archive
Well-16,2023-06-16,10.01,9.98,10.05,archive
Well-16,2023-06-17,10.01,9.98,10.05,archive
Well-16,2023-06-18,9.99,9.96,10.03,archive
Well-16,2023-06-19,10.02,9.99,10.06,archive
Well-16,2023-06-20,10.02,9.99,10.06,archive
Well-16,2023-06-21,10.06,10.03,10.1,archive
Well-16,2023-06-22,10.06,10.03,10.1,archive
Well-16,2023-06-23,10.08,10.05,10.12,archive
Well-16,2023-06-24,9.99,9.96,10.03,archive
Well-16,2023-06-25,9.98,9.95,10.02,archive
Well-16,2023-06-26,9.99,9.96,10.03,archive
Well-16,2023-06-27,9.97,9.94,10.01,archive
Well-16,2023-06-28,10.01,9.98,10.05,archive
Well-16,2023-06-29,9.97,9.94,10.01,archive
Well-16,2023-06-30,9.85,9.82,9.89,archive
Well-16,2023-07-01,9.84,9.81,9.88,archive
Well-16,2023-07-02,9.85,9.82,9.89,archive
Well-16,2023-07-03,9.79,9.76,9.83,archive
Well-16,2023-07-04,9.77,9.74,9.81,archive
Well-16,2023-07-05,9.7,9.67,9.74,archive
Well-16,2023-07-06,9.62,9.59,9.66,archive
Well-16,2023-07-07,9.6,9.57,9.64,archive
Well-16,2023-07-08,9.66,9.63,9.7,archive
Well-16,2023-07-09,9.62,9.59,9.66,archive
Well-16,2023-07-10,9.65,9.62,9.69,archive
Well-16,2023-07-11,9.6,9.57,9.64,archive
Well-16,2023-07-12,9.53,9.5,9.57,archive
Well-16,2023-07-13,9.47,9.44,9.51,archive
Well-16,2023-07-14,9.46,9.43,9.5,archive
Well-16,2023-07-15,9.55,9.52,9.59,archive
Well-16,2023-07-16,9.63,9.6,9.67,archive
Well-16,2023-07-17,9.68,9.65,9.72,archive
Well-16,2023-07-18,9.61,9.58,9.65,archive
Well-16,2023-07-19,9.63,9.6,9.67,archive
Well-16,2023-07-20,9.61,9.58,9.65,archive
Well-16,2023-07-21,9.62,9.59,9.66,archive
Well-16,2023-07-22,9.62,9.59,9.66,archive
Well-16,2023-07-23,9.61,9.58,9.65,archive
Well-16,2023-07-24,9.61,9.58,9.65,archive
Well-16,2023-07-25,9.6,9.57,9.64,archive
Well-16,2023-07-26,9.58,9.55,9.62,archive
Well-16,2023-07-27,9.47,9.44,9.51,archive
Well-16,2023-07-28,9.41,9.38,9.45,archive
Well-16,2023-07-29,9.39,9.36,9.43,archive
Well-16,2023-07-30,9.35,9.32,9.39,archive
Well-16,2023-07-31,9.36,9.33,9.4,archive
Well-16,2023-08-01,9.32,9.29,9.36,archive
Well-16,2023-08-02,9.34,9.31,9.38,archive
Well-16,2023-08-03,9.43,9.4,9.47,archive
Well-16,2023-08-04,9.46,9.43,9.5,archive
Well-16,2023-08-05,9.39,9.36,9.43,archive
Well-16,2023-08-06,9.46,9.43,9.5,archive
Well-16,2023-08-07,9.49,9.46,9.53,archive
Well-16,2023-08-08,9.39,9.36,9.43,archive
Well-16,2023-08-09,9.38,9.35,9.42,archive
Well-16,2023-08-10,9.41,9.38,9.45,archive
Well-16,2023-08-11,9.48,9.45,9.52,archive
Well-16,2023-08-12,9.48,9.45,9.52,archive
Well-16,2023-08-13,9.56,9.53,9.6,archive
Well-16,2023-08-14,9.59,9.56,9.63,archive
Well-16,2023-08-15,9.57,9.54,9.61,archive
Well-16,2023-08-16,9.54,9.51,9.58,archive
Well-16,2023-08-17,9.46,9.43,9.5,archive
Well-16,2023-08-18,9.46,9.43,9.5,archive
Well-16,2023-08-19,9.48,9.45,9.52,archive
Well-16,2023-08-20,9.44,9.41,9.48,archive
Well-16,2023-08-21,9.44,9.41,9.48,archive
Well-16,2023-08-22,9.42,9.39,9.46,archive
Well-16,2023-08-23,9.42,9.39,9.46,archive
Well-16,2023-08-24,9.37,9.34,9.41,archive
Well-16,2023-08-25,9.29,9.26,9.33,archive
Well-16,2023-08-26,9.24,9.21,9.28,archive
Well-16,2023-08-27,9.17,9.14,9.21,archive
Well-16,2023-08-28,9.15,9.12,9.19,archive
Well-16,2023-08-29,9.19,9.16,9.23,archive
Well-16,2023-08-30,9.16,9.13,9.2,archive
Well-16,2023-08-31,9.1,9.07,9.14,archive
Well-16,2023-09-01,9.09,9.06,9.13,archive
Well-16,2023-09-02,9.14,9.11,9.18,archive
Well-16,2023-09-03,9.25,9.22,9.29,archive
Well-16,2023-09-04,9.23,9.2,9.27,archive
Well-16,2023-09-05,9.22,9.19,9.26,archive
Well-16,2023-09-06,9.19,9.16,9.23,archive
Well-16,2023-09-07,9.26,9.23,9.3,archive
Well-16,2023-09-08,9.29,9.26,9.33,archive
Well-16,2023-09-09,9.3,9.27,9.34,archive
Well-16,2023-09-10,9.33,9.3,9.37,archive
Well-16,2023-09-11,9.25,9.22,9.29,archive
Well-16,2023-09-12,9.24,9.21,9.28,archive
Well-16,2023-09-13,9.17,9.14,9.21,archive
Well-16,2023-09-14,9.15,9.12,9.19,archive
Well-16,2023-09-15,9.18,9.15,9.22,archive
Well-16,2023-09-16,9.22,9.19,9.26,archive
Well-16,2023-09-17,9.23,9.2,9.27,archive
Well-16,2023-09-18,9.26,9.23,9.3,archive
Well-16,2023-09-19,9.31,9.28,9.35,archive
Well-16,2023-09-20,9.28,9.25,9.32,archive
Well-16,2023-09-21,9.23,9.2,9.27,archive
Well-16,2023-09-22,9.31,9.28,9.35,archive
Well-16,2023-09-23,9.35,9.32,9.39,archive
Well-16,2023-09-24,9.4,9.37,9.44,archive
Well-16,2023-09-25,9.41,9.38,9.45,archive
Well-16,2023-09-26,9.38,9.35,9.42,archive
Well-16,2023-09-27,9.38,9.35,9.42,archive
Well-16,2023-09-28,9.41,9.38,9.45,archive
Well-16,2023-09-29,9.43,9.4,9.47,archive
Well-16,2023-09-30,9.51,9.48,9.55,archive
Well-16,2023-10-01,9.46,9.43,9.5,archive
Well-16,2023-10-02,9.41,9.38,9.45,archive
Well-16,2023-10-03,9.51,9.48,9.55,archive
Well-16,2023-10-04,9.55,9.52,9.59,archive
Well-16,2023-10-05,9.39,9.36,9.43,archive
Well-16,2023-10-06,9.42,9.39,9.46,archive
Well-16,2023-10-07,9.52,9.49,9.56,archive
Well-16,2023-10-08,9.58,9.55,9.62,archive
Well-16,2023-10-09,9.61,9.58,9.65,archive
Well-16,2023-10-10,9.55,9.52,9.59,archive
Well-16,2023-10-11,9.59,9.56,9.63,archive
Well-16,2023-10-12,9.61,9.58,9.65,archive
Well-16,2023-10-13,9.66,9.63,9.7,archive
Well-16,2023-10-14,9.67,9.64,9.71,archive
Well-16,2023-10-15,9.58,9.55,9.62,archive
Well-16,2023-10-16,9.59,9.56,9.63,archive
Well-16,2023-10-17,9.64,9.61,9.68,archive
Well-16,2023-10-18,9.67,9.64,9.71,archive
Well-16,2023-10-19,9.7,9.67,9.74,archive
Well-16,2023-10-20,9.66,9.63,9.7,archive
Well-16,2023-10-21,9.6,9.57,9.64,archive
Well-16,2023-10-22,9.69,9.66,9.73,archive
Well-16,2023-10-23,9.67,9.64,9.71,archive
Well-16,2023-10-24,9.74,9.71,9.78,archive
Well-16,2023-10-25,9.83,9.8,9.87,archive
Well-16,2023-10-26,9.84,9.81,9.88,archive
Well-16,2023-10-27,9.89,9.86,9.93,archive
Well-16,2023-10-28,9.89,9.86,9.93,archive
Well-16,2023-10-29,9.98,9.95,10.02,archive
Well-16,2023-10-30,10.02,9.99,10.06,archive
Well-16,2023-10-31,9.99,9.96,10.03,archive
Well-16,2023-11-01,10.08,10.05,10.12,archive
Well-16,2023-11-02,10.15,10.12,10.19,archive
Well-16,2023-11-03,10.11,10.08,10.15,archive
Well-16,2023-11-04,10.1,10.07,10.14,archive
Well-16,2023-11-05,10.18,10.15,10.22,archive
Well-16,2023-11-06,10.17,10.14,10.21,archive
Well-16,2023-11-07,10.18,10.15,10.22,archive
Well-16,2023-11-08,10.1,10.07,10.14,archive
Well-16,2023-11-09,10.15,10.12,10.19,archive
Well-16,2023-11-10,10.27,10.24,10.31,archive
Well-16,2023-11-11,10.31,10.28,10.35,archive
Well-16,2023-11-12,10.25,10.22,10.29,archive
Well-16,2023-11-13,10.29,10.26,10.33,archive
Well-16,2023-11-14,10.24,10.21,10.28,archive
Well-16,2023-11-15,10.25,10.22,10.29,archive
Well-16,2023-11-16,10.3,10.27,10.34,archive
Well-16,2023-11-17,10.4,10.37,10.44,archive
Well-16,2023-11-18,10.41,10.38,10.45,archive
Well-16,2023-11-19,10.45,10.42,10.49,archive
Well-16,2023-11-20,10.42,10.39,10.46,archive
Well-16,2023-11-21,10.54,10.51,10.58,archive
Well-16,2023-11-22,10.47,10.44,10.51,archive
Well-16,2023-11-23,10.53,10.5,10.57,archive
Well-16,2023-11-24,10.57,10.54,10.61,archive
Well-16,2023-11-25,10.69,10.66,10.73,archive
Well-16,2023-11-26,10.65,10.62,10.69,archive
Well-16,2023-11-27,10.6,10.57,10.64,archive
Well-16,2023-11-28,10.69,10.66,10.73,archive
Well-16,2023-11-29,10.7,10.67,10.74,archive
Well-16,2023-11-30,10.69,10.66,10.73,archive
Well-16,2023-12-01,10.73,10.7,10.77,archive
Well-16,2023-12-02,10.72,10.69,10.76,archive
Well-16,2023-12-03,10.79,10.76,10.83,archive
Well-16,2023-12-04,10.75,10.72,10.79,archive
Well-16,2023-12-05,10.82,10.79,10.86,archive
Well-16,2023-12-06,10.9,10.87,10.94,archive
Well-16,2023-12-07,10.87,10.84,10.91,archive
Well-16,2023-12-08,10.87,10.84,10.91,archive
Well-16,2023-12-09,10.92,10.89,10.96,archive
Well-16,2023-12-10,10.99,10.96,11.03,archive
Well-16,2023-12-11,11.05,11.02,11.09,archive
Well-16,2023-12-12,11.13,11.1,11.17,archive
Well-16,2023-12-13,11.1,11.07,11.14,archive
Well-16,2023-12-14,11.06,11.03,11.1,archive
Well-16,2023-12-15,11.2,11.17,11.24,archive
Well-16,2023-12-16,11.15,11.12,11.19,archive
Well-16,2023-12-17,11.17,11.14,11.21,archive
Well-16,2023-12-18,11.21,11.18,11.25,archive
Well-16,2023-12-19,11.16,11.13,11.2,archive
Well-16,2023-12-20,11.09,11.06,11.13,archive
Well-16,2023-12-21,11.08,11.05,11.12,archive
Well-16,2023-12-22,11.11,11.08,11.15,archive
Well-16,2023-12-23,11.17,11.14,11.21,archive
Well-16,2023-12-24,11.18,11.15,11.22,archive
Well-16,2023-12-25,11.19,11.16,11.23,archive
Well-16,2023-12-26,11.2,11.17,11.24,archive
Well-16,2023-12-27,11.28,11.25,11.32,archive
Well-16,2023-12-28,11.31,11.28,11.35,archive
Well-16,2023-12-29,11.27,11.24,11.31,archive
Well-16,2023-12-30,11.28,11.25,11.32,archive
Well-16,2023-12-31,11.26,11.23,11.3,archive
Well-16,2024-01-01,11.2,11.17,11.24,archive
Well-16,2024-01-02,11.19,11.16,11.23,archive
Well-16,2024-01-03,11.2,11.17,11.24,archive
Well-16,2024-01-04,11.25,11.22,11.29,archive
Well-16,2024-01-05,11.3,11.27,11.34,archive
Well-16,2024-01-06,11.36,11.33,11.4,archive
Well-16,2024-01-07,11.35,11.32,11.39,archive
Well-16,2024-01-08,11.28,11.25,11.32,archive
Well-16,2024-01-09,11.39,11.36,11.43,archive
Well-16,2024-01-10,11.48,11.45,11.52,archive
Well-16,2024-01-11,11.51,11.48,11.55,archive
Well-16,2024-01-12,11.58,11.55,11.62,archive
Well-16,2024-01-13,11.6,11.57,11.64,archive
Well-16,2024-01-14,11.6,11.57,11.64,archive
Well-16,2024-01-15,11.64,11.61,11.68,archive
Well-16,2024-01-16,11.67,11.64,11.71,archive
Well-16,2024-01-17,11.63,11.6,11.67,archive
Well-16,2024-01-18,11.64,11.61,11.68,archive
Well-16,2024-01-19,11.6,11.57,11.64,archive
Well-16,2024-01-20,11.52,11.49,11.56,archive
Well-16,2024-01-21,11.52,11.49,11.56,archive
Well-16,2024-01-22,11.45,11.42,11.49,archive
Well-16,2024-01-23,11.37,11.34,11.41,archive
Well-16,2024-01-24,11.37,11.34,11.41,archive
Well-16,2024-01-25,11.41,11.38,11.45,archive
Well-16,2024-01-26,11.42,11.39,11.46,archive
Well-16,2024-01-27,11.48,11.45,11.52,archive
Well-16,2024-01-28,11.54,11.51,11.58,archive
Well-16,2024-01-29,11.53,11.5,11.57,archive
Well-16,2024-01-30,11.5,11.47,11.54,archive
Well-16,2024-01-31,11.55,11.52,11.59,archive
Well-16,2024-02-01,11.5,11.47,11.54,archive
Well-16,2024-02-02,11.57,11.54,11.61,archive
Well-16,2024-02-03,11.63,11.6,11.67,archive
Well-16,2024-02-04,11.59,11.56,11.63,archive
Well-16,2024-02-05,11.61,11.58,11.65,archive
Well-16,2024-02-06,11.57,11.54,11.61,archive
Well-16,2024-02-07,11.56,11.53,11.6,archive
Well-16,2024-02-08,11.57,11.54,11.61,archive
Well-16,2024-02-09,11.67,11.64,11.71,archive
Well-16,2024-02-10,11.67,11.64,11.71,archive
Well-16,2024-02-11,11.62,11.59,11.66,archive
Well-16,2024-02-12,11.57,11.54,11.61,archive
Well-16,2024-02-13,11.57,11.54,11.61,archive
Well-16,2024-02-14,11.55,11.52,11.59,archive
Well-16,2024-02-15,11.55,11.52,11.59,archive
Well-16,2024-02-16,11.55,11.52,11.59,archive
Well-16,2024-02-17,11.57,11.54,11.61,archive
Well-16,2024-02-18,11.62,11.59,11.66,archive
Well-16,2024-02-19,11.66,11.63,11.7,archive
Well-16,2024-02-20,11.61,11.58,11.65,archive
Well-16,2024-02-21,11.67,11.64,11.71,archive
Well-16,2024-02-22,11.65,11.62,11.69,archive
Well-16,2024-02-23,11.54,11.51,11.58,archive
Well-16,2024-02-24,11.56,11.53,11.6,archive
Well-16,2024-02-25,11.59,11.56,11.63,archive
Well-16,2024-02-26,11.63,11.6,11.67,archive
Well-16,2024-02-27,11.59,11.56,11.63,archive
Well-16,2024-02-28,11.68,11.65,11.72,archive
Well-16,2024-02-29,11.69,11.66,11.73,archive
Well-16,2024-03-01,11.67,11.64,11.71,archive
Well-16,2024-03-02,11.65,11.62,11.69,archive
Well-16,2024-03-03,11.67,11.64,11.71,archive
Well-16,2024-03-04,11.65,11.62,11.69,archive
Well-16,2024-03-05,11.74,11.71,11.78,archive
Well-16,2024-03-06,11.72,11.69,11.76,archive
Well-16,2024-03-07,11.61,11.58,11.65,archive
Well-16,2024-03-08,11.6,11.57,11.64,archive
Well-16,2024-03-09,11.58,11.55,11.62,archive
Well-16,2024-03-10,11.59,11.56,11.63,archive
Well-16,2024-03-11,11.59,11.56,11.63,archive
Well-16,2024-03-12,11.54,11.51,11.58,archive
Well-16,2024-03-13,11.53,11.5,11.57,archive
Well-16,2024-03-14,11.57,11.54,11.61,archive
Well-16,2024-03-15,11.65,11.62,11.69,archive
Well-16,2024-03-16,11.63,11.6,11.67,archive
Well-16,2024-03-17,11.65,11.62,11.69,archive
Well-16,2024-03-18,11.67,11.64,11.71,archive
Well-16,2024-03-19,11.64,11.61,11.68,archive
Well-16,2024-03-20,11.7,11.67,11.74,archive
Well-16,2024-03-21,11.77,11.74,11.81,archive
Well-16,2024-03-22,11.73,11.7,11.77,archive
Well-16,2024-03-23,11.7,11.67,11.74,archive
Well-16,2024-03-24,11.69,11.66,11.73,archive
Well-16,2024-03-25,11.69,11.66,11.73,archive
Well-16,2024-03-26,11.58,11.55,11.62,archive
Well-16,2024-03-27,11.58,11.55,11.62,archive
Well-16,2024-03-28,11.64,11.61,11.68,archive
Well-16,2024-03-29,11.65,11.62,11.69,archive
Well-16,2024-03-30,11.6,11.57,11.64,archive
Well-16,2024-03-31,11.62,11.59,11.66,archive
Well-16,2024-04-01,11.56,11.53,11.6,archive
Well-16,2024-04-02,11.51,11.48,11.55,archive
Well-16,2024-04-03,11.51,11.48,11.55,archive
Well-16,2024-04-04,11.55,11.52,11.59,archive
Well-16,2024-04-05,11.46,11.43,11.5,archive
Well-16,2024-04-06,11.46,11.43,11.5,archive
Well-16,2024-04-07,11.48,11.45,11.52,archive
Well-16,2024-04-08,11.43,11.4,11.47,archive
Well-16,2024-04-09,11.42,11.39,11.46,archive
Well-16,2024-04-10,11.34,11.31,11.38,archive
Well-16,2024-04-11,11.32,11.29,11.36,archive
Well-16,2024-04-12,11.3,11.27,11.34,archive
Well-16,2024-04-13,11.35,11.32,11.39,archive
Well-16,2024-04-14,11.38,11.35,11.42,archive
Well-16,2024-04-15,11.36,11.33,11.4,archive
Well-16,2024-04-16,11.37,11.34,11.41,archive
Well-16,2024-04-17,11.32,11.29,11.36,archive
Well-16,2024-04-18,11.14,11.11,11.18,archive
Well-16,2024-04-19,11.1,11.07,11.14,archive
Well-16,2024-04-20,11.11,11.08,11.15,archive
Well-16,2024-04-21,11.07,11.04,11.11,archive
Well-16,2024-04-22,11.03,11.0,11.07,archive
Well-16,2024-04-23,11.01,10.98,11.05,archive
Well-16,2024-04-24,11.01,10.98,11.05,archive
Well-16,2024-04-25,10.99,10.96,11.03,archive
Well-16,2024-04-26,10.97,10.94,11.01,archive
Well-16,2024-04-27,10.92,10.89,10.96,archive
Well-16,2024-04-28,10.89,10.86,10.93,archive
Well-16,2024-04-29,10.95,10.92,10.99,archive
Well-16,2024-04-30,10.84,10.81,10.88,archive
Well-16,2024-05-01,10.79,10.76,10.83,archive
Well-16,2024-05-02,10.81,10.78,10.85,archive
Well-16,2024-05-03,10.79,10.76,10.83,archive
Well-16,2024-05-04,10.72,10.69,10.76,archive
Well-16,2024-05-05,10.75,10.72,10.79,archive
Well-16,2024-05-06,10.75,10.72,10.79,archive
Well-16,2024-05-07,10.74,10.71,10.78,archive
Well-16,2024-05-08,10.76,10.73,10.8,archive
Well-16,2024-05-09,10.8,10.77,10.84,archive
Well-16,2024-05-10,10.84,10.81,10.88,archive
Well-16,2024-05-11,10.79,10.76,10.83,archive
Well-16,2024-05-12,10.78,10.75,10.82,archive
Well-16,2024-05-13,10.75,10.72,10.79,archive
Well-16,2024-05-14,10.68,10.65,10.72,archive
Well-16,2024-05-15,10.62,10.59,10.66,archive
Well-16,2024-05-16,10.65,10.62,10.69,archive
Well-16,2024-05-17,10.66,10.63,10.7,archive
Well-16,2024-05-18,10.63,10.6,10.67,archive
Well-16,2024-05-19,10.56,10.53,10.6,archive
Well-16,2024-05-20,10.53,10.5,10.57,archive
Well-16,2024-05-21,10.5,10.47,10.54,archive
Well-16,2024-05-22,10.5,10.47,10.54,archive
Well-16,2024-05-23,10.45,10.42,10.49,archive
Well-16,2024-05-24,10.45,10.42,10.49,archive
Well-16,2024-05-25,10.38,10.35,10.42,archive
Well-16,2024-05-26,10.39,10.36,10.43,archive
Well-16,2024-05-27,10.37,10.34,10.41,archive
Well-16,2024-05-28,10.4,10.37,10.44,archive
Well-16,2024-05-29,10.4,10.37,10.44,archive
Well-16,2024-05-30,10.38,10.35,10.42,archive
Well-16,2024-05-31,10.34,10.31,10.38,archive
Well-16,2024-06-01,10.38,10.35,10.42,archive
Well-16,2024-06-02,10.46,10.43,10.5,archive
Well-16,2024-06-03,10.39,10.36,10.43,archive
Well-16,2024-06-04,10.45,10.42,10.49,archive
Well-16,2024-06-05,10.43,10.4,10.47,archive
Well-16,2024-06-06,10.37,10.34,10.41,archive
Well-16,2024-06-07,10.39,10.36,10.43,archive
Well-16,2024-06-08,10.34,10.31,10.38,archive
Well-16,2024-06-09,10.24,10.21,10.28,archive
Well-16,2024-06-10,10.27,10.24,10.31,archive
Well-16,2024-06-11,10.32,10.29,10.36,archive
Well-16,2024-06-12,10.34,10.31,10.38,archive
Well-16,2024-06-13,10.37,10.34,10.41,archive
Well-16,2024-06-14,10.25,10.22,10.29,archive
Well-16,2024-06-15,10.26,10.23,10.3,archive
Well-16,2024-06-16,10.2,10.17,10.24,archive
Well-16,2024-06-17,10.22,10.19,10.26,archive
Well-16,2024-06-18,10.2,10.17,10.24,archive
Well-16,2024-06-19,10.13,10.1,10.17,archive
Well-16,2024-06-20,10.11,10.08,10.15,archive
Well-16,2024-06-21,10.13,10.1,10.17,archive
Well-16,2024-06-22,10.09,10.06,10.13,archive
Well-16,2024-06-23,10.07,10.04,10.11,archive
Well-16,2024-06-24,10.13,10.1,10.17,archive
Well-16,2024-06-25,10.12,10.09,10.16,archive
Well-16,2024-06-26,10.04,10.01,10.08,archive
Well-16,2024-06-27,10.05,10.02,10.09,archive
Well-16,2024-06-28,9.99,9.96,10.03,archive
Well-16,2024-06-29,9.93,9.9,9.97,archive
Well-16,2024-06-30,9.92,9.89,9.96,archive
Well-16,2024-07-01,9.91,9.88,9.95,archive
Well-16,2024-07-02,9.87,9.84,9.91,archive
Well-16,2024-07-03,9.86,9.83,9.9,archive
Well-16,2024-07-04,9.89,9.86,9.93,archive
Well-16,2024-07-05,9.87,9.84,9.91,archive
Well-16,2024-07-06,9.8,9.77,9.84,archive
Well-16,2024-07-07,9.85,9.82,9.89,archive
Well-16,2024-07-08,9.9,9.87,9.94,archive
Well-16,2024-07-09,9.93,9.9,9.97,archive
Well-16,2024-07-10,9.92,9.89,9.96,archive
Well-16,2024-07-11,9.86,9.83,9.9,archive
Well-16,2024-07-12,9.74,9.71,9.78,archive
Well-16,2024-07-13,9.64,9.61,9.68,archive
Well-16,2024-07-14,9.62,9.59,9.66,archive
Well-16,2024-07-15,9.55,9.52,9.59,archive
Well-16,2024-07-16,9.53,9.5,9.57,archive
Well-16,2024-07-17,9.6,9.57,9.64,archive
Well-16,2024-07-18,9.55,9.52,9.59,archive
Well-16,2024-07-19,9.48,9.45,9.52,archive
Well-16,2024-07-20,9.48,9.45,9.52,archive
Well-16,2024-07-21,9.41,9.38,9.45,archive
Well-16,2024-07-22,9.46,9.43,9.5,archive
Well-16,2024-07-23,9.5,9.47,9.54,archive
Well-16,2024-07-24,9.55,9.52,9.59,archive
Well-16,2024-07-25,9.48,9.45,9.52,archive
Well-16,2024-07-26,9.41,9.38,9.45,archive
Well-16,2024-07-27,9.32,9.29,9.36,archive
Well-16,2024-07-28,9.44,9.41,9.48,archive
Well-16,2024-07-29,9.34,9.31,9.38,archive
Well-16,2024-07-30,9.35,9.32,9.39,archive
Well-16,2024-07-31,9.33,9.3,9.37,archive
Well-16,2024-08-01,9.4,9.37,9.44,archive
Well-16,2024-08-02,9.38,9.35,9.42,archive
Well-16,2024-08-03,9.42,9.39,9.46,archive
Well-16,2024-08-04,9.39,9.36,9.43,archive
Well-16,2024-08-05,9.34,9.31,9.38,archive
Well-16,2024-08-06,9.35,9.32,9.39,archive
Well-16,2024-08-07,9.32,9.29,9.36,archive
Well-16,2024-08-08,9.35,9.32,9.39,archive
Well-16,2024-08-09,9.32,9.29,9.36,archive
Well-16,2024-08-10,9.33,9.3,9.37,archive
Well-16,2024-08-11,9.35,9.32,9.39,archive
Well-16,2024-08-12,9.34,9.31,9.38,archive
Well-16,2024-08-13,9.33,9.3,9.37,archive
Well-16,2024-08-14,9.32,9.29,9.36,archive
Well-16,2024-08-15,9.22,9.19,9.26,archive
Well-16,2024-08-16,9.26,9.23,9.3,archive
Well-16,2024-08-17,9.35,9.32,9.39,archive
Well-16,2024-08-18,9.28,9.25,9.32,archive
Well-16,2024-08-19,9.29,9.26,9.33,archive
Well-16,2024-08-20,9.34,9.31,9.38,archive
Well-16,2024-08-21,9.23,9.2,9.27,archive
Well-16,2024-08-22,9.28,9.25,9.32,archive
Well-16,2024-08-23,9.26,9.23,9.3,archive
Well-16,2024-08-24,9.22,9.19,9.26,archive
Well-16,2024-08-25,9.19,9.16,9.23,archive
Well-16,2024-08-26,9.23,9.2,9.27,archive
Well-16,2024-08-27,9.31,9.28,9.35,archive
Well-16,2024-08-28,9.38,9.35,9.42,archive
Well-16,2024-08-29,9.36,9.33,9.4,archive
Well-16,2024-08-30,9.39,9.36,9.43,archive
Well-16,2024-08-31,9.34,9.31,9.38,archive
Well-16,2024-09-01,9.48,9.45,9.52,archive
Well-16,2024-09-02,9.32,9.29,9.36,archive
Well-16,2024-09-03,9.39,9.36,9.43,archive
Well-16,2024-09-04,9.41,9.38,9.45,archive
Well-16,2024-09-05,9.52,9.49,9.56,archive
Well-16,2024-09-06,9.44,9.41,9.48,archive
Well-16,2024-09-07,9.43,9.4,9.47,archive
Well-16,2024-09-08,9.41,9.38,9.45,archive
Well-16,2024-09-09,9.42,9.39,9.46,archive
Well-16,2024-09-10,9.48,9.45,9.52,archive
Well-16,2024-09-11,9.46,9.43,9.5,archive
Well-16,2024-09-12,9.52,9.49,9.56,archive
Well-16,2024-09-13,9.5,9.47,9.54,archive
Well-16,2024-09-14,9.5,9.47,9.54,archive
Well-16,2024-09-15,9.51,9.48,9.55,archive
Well-16,2024-09-16,9.55,9.52,9.59,archive
Well-16,2024-09-17,9.43,9.4,9.47,archive
Well-16,2024-09-18,9.43,9.4,9.47,archive
Well-16,2024-09-19,9.41,9.38,9.45,archive
Well-16,2024-09-20,9.39,9.36,9.43,archive
Well-16,2024-09-21,9.41,9.38,9.45,archive
Well-16,2024-09-22,9.37,9.34,9.41,archive
Well-16,2024-09-23,9.36,9.33,9.4,archive
Well-16,2024-09-24,9.4,9.37,9.44,archive
Well-16,2024-09-25,9.41,9.38,9.45,archive
Well-16,2024-09-26,9.52,9.49,9.56,archive
Well-16,2024-09-27,9.55,9.52,9.59,archive
Well-16,2024-09-28,9.53,9.5,9.57,archive
Well-16,2024-09-29,9.6,9.57,9.64,archive
Well-16,2024-09-30,9.62,9.59,9.66,archive
Well-16,2024-10-01,9.69,9.66,9.73,archive
Well-16,2024-10-02,9.73,9.7,9.77,archive
Well-16,2024-10-03,9.89,9.86,9.93,archive
Well-16,2024-10-04,9.77,9.74,9.81,archive
Well-16,2024-10-05,9.8,9.77,9.84,archive
Well-16,2024-10-06,9.75,9.72,9.79,archive
Well-16,2024-10-07,9.77,9.74,9.81,archive
Well-16,2024-10-08,9.77,9.74,9.81,archive
Well-16,2024-10-09,9.75,9.72,9.79,archive
Well-16,2024-10-10,9.85,9.82,9.89,archive
Well-16,2024-10-11,9.89,9.86,9.93,archive
Well-16,2024-10-12,9.96,9.93,10.0,archive
Well-16,2024-10-13,9.96,9.93,10.0,archive
Well-16,2024-10-14,9.88,9.85,9.92,archive
Well-16,2024-10-15,9.86,9.83,9.9,archive
Well-16,2024-10-16,9.81,9.78,9.85,archive
Well-16,2024-10-17,9.76,9.73,9.8,archive
Well-16,2024-10-18,9.77,9.74,9.81,archive
Well-16,2024-10-19,9.77,9.74,9.81,archive
Well-16,2024-10-20,9.75,9.72,9.79,archive
Well-16,2024-10-21,9.87,9.84,9.91,archive
Well-16,2024-10-22,9.88,9.85,9.92,archive
Well-16,2024-10-23,9.96,9.93,10.0,archive
Well-16,2024-10-24,9.98,9.95,10.02,archive
Well-16,2024-10-25,9.94,9.91,9.98,archive
Well-16,2024-10-26,9.97,9.94,10.01,archive
Well-16,2024-10-27,10.04,10.01,10.08,archive
Well-16,2024-10-28,10.11,10.08,10.15,archive
Well-16,2024-10-29,10.03,10.0,10.07,archive
Well-16,2024-10-30,10.17,10.14,10.21,archive
Well-16,2024-10-31,10.22,10.19,10.26,archive
Well-16,2024-11-01,10.27,10.24,10.31,archive
Well-16,2024-11-02,10.22,10.19,10.26,archive
Well-16,2024-11-03,10.21,10.18,10.25,archive
Well-16,2024-11-04,10.18,10.15,10.22,archive
Well-16,2024-11-05,10.21,10.18,10.25,archive
Well-16,2024-11-06,10.23,10.2,10.27,archive
Well-16,2024-11-07,10.26,10.23,10.3,archive
Well-16,2024-11-08,10.23,10.2,10.27,archive
Well-16,2024-11-09,10.32,10.29,10.36,archive
Well-16,2024-11-10,10.28,10.25,10.32,archive
Well-16,2024-11-11,10.34,10.31,10.38,archive
Well-16,2024-11-12,10.38,10.35,10.42,archive
Well-16,2024-11-13,10.42,10.39,10.46,archive
Well-16,2024-11-14,10.34,10.31,10.38,archive
Well-16,2024-11-15,10.36,10.33,10.4,archive
Well-16,2024-11-16,10.33,10.3,10.37,archive
Well-16,2024-11-17,10.35,10.32,10.39,archive
Well-16,2024-11-18,10.42,10.39,10.46,archive
Well-16,2024-11-19,10.36,10.33,10.4,archive
Well-16,2024-11-20,10.38,10.35,10.42,archive
Well-16,2024-11-21,10.44,10.41,10.48,archive
Well-16,2024-11-22,10.51,10.48,10.55,archive
Well-16,2024-11-23,10.56,10.53,10.6,archive
Well-16,2024-11-24,10.64,10.61,10.68,archive
Well-16,2024-11-25,10.61,10.58,10.65,archive
Well-16,2024-11-26,10.58,10.55,10.62,archive
Well-16,2024-11-27,10.7,10.67,10.74,archive
Well-16,2024-11-28,10.66,10.63,10.7,archive
Well-16,2024-11-29,10.74,10.71,10.78,archive
Well-16,2024-11-30,10.76,10.73,10.8,archive
Well-16,2024-12-01,10.71,10.68,10.75,archive
Well-16,2024-12-02,10.76,10.73,10.8,archive
Well-16,2024-12-03,10.7,10.67,10.74,archive
Well-16,2024-12-04,10.66,10.63,10.7,archive
Well-16,2024-12-05,10.69,10.66,10.73,archive
Well-16,2024-12-06,10.77,10.74,10.81,archive
Well-16,2024-12-07,10.69,10.66,10.73,archive
Well-16,2024-12-08,10.72,10.69,10.76,archive
Well-16,2024-12-09,10.69,10.66,10.73,archive
Well-16,2024-12-10,10.73,10.7,10.77,archive
Well-16,2024-12-11,10.7,10.67,10.74,archive
Well-16,2024-12-12,10.69,10.66,10.73,archive
Well-16,2024-12-13,10.77,10.74,10.81,archive
Well-16,2024-12-14,10.8,10.77,10.84,archive
Well-16,2024-12-15,10.85,10.82,10.89,archive
Well-16,2024-12-16,10.85,10.82,10.89,archive
Well-16,2024-12-17,10.83,10.8,10.87,archive
Well-16,2024-12-18,10.93,10.9,10.97,archive
Well-16,2024-12-19,10.96,10.93,11.0,archive
Well-16,2024-12-20,11.05,11.02,11.09,archive
Well-16,2024-12-21,12.51,12.48,12.55,archive
Well-16,2024-12-22,11.04,11.01,11.08,archive
Well-16,2024-12-23,11.13,11.1,11.17,archive
Well-16,2024-12-24,11.05,11.02,11.09,archive
Well-16,2024-12-25,11.08,11.05,11.12,archive
Well-16,2024-12-26,11.15,11.12,11.19,archive
Well-16,2024-12-27,11.11,11.08,11.15,archive
Well-16,2024-12-28,11.14,11.11,11.18,archive
Well-16,2024-12-29,11.2,11.17,11.24,archive
Well-16,2024-12-30,11.16,11.13,11.2,archive
Well-16,2024-12-31,11.18,11.15,11.22,archive
Well-16,2025-01-01,11.31,11.28,11.35,archive
Well-16,2025-01-02,11.31,11.28,11.35,archive
Well-16,2025-01-03,11.29,11.26,11.33,archive
Well-16,2025-01-04,11.34,11.31,11.38,archive
Well-16,2025-01-05,11.3,11.27,11.34,archive
Well-16,2025-01-06,11.37,11.34,11.41,archive
Well-16,2025-01-07,11.41,11.38,11.45,archive
Well-16,2025-01-08,11.48,11.45,11.52,archive
Well-16,2025-01-09,11.44,11.41,11.48,archive
Well-16,2025-01-10,11.37,11.34,11.41,archive
Well-16,2025-01-11,11.42,11.39,11.46,archive
Well-16,2025-01-12,11.4,11.37,11.44,archive
Well-16,2025-01-13,11.5,11.47,11.54,archive
Well-16,2025-01-14,11.47,11.44,11.51,archive
Well-16,2025-01-15,11.32,11.29,11.36,archive
Well-16,2025-01-16,11.39,11.36,11.43,archive
Well-16,2025-01-17,11.4,11.37,11.44,archive
Well-16,2025-01-18,11.36,11.33,11.4,archive
Well-16,2025-01-19,11.36,11.33,11.4,archive
Well-16,2025-01-20,11.44,11.41,11.48,archive
Well-16,2025-01-21,11.43,11.4,11.47,archive
Well-16,2025-01-22,11.42,11.39,11.46,archive
Well-16,2025-01-23,11.41,11.38,11.45,archive
Well-16,2025-01-24,11.38,11.35,11.42,archive
Well-16,2025-01-25,11.38,11.35,11.42,archive
Well-16,2025-01-26,11.43,11.4,11.47,archive
Well-16,2025-01-27,11.46,11.43,11.5,archive
Well-16,2025-01-28,11.59,11.56,11.63,archive
Well-16,2025-01-29,11.62,11.59,11.66,archive
Well-16,2025-01-30,11.59,11.56,11.63,archive
Well-16,2025-01-31,11.53,11.5,11.57,archive
Well-16,2025-02-01,11.6,11.57,11.64,archive
Well-16,2025-02-02,11.7,11.67,11.74,archive
Well-16,2025-02-03,11.7,11.67,11.74,archive
Well-16,2025-02-04,11.65,11.62,11.69,archive
Well-16,2025-02-05,11.66,11.63,11.7,archive
Well-16,2025-02-06,11.63,11.6,11.67,archive
Well-16,2025-02-07,11.6,11.57,11.64,archive
Well-16,2025-02-08,11.65,11.62,11.69,archive
Well-16,2025-02-09,11.65,11.62,11.69,archive
Well-16,2025-02-10,11.63,11.6,11.67,archive
Well-16,2025-02-11,11.62,11.59,11.66,archive
Well-16,2025-02-12,11.64,11.61,11.68,archive
Well-16,2025-02-13,11.7,11.67,11.74,archive
Well-16,2025-02-14,11.6,11.57,11.64,archive
Well-16,2025-02-15,11.61,11.58,11.65,archive
Well-16,2025-02-16,11.67,11.64,11.71,archive
Well-16,2025-02-17,11.6,11.57,11.64,archive
Well-16,2025-02-18,11.5,11.47,11.54,archive
Well-16,2025-02-19,11.51,11.48,11.55,archive
Well-16,2025-02-20,11.53,11.5,11.57,archive
Well-16,2025-02-21,11.57,11.54,11.61,archive
Well-16,2025-02-22,11.6,11.57,11.64,archive
Well-16,2025-02-23,12.09,12.06,12.13,archive
Well-16,2025-02-24,11.6,11.57,11.64,archive
Well-16,2025-02-25,11.55,11.52,11.59,archive
Well-16,2025-02-26,11.43,11.4,11.47,archive
Well-16,2025-02-27,11.37,11.34,11.41,archive
Well-16,2025-02-28,11.46,11.43,11.5,archive
Well-16,2025-03-01,11.47,11.44,11.51,archive
Well-16,2025-03-02,11.54,11.51,11.58,archive
Well-16,2025-03-03,11.55,11.52,11.59,archive
Well-16,2025-03-04,11.51,11.48,11.55,archive
Well-16,2025-03-05,11.48,11.45,11.52,archive
Well-16,2025-03-06,11.5,11.47,11.54,archive
Well-16,2025-03-07,11.57,11.54,11.61,archive
Well-16,2025-03-08,11.57,11.54,11.61,archive
Well-16,2025-03-09,11.53,11.5,11.57,archive
Well-16,2025-03-10,11.57,11.54,11.61,archive
Well-16,2025-03-11,11.62,11.59,11.66,archive
Well-16,2025-03-12,11.49,11.46,11.53,archive
Well-16,2025-03-13,11.51,11.48,11.55,archive
Well-16,2025-03-14,11.5,11.47,11.54,archive
Well-16,2025-03-15,11.54,11.51,11.58,archive
Well-16,2025-03-16,11.5,11.47,11.54,archive
Well-16,2025-03-17,11.5,11.47,11.54,archive
Well-16,2025-03-18,11.47,11.44,11.51,archive
Well-16,2025-03-19,11.47,11.44,11.51,archive
Well-16,2025-03-20,11.45,11.42,11.49,archive
Well-16,2025-03-21,11.38,11.35,11.42,archive
Well-16,2025-03-22,11.41,11.38,11.45,archive
Well-16,2025-03-23,11.57,11.54,11.61,archive
Well-16,2025-03-24,11.64,11.61,11.68,archive
Well-16,2025-03-25,11.61,11.58,11.65,archive
Well-16,2025-03-26,11.7,11.67,11.74,archive
Well-16,2025-03-27,11.62,11.59,11.66,archive
Well-16,2025-03-28,11.63,11.6,11.67,archive
Well-16,2025-03-29,11.62,11.59,11.66,archive
Well-16,2025-03-30,11.57,11.54,11.61,archive
Well-16,2025-03-31,11.52,11.49,11.56,archive
Well-16,2025-04-01,11.57,11.54,11.61,archive
Well-16,2025-04-02,11.57,11.54,11.61,archive
Well-16,2025-04-03,11.55,11.52,11.59,archive
Well-16,2025-04-04,11.51,11.48,11.55,archive
Well-16,2025-04-05,11.59,11.56,11.63,archive
Well-16,2025-04-06,11.57,11.54,11.61,archive
Well-16,2025-04-07,11.61,11.58,11.65,archive
Well-16,2025-04-08,11.64,11.61,11.68,archive
Well-16,2025-04-09,11.5,11.47,11.54,archive
Well-16,2025-04-10,11.44,11.41,11.48,archive
Well-16,2025-04-11,11.4,11.37,11.44,archive
Well-16,2025-04-12,11.39,11.36,11.43,archive
Well-16,2025-04-13,11.43,11.4,11.47,archive
Well-16,2025-04-14,11.43,11.4,11.47,archive
Well-16,2025-04-15,11.4,11.37,11.44,archive
Well-16,2025-04-16,11.28,11.25,11.32,archive
Well-16,2025-04-17,11.37,11.34,11.41,archive
Well-16,2025-04-18,11.3,11.27,11.34,archive
Well-16,2025-04-19,11.28,11.25,11.32,archive
Well-16,2025-04-20,11.26,11.23,11.3,archive
Well-16,2025-04-21,11.19,11.16,11.23,archive
Well-16,2025-04-22,11.22,11.19,11.26,archive
Well-16,2025-04-23,11.14,11.11,11.18,archive
Well-16,2025-04-24,11.16,11.13,11.2,archive
Well-16,2025-04-25,11.19,11.16,11.23,archive
Well-16,2025-04-26,11.2,11.17,11.24,archive
Well-16,2025-04-27,11.22,11.19,11.26,archive
Well-16,2025-04-28,11.16,11.13,11.2,archive
Well-16,2025-04-29,11.09,11.06,11.13,archive
Well-16,2025-04-30,11.07,11.04,11.11,archive
Well-16,2025-05-01,11.09,11.06,11.13,archive
Well-16,2025-05-02,11.08,11.05,11.12,archive
Well-16,2025-05-03,11.1,11.07,11.14,archive
Well-16,2025-05-04,11.07,11.04,11.11,archive
Well-16,2025-05-05,11.07,11.04,11.11,archive
Well-16,2025-05-06,11.04,11.01,11.08,archive
Well-16,2025-05-07,10.98,10.95,11.02,archive
Well-16,2025-05-08,10.98,10.95,11.02,archive
Well-16,2025-05-09,10.94,10.91,10.98,archive
Well-16,2025-05-10,11.03,11.0,11.07,archive
Well-16,2025-05-11,10.93,10.9,10.97,archive
Well-16,2025-05-12,10.9,10.87,10.94,archive
Well-16,2025-05-13,10.88,10.85,10.92,archive
Well-16,2025-05-14,10.83,10.8,10.87,archive
Well-16,2025-05-15,10.75,10.72,10.79,archive
Well-16,2025-05-16,10.82,10.79,10.86,archive
Well-16,2025-05-17,10.81,10.78,10.85,archive
Well-16,2025-05-18,10.75,10.72,10.79,archive
Well-16,2025-05-19,10.67,10.64,10.71,archive
Well-16,2025-05-20,10.64,10.61,10.68,archive
Well-16,2025-05-21,10.54,10.51,10.58,archive
Well-16,2025-05-22,10.39,10.36,10.43,archive
Well-16,2025-05-23,10.31,10.28,10.35,archive
Well-16,2025-05-24,10.36,10.33,10.4,archive
Well-16,2025-05-25,10.35,10.32,10.39,archive
Well-16,2025-05-26,10.33,10.3,10.37,archive
Well-16,2025-05-27,10.21,10.18,10.25,archive
Well-16,2025-05-28,10.22,10.19,10.26,archive
Well-16,2025-05-29,10.22,10.19,10.26,archive
Well-16,2025-05-30,10.28,10.25,10.32,archive
Well-16,2025-05-31,10.27,10.24,10.31,archive
Well-16,2025-06-01,10.27,10.24,10.31,archive
Well-16,2025-06-02,10.31,10.28,10.35,archive
Well-16,2025-06-03,10.26,10.23,10.3,archive
Well-16,2025-06-04,10.25,10.22,10.29,archive
Well-16,2025-06-05,10.26,10.23,10.3,archive
Well-16,2025-06-06,10.22,10.19,10.26,archive
Well-16,2025-06-07,10.2,10.17,10.24,archive
Well-16,2025-06-08,10.29,10.26,10.33,archive
Well-16,2025-06-09,10.3,10.27,10.34,archive
Well-16,2025-06-10,10.32,10.29,10.36,archive
Well-16,2025-06-11,10.28,10.25,10.32,archive
Well-16,2025-06-12,10.24,10.21,10.28,archive
Well-16,2025-06-13,10.25,10.22,10.29,archive
Well-16,2025-06-14,10.27,10.24,10.31,archive
Well-16,2025-06-15,10.25,10.22,10.29,archive
Well-16,2025-06-16,10.26,10.23,10.3,archive
Well-16,2025-06-17,10.3,10.27,10.34,archive
Well-16,2025-06-18,10.3,10.27,10.34,archive
Well-16,2025-06-19,10.3,10.27,10.34,archive
Well-16,2025-06-20,10.23,10.2,10.27,archive
Well-16,2025-06-21,10.2,10.17,10.24,archive
Well-16,2025-06-22,10.07,10.04,10.11,archive
Well-16,2025-06-23,9.96,9.93,10.0,archive
Well-16,2025-06-24,9.95,9.92,9.99,archive
Well-16,2025-06-25,9.84,9.81,9.88,archive
Well-16,2025-06-26,9.89,9.86,9.93,archive
Well-16,2025-06-27,9.95,9.92,9.99,archive
Well-16,2025-06-28,9.98,9.95,10.02,archive
Well-16,2025-06-29,9.92,9.89,9.96,archive
Well-16,2025-06-30,9.92,9.89,9.96,archive
Well-16,2025-07-01,9.91,9.88,9.95,archive
Well-16,2025-07-02,9.87,9.84,9.91,archive
Well-16,2025-07-03,9.88,9.85,9.92,archive
Well-16,2025-07-04,9.86,9.83,9.9,archive
Well-16,2025-07-05,9.86,9.83,9.9,archive
Well-16,2025-07-06,9.83,9.8,9.87,archive
Well-16,2025-07-07,9.87,9.84,9.91,archive
Well-16,2025-07-08,9.88,9.85,9.92,archive
Well-16,2025-07-09,9.9,9.87,9.94,archive
Well-16,2025-07-10,9.9,9.87,9.94,archive
Well-16,2025-07-11,9.96,9.93,10.0,archive
Well-16,2025-07-12,9.88,9.85,9.92,archive
Well-16,2025-07-13,9.72,9.69,9.76,archive
Well-16,2025-07-14,9.69,9.66,9.73,archive
Well-16,2025-07-15,9.76,9.73,9.8,archive
Well-16,2025-07-16,9.8,9.77,9.84,archive
Well-16,2025-07-17,9.67,9.64,9.71,archive
Well-16,2025-07-18,9.61,9.58,9.65,archive
Well-16,2025-07-19,9.56,9.53,9.6,archive
Well-16,2025-07-20,9.49,9.46,9.53,archive
Well-16,2025-07-21,9.43,9.4,9.47,archive
Well-16,2025-07-22,9.54,9.51,9.58,archive
Well-16,2025-07-23,9.66,9.63,9.7,archive
Well-16,2025-07-24,9.66,9.63,9.7,archive
Well-16,2025-07-25,9.62,9.59,9.66,archive
Well-16,2025-07-26,9.57,9.54,9.61,archive
Well-16,2025-07-27,9.59,9.56,9.63,archive
Well-16,2025-07-28,9.64,9.61,9.68,archive
Well-16,2025-07-29,9.7,9.67,9.74,archive
Well-16,2025-07-30,9.68,9.65,9.72,archive
Well-16,2025-07-31,9.64,9.61,9.68,archive
Well-16,2025-08-01,9.63,9.6,9.67,archive
Well-16,2025-08-02,9.58,9.55,9.62,archive
Well-16,2025-08-03,9.53,9.5,9.57,archive
Well-16,2025-08-04,9.58,9.55,9.62,archive
Well-16,2025-08-05,9.54,9.51,9.58,archive
Well-16,2025-08-06,9.56,9.53,9.6,archive
Well-16,2025-08-07,9.55,9.52,9.59,archive
Well-16,2025-08-08,9.52,9.49,9.56,archive
Well-16,2025-08-09,9.55,9.52,9.59,archive
Well-16,2025-08-10,9.58,9.55,9.62,archive
Well-16,2025-08-11,9.55,9.52,9.59,archive
Well-16,2025-08-12,9.47,9.44,9.51,archive
Well-16,2025-08-13,9.41,9.38,9.45,archive
Well-16,2025-08-14,9.39,9.36,9.43,archive
Well-16,2025-08-15,9.43,9.4,9.47,archive
Well-16,2025-08-16,9.43,9.4,9.47,archive
Well-16,2025-08-17,9.39,9.36,9.43,archive
Well-16,2025-08-18,9.38,9.35,9.42,archive
Well-16,2025-08-19,9.43,9.4,9.47,archive
Well-16,2025-08-20,9.38,9.35,9.42,archive
Well-16,2025-08-21,9.39,9.36,9.43,archive
Well-16,2025-08-22,9.38,9.35,9.42,archive
Well-16,2025-08-23,9.36,9.33,9.4,archive
Well-16,2025-08-24,9.35,9.32,9.39,archive
Well-16,2025-08-25,9.39,9.36,9.43,archive
Well-16,2025-08-26,9.28,9.25,9.32,archive
Well-16,2025-08-27,9.26,9.23,9.3,archive
Well-16,2025-08-28,9.35,9.32,9.39,archive
Well-16,2025-08-29,9.4,9.37,9.44,archive
Well-16,2025-08-30,9.41,9.38,9.45,archive
Well-16,2025-08-31,9.4,9.37,9.44,archive
Well-16,2025-09-01,9.5,9.47,9.54,archive
Well-16,2025-09-02,9.48,9.45,9.52,archive
Well-16,2025-09-03,9.41,9.38,9.45,archive
Well-16,2025-09-04,9.31,9.28,9.35,archive
Well-16,2025-09-05,9.35,9.32,9.39,archive
Well-16,2025-09-06,9.43,9.4,9.47,archive
Well-16,2025-09-07,9.38,9.35,9.42,archive
Well-16,2025-09-08,9.33,9.3,9.37,archive
Well-16,2025-09-09,9.37,9.34,9.41,archive
Well-16,2025-09-10,9.35,9.32,9.39,archive
Well-16,2025-09-11,9.41,9.38,9.45,archive
Well-16,2025-09-12,9.41,9.38,9.45,archive
Well-16,2025-09-13,9.4,9.37,9.44,archive
Well-16,2025-09-14,9.32,9.29,9.36,archive
Well-16,2025-09-15,9.36,9.33,9.4,archive
Well-16,2025-09-16,9.41,9.38,9.45,archive
Well-16,2025-09-17,9.36,9.33,9.4,archive
Well-16,2025-09-18,9.38,9.35,9.42,archive
Well-16,2025-09-19,9.47,9.44,9.51,archive
Well-16,2025-09-20,9.45,9.42,9.49,archive
Well-16,2025-09-21,9.42,9.39,9.46,archive
Well-16,2025-09-22,9.4,9.37,9.44,archive
Well-16,2025-09-23,9.44,9.41,9.48,archive
Well-16,2025-09-24,9.45,9.42,9.49,archive
Well-16,2025-09-25,9.49,9.46,9.53,archive
Well-16,2025-09-26,9.46,9.43,9.5,archive
Well-16,2025-09-27,9.56,9.53,9.6,archive
Well-16,2025-09-28,9.49,9.46,9.53,archive
Well-16,2025-09-29,9.54,9.51,9.58,archive
Well-16,2025-09-30,9.59,9.56,9.63,archive
Well-16,2025-10-01,9.62,9.59,9.66,archive
Well-16,2025-10-02,9.7,9.67,9.74,archive
Well-16,2025-10-03,9.79,9.76,9.83,archive
Well-16,2025-10-04,9.8,9.77,9.84,archive
Well-16,2025-10-05,9.76,9.73,9.8,archive
Well-16,2025-10-06,9.76,9.73,9.8,archive
Well-16,2025-10-07,9.77,9.74,9.81,archive
Well-16,2025-10-08,9.73,9.7,9.77,archive
Well-16,2025-10-09,9.67,9.64,9.71,archive
Well-16,2025-10-10,9.6,9.57,9.64,archive
Well-16,2025-10-11,9.62,9.59,9.66,archive
Well-16,2025-10-12,9.56,9.53,9.6,archive
Well-16,2025-10-13,9.6,9.57,9.64,archive
Well-16,2025-10-14,9.54,9.51,9.58,archive
Well-16,2025-10-15,9.55,9.52,9.59,archive
Well-16,2025-10-16,9.64,9.61,9.68,archive
Well-16,2025-10-17,9.67,9.64,9.71,archive
Well-16,2025-10-18,9.64,9.61,9.68,archive
Well-16,2025-10-19,9.66,9.63,9.7,archive
Well-16,2025-10-20,9.73,9.7,9.77,archive
Well-16,2025-10-21,9.71,9.68,9.75,archive
Well-16,2025-10-22,9.69,9.66,9.73,archive
Well-16,2025-10-23,9.75,9.72,9.79,archive
Well-16,2025-10-24,9.82,9.79,9.86,archive
Well-16,2025-10-25,9.88,9.85,9.92,archive
Well-16,2025-10-26,9.94,9.91,9.98,archive
Well-16,2025-10-27,10.01,9.98,10.05,archive
Well-16,2025-10-28,10.04,10.01,10.08,archive
Well-16,2025-10-29,9.97,9.94,10.01,archive
Well-16,2025-10-30,9.88,9.85,9.92,archive
Well-16,2025-10-31,9.94,9.91,9.98,archive
Well-16,2025-11-01,10.02,9.99,10.06,archive
Well-16,2025-11-02,10.0,9.97,10.04,archive
Well-16,2025-11-03,9.97,9.94,10.01,archive
Well-16,2025-11-04,9.98,9.95,10.02,archive
Well-16,2025-11-05,10.06,10.03,10.1,archive
Well-16,2025-11-06,10.14,10.11,10.18,archive
Well-16,2025-11-07,10.15,10.12,10.19,archive
Well-16,2025-11-08,10.17,10.14,10.21,archive
Well-16,2025-11-09,10.21,10.18,10.25,archive
Well-16,2025-11-10,10.2,10.17,10.24,archive
Well-16,2025-11-11,10.27,10.24,10.31,archive
Well-16,2025-11-12,10.28,10.25,10.32,archive
Well-16,2025-11-13,10.31,10.28,10.35,archive
Well-16,2025-11-14,10.31,10.28,10.35,archive
Well-16,2025-11-15,10.3,10.27,10.34,archive
Well-16,2025-11-16,11.1,11.07,11.14,archive
Well-16,2025-11-17,10.29,10.26,10.33,archive
Well-16,2025-11-18,10.36,10.33,10.4,archive
Well-16,2025-11-19,10.35,10.32,10.39,archive
Well-16,2025-11-20,10.38,10.35,10.42,archive
Well-16,2025-11-21,10.47,10.44,10.51,archive
Well-16,2025-11-22,10.47,10.44,10.51,archive
Well-16,2025-11-23,10.52,10.49,10.56,archive
Well-16,2025-11-24,10.51,10.48,10.55,archive
Well-16,2025-11-25,10.54,10.51,10.58,archive
Well-16,2025-11-26,10.55,10.52,10.59,archive
Well-16,2025-11-27,10.58,10.55,10.62,archive
Well-16,2025-11-28,10.55,10.52,10.59,archive
Well-16,2025-11-29,10.6,10.57,10.64,archive
Well-16,2025-11-30,10.71,10.68,10.75,archive
Well-16,2025-12-01,10.75,10.72,10.79,archive
Well-16,2025-12-02,10.71,10.68,10.75,archive
Well-16,2025-12-03,10.79,10.76,10.83,archive
Well-16,2025-12-04,10.86,10.83,10.9,archive
Well-16,2025-12-05,10.99,10.96,11.03,archive
Well-16,2025-12-06,10.99,10.96,11.03,archive
Well-16,2025-12-07,11.06,11.03,11.1,archive
Well-16,2025-12-08,10.96,10.93,11.0,archive
Well-16,2025-12-09,11.03,11.0,11.07,archive
Well-16,2025-12-10,11.01,10.98,11.05,archive
Well-16,2025-12-11,11.04,11.01,11.08,archive
Well-16,2025-12-12,11.11,11.08,11.15,archive
Well-16,2025-12-13,11.16,11.13,11.2,archive
Well-16,2025-12-14,11.1,11.07,11.14,archive
Well-16,2025-12-15,11.13,11.1,11.17,live
Well-16,2025-12-16,11.12,11.09,11.16,live
Well-16,2025-12-17,11.11,11.08,11.15,live
Well-16,2025-12-18,11.14,11.11,11.18,live
Well-16,2025-12-19,11.16,11.13,11.2,live
Well-16,2025-12-20,11.15,11.12,11.19,live
Well-16,2025-12-21,11.13,11.1,11.17,live
Well-16,2025-12-22,11.21,11.18,11.25,live
Well-16,2025-12-23,11.16,11.13,11.2,live
Well-16,2025-12-24,11.13,11.1,11.17,live
Well-16,2025-12-25,11.17,11.14,11.21,live
Well-16,2025-12-26,11.11,11.08,11.15,live
Well-16,2025-12-27,11.12,11.09,11.16,live
Well-16,2025-12-28,11.18,11.15,11.22,live
Well-16,2025-12-29,11.21,11.18,11.25,live
Well-16,2025-12-30,11.17,11.14,11.21,live
Well-16,2025-12-31,11.26,11.23,11.3,live
Well-16,2026-01-01,11.23,11.2,11.27,live
Well-16,2026-01-02,11.2,11.17,11.24,live
Well-16,2026-01-03,11.23,11.2,11.27,live
Well-16,2026-01-04,11.24,11.21,11.28,live
Well-16,2026-01-05,11.29,11.26,11.33,live
Well-16,2026-01-06,11.22,11.19,11.26,live
Well-16,2026-01-07,11.28,11.25,11.32,live
Well-16,2026-01-08,11.29,11.26,11.33,live
Well-16,2026-01-09,11.35,11.32,11.39,live
Well-16,2026-01-10,11.31,11.28,11.35,live
Well-16,2026-01-11,11.36,11.33,11.4,live
Well-16,2026-01-12,11.38,11.35,11.42,live
Well-16,2026-01-13,11.46,11.43,11.5,live
Well-16,2026-01-14,11.51,11.48,11.55,live
Well-16,2026-01-15,11.54,11.51,11.58,live
Well-16,2026-01-16,11.51,11.48,11.55,live
Well-16,2026-01-17,11.5,11.47,11.54,live
Well-16,2026-01-18,11.52,11.49,11.56,live
Well-16,2026-01-19,11.52,11.49,11.56,live
Well-16,2026-01-20,11.6,11.57,11.64,live
Well-16,2026-01-21,11.63,11.6,11.67,live
Well-16,2026-01-22,11.71,11.68,11.75,live
Well-16,2026-01-23,11.66,11.63,11.7,live
Well-16,2026-01-24,11.66,11.63,11.7,live
Well-16,2026-01-25,11.65,11.62,11.69,live
Well-16,2026-01-26,11.74,11.71,11.78,live
Well-16,2026-01-27,11.79,11.76,11.83,live
Well-16,2026-01-28,11.79,11.76,11.83,live
Well-16,2026-01-29,13.15,13.12,13.19,live
Well-16,2026-01-30,11.67,11.64,11.71,live
Well-16,2026-01-31,11.79,11.76,11.83,live
Well-16,2026-02-01,11.79,11.76,11.83,live
Well-16,2026-02-02,11.77,11.74,11.81,live
Well-16,2026-02-03,11.66,11.63,11.7,live
Well-16,2026-02-04,11.64,11.61,11.68,live
Well-16,2026-02-05,12.36,12.33,12.4,live
Well-16,2026-02-06,11.67,11.64,11.71,live
Well-16,2026-02-07,11.63,11.6,11.67,live
Well-16,2026-02-08,11.64,11.61,11.68,live
Well-16,2026-02-09,11.68,11.65,11.72,live
Well-16,2026-02-10,11.61,11.58,11.65,live
Well-16,2026-02-11,11.62,11.59,11.66,live
Well-16,2026-02-12,11.65,11.62,11.69,live
Well-16,2026-02-13,11.65,11.62,11.69,live
Well-16,2026-02-14,11.67,11.64,11.71,live
Well-16,2026-02-15,11.65,11.62,11.69,live
Well-16,2026-02-16,11.64,11.61,11.68,live
Well-16,2026-02-17,11.8,11.77,11.84,live
Well-16,2026-02-18,11.79,11.76,11.83,live
Well-16,2026-02-19,11.71,11.68,11.75,live
Well-16,2026-02-20,11.62,11.59,11.66,live
Well-16,2026-02-21,11.62,11.59,11.66,live
Well-16,2026-02-22,11.64,11.61,11.68,live
Well-16,2026-02-23,11.65,11.62,11.69,live
Well-16,2026-02-24,11.68,11.65,11.72,live
Well-16,2026-02-25,11.7,11.67,11.74,live
Well-16,2026-02-26,11.67,11.64,11.71,live
Well-16,2026-02-27,11.64,11.61,11.68,live
Well-16,2026-02-28,11.58,11.55,11.62,live
Well-16,2026-03-01,11.63,11.6,11.67,live
Well-16,2026-03-02,11.52,11.49,11.56,live
Well-16,2026-03-03,11.51,11.48,11.55,live
Well-16,2026-03-04,11.47,11.44,11.51,live
Well-16,2026-03-05,11.48,11.45,11.52,live
Well-16,2026-03-06,11.5,11.47,11.54,live
Well-16,2026-03-07,11.46,11.43,11.5,live
Well-16,2026-03-08,11.62,11.59,11.66,live
Well-16,2026-03-09,11.66,11.63,11.7,live
Well-16,2026-03-10,11.8,11.77,11.84,live
Well-16,2026-03-11,11.76,11.73,11.8,live
Well-16,2026-03-12,11.78,11.75,11.82,live
Well-16,2026-03-13,11.85,11.82,11.89,live
Well-16,2026-03-14,11.81,11.78,11.85,live
Well-16,2026-03-15,11.76,11.73,11.8,live
Well-16,2026-03-16,11.76,11.73,11.8,live
Well-16,2026-03-17,11.79,11.76,11.83,live
Well-16,2026-03-18,11.8,11.77,11.84,live
Well-16,2026-03-19,11.77,11.74,11.81,live
Well-16,2026-03-20,12.48,12.45,12.52,live
Well-16,2026-03-21,11.8,11.77,11.84,live
Well-16,2026-03-22,11.78,11.75,11.82,live
Well-16,2026-03-23,11.83,11.8,11.87,live
Well-16,2026-03-24,11.79,11.76,11.83,live
Well-16,2026-03-25,11.79,11.76,11.83,live
Well-16,2026-03-26,11.73,11.7,11.77,live
Well-16,2026-03-27,11.71,11.68,11.75,live
Well-16,2026-03-28,11.73,11.7,11.77,live
Well-16,2026-03-29,11.77,11.74,11.81,live
Well-16,2026-03-30,11.71,11.68,11.75,live
Well-16,2026-03-31,11.7,11.67,11.74,live
Well-16,2026-04-01,11.61,11.58,11.65,live
Well-16,2026-04-02,11.59,11.56,11.63,live
Well-16,2026-04-03,11.55,11.52,11.59,live
Well-16,2026-04-04,11.61,11.58,11.65,live
Well-16,2026-04-05,11.55,11.52,11.59,live
Well-16,2026-04-06,11.54,11.51,11.58,live
Well-16,2026-04-07,11.61,11.58,11.65,live
Well-16,2026-04-08,11.53,11.5,11.57,live
Well-16,2026-04-09,11.48,11.45,11.52,live
Well-16,2026-04-10,11.48,11.45,11.52,live
Well-16,2026-04-11,11.45,11.42,11.49,live
Well-16,2026-04-12,11.43,11.4,11.47,live
Well-16,2026-04-13,11.36,11.33,11.4,live
Well-16,2026-04-14,11.33,11.3,11.37,live
Well-16,2026-04-15,11.36,11.33,11.4,live
Well-16,2026-04-16,11.32,11.29,11.36,live
Well-16,2026-04-17,11.28,11.25,11.32,live
Well-16,2026-04-18,11.24,11.21,11.28,live
Well-16,2026-04-19,11.25,11.22,11.29,live
Well-16,2026-04-20,11.16,11.13,11.2,live
Well-16,2026-04-21,11.12,11.09,11.16,live
Well-16,2026-04-22,11.08,11.05,11.12,live
Well-16,2026-04-23,11.07,11.04,11.11,live
Well-16,2026-04-24,11.07,11.04,11.11,live
Well-16,2026-04-25,11.05,11.02,11.09,live
Well-16,2026-04-26,11.02,10.99,11.06,live
Well-16,2026-04-27,11.08,11.05,11.12,live
Well-16,2026-04-28,11.0,10.97,11.04,live
Well-16,2026-04-29,10.9,10.87,10.94,live
Well-16,2026-04-30,10.87,10.84,10.91,live
Well-16,2026-05-01,10.86,10.83,10.9,live
Well-16,2026-05-02,10.75,10.72,10.79,live
Well-16,2026-05-03,10.8,10.77,10.84,live
Well-16,2026-05-04,10.82,10.79,10.86,live
Well-16,2026-05-05,10.8,10.77,10.84,live
Well-16,2026-05-06,10.75,10.72,10.79,live
Well-16,2026-05-07,10.74,10.71,10.78,live
Well-16,2026-05-08,10.68,10.65,10.72,live
Well-16,2026-05-09,10.71,10.68,10.75,live
Well-16,2026-05-10,10.7,10.67,10.74,live
Well-16,2026-05-11,10.71,10.68,10.75,live
Well-16,2026-05-12,10.8,10.77,10.84,live
Well-16,2026-05-13,10.81,10.78,10.85,live
Well-16,2026-05-14,10.81,10.78,10.85,live
Well-16,2026-05-15,10.83,10.8,10.87,live
Well-16,2026-05-16,10.82,10.79,10.86,live
Well-16,2026-05-17,10.84,10.81,10.88,live
Well-16,2026-05-18,10.81,10.78,10.85,live
Well-16,2026-05-19,10.74,10.71,10.78,live
Well-16,2026-05-20,10.69,10.66,10.73,live
Well-16,2026-05-21,10.57,10.54,10.61,live
Well-16,2026-05-22,10.55,10.52,10.59,live
Well-16,2026-05-23,10.54,10.51,10.58,live
Well-16,2026-05-24,10.59,10.56,10.63,live
Well-16,2026-05-25,10.57,10.54,10.61,live
Well-16,2026-05-26,10.59,10.56,10.63,live
Well-16,2026-05-27,10.5,10.47,10.54,live
Well-16,2026-05-28,10.44,10.41,10.48,live
Well-16,2026-05-29,10.44,10.41,10.48,live
Well-16,2026-05-30,10.48,10.45,10.52,live
Well-16,2026-05-31,10.4,10.37,10.44,live
Well-16,2026-06-01,10.34,10.31,10.38,live
Well-16,2026-06-02,10.4,10.37,10.44,live
Well-16,2026-06-03,10.35,10.32,10.39,live
Well-16,2026-06-04,10.29,10.26,10.33,live
Well-16,2026-06-05,10.26,10.23,10.3,live
Well-16,2026-06-06,10.26,10.23,10.3,live
Well-16,2026-06-07,10.22,10.19,10.26,live
Well-16,2026-06-08,10.18,10.15,10.22,live
Well-16,2026-06-09,10.19,10.16,10.23,live
Well-16,2026-06-10,10.12,10.09,10.16,live
Well-16,2026-06-11,10.12,10.09,10.16,live
Well-16,2026-06-12,10.06,10.03,10.1,live
Well-16,2026-06-13,10.04,10.01,10.08,live
Well-16,2026-06-14,10.06,10.03,10.1,live
Well-16,2026-06-15,10.05,10.02,10.09,live
Well-16,2026-06-16,9.99,9.96,10.03,live
Well-16,2026-06-17,10.0,9.97,10.04,live
Well-16,2026-06-18,10.08,10.05,10.12,live
Well-16,2026-06-19,10.0,9.97,10.04,live
Well-16,2026-06-20,10.0,9.97,10.04,live
Well-16,2026-06-21,10.07,10.04,10.11,live
Well-16,2026-06-22,9.97,9.94,10.01,live
Well-16,2026-06-23,9.98,9.95,10.02,live
Well-16,2026-06-24,10.03,10.0,10.07,live
Well-16,2026-06-25,10.03,10.0,10.07,live
Well-16,2026-06-26,9.92,9.89,9.96,live
Well-16,2026-06-27,9.96,9.93,10.0,live
Well-16,2026-06-28,9.97,9.94,10.01,live
Well-16,2026-06-29,10.0,9.97,10.04,live
Well-16,2026-06-30,10.0,9.97,10.04,live
Well-16,2026-07-01,9.94,9.91,9.98,live
Well-16,2026-07-02,9.9,9.87,9.94,live
Well-16,2026-07-03,9.86,9.83,9.9,live
Well-16,2026-07-04,9.87,9.84,9.91,live
Well-16,2026-07-05,9.8,9.77,9.84,live
Well-16,2026-07-06,9.74,9.71,9.78,live
Well-16,2026-07-07,9.74,9.71,9.78,live
Well-16,2026-07-08,9.73,9.7,9.77,live
Well-16,2026-07-09,9.68,9.65,9.72,live
Well-16,2026-07-10,9.66,9.63,9.7,live
Well-16,2026-07-11,9.69,9.66,9.73,live
Well-16,2026-07-12,9.64,9.61,9.68,live
Well-16,2026-07-13,9.66,9.63,9.7,live
Well-16,2026-07-14,9.67,9.64,9.71,live
Well-16,2026-07-15,9.69,9.66,9.73,live
Well-16,2026-07-16,9.73,9.7,9.77,live
Well-16,2026-07-17,9.76,9.73,9.8,live
Well-16,2026-07-18,9.69,9.66,9.73,live
Well-16,2026-07-19,9.6,9.57,9.64,live
Well-16,2026-07-20,9.64,9.61,9.68,live
Well-16,2026-07-21,9.65,9.62,9.69,live
Well-16,2026-07-22,9.65,9.62,9.69,live
Well-16,2026-07-23,9.6,9.57,9.64,live
Well-16,2026-07-24,9.64,9.61,9.68,live
Well-16,2026-07-25,9.67,9.64,9.71,live
Well-16,2026-07-26,9.57,9.54,9.61,live
Well-16,2026-07-27,9.55,9.52,9.59,live
Well-16,2026-07-28,9.52,9.49,9.56,live
Well-16,2026-07-29,9.43,9.4,9.47,live
Well-16,2026-07-30,9.39,9.36,9.43,live
Well-16,2026-07-31,9.37,9.34,9.41,live
Well-16,2026-08-01,9.29,9.26,9.33,live
Well-16,2026-08-02,9.24,9.21,9.28,live
Well-16,2026-08-03,9.37,9.34,9.41,live
Well-16,2026-08-04,9.34,9.31,9.38,live
Well-16,2026-08-05,9.24,9.21,9.28,live
Well-16,2026-08-06,9.2,9.17,9.24,live
Well-16,2026-08-07,9.17,9.14,9.21,live
Well-16,2026-08-08,9.26,9.23,9.3,live
Well-16,2026-08-09,9.25,9.22,9.29,live
Well-16,2026-08-10,9.27,9.24,9.31,live
Well-16,2026-08-11,9.27,9.24,9.31,live
Well-16,2026-08-12,9.29,9.26,9.33,live
Well-16,2026-08-13,9.35,9.32,9.39,live
Well-16,2026-08-14,9.32,9.29,9.36,live
Well-16,2026-08-15,9.32,9.29,9.36,live
Well-16,2026-08-16,9.34,9.31,9.38,live
Well-16,2026-08-17,9.39,9.36,9.43,live
Well-16,2026-08-18,9.41,9.38,9.45,live
Well-16,2026-08-19,9.38,9.35,9.42,live
Well-16,2026-08-20,9.45,9.42,9.49,live
Well-16,2026-08-21,9.42,9.39,9.46,live
Well-16,2026-08-22,9.45,9.42,9.49,live
Well-16,2026-08-23,9.42,9.39,9.46,live
Well-16,2026-08-24,9.31,9.28,9.35,live
Well-16,2026-08-25,9.31,9.28,9.35,live
Well-16,2026-08-26,9.23,9.2,9.27,live
Well-16,2026-08-27,9.26,9.23,9.3,live
Well-16,2026-08-28,9.21,9.18,9.25,live
Well-16,2026-08-29,9.23,9.2,9.27,live
Well-16,2026-08-30,9.26,9.23,9.3,live
Well-16,2026-08-31,9.22,9.19,9.26,live
Well-16,2026-09-01,9.21,9.18,9.25,live
Well-16,2026-09-02,9.24,9.21,9.28,live
Well-16,2026-09-03,9.38,9.35,9.42,live
Well-16,2026-09-04,9.37,9.34,9.41,live
Well-16,2026-09-05,9.41,9.38,9.45,live
Well-16,2026-09-06,9.25,9.22,9.29,live
Well-16,2026-09-07,9.33,9.3,9.37,live
Well-16,2026-09-08,9.34,9.31,9.38,live
Well-16,2026-09-09,9.44,9.41,9.48,live
Well-16,2026-09-10,9.43,9.4,9.47,live
Well-16,2026-09-11,9.5,9.47,9.54,live
Well-16,2026-09-12,9.53,9.5,9.57,live
Well-16,2026-09-13,9.48,9.45,9.52,live
Well-16,2026-09-14,9.52,9.49,9.56,live
Well-16,2026-09-15,9.52,9.49,9.56,live
Well-16,2026-09-16,9.54,9.51,9.58,live
Well-16,2026-09-17,9.59,9.56,9.63,live
Well-16,2026-09-18,9.69,9.66,9.73,live
Well-16,2026-09-19,9.73,9.7,9.77,live
Well-16,2026-09-20,9.64,9.61,9.68,live
Well-16,2026-09-21,9.66,9.63,9.7,live
Well-16,2026-09-22,9.72,9.69,9.76,live
Well-16,2026-09-23,9.83,9.8,9.87,live
Well-16,2026-09-24,9.74,9.71,9.78,live
Well-17,2022-06-01,10.87,10.84,10.91,archive
Well-17,2022-06-02,10.8,10.77,10.84,archive
Well-17,2022-06-03,10.77,10.74,10.81,archive
Well-17,2022-06-04,10.7,10.67,10.74,archive
Well-17,2022-06-05,10.65,10.62,10.69,archive
Well-17,2022-06-06,10.63,10.6,10.67,archive
Well-17,2022-06-07,10.61,10.58,10.65,archive
Well-17,2022-06-08,10.5,10.47,10.54,archive
Well-17,2022-06-09,10.5,10.47,10.54,archive
Well-17,2022-06-10,10.41,10.38,10.45,archive
Well-17,2022-06-11,10.56,10.53,10.6,archive
Well-17,2022-06-12,10.45,10.42,10.49,archive
Well-17,2022-06-13,10.49,10.46,10.53,archive
Well-17,2022-06-14,10.42,10.39,10.46,archive
Well-17,2022-06-15,10.4,10.37,10.44,archive
Well-17,2022-06-16,10.45,10.42,10.49,archive
Well-17,2022-06-17,10.39,10.36,10.43,archive
Well-17,2022-06-18,10.3,10.27,10.34,archive
Well-17,2022-06-19,10.2,10.17,10.24,archive
Well-17,2022-06-20,10.27,10.24,10.31,archive
Well-17,2022-06-21,10.18,10.15,10.22,archive
Well-17,2022-06-22,10.13,10.1,10.17,archive
Well-17,2022-06-23,10.16,10.13,10.2,archive
Well-17,2022-06-24,10.13,10.1,10.17,archive
Well-17,2022-06-25,10.11,10.08,10.15,archive
Well-17,2022-06-26,10.18,10.15,10.22,archive
Well-17,2022-06-27,10.24,10.21,10.28,archive
Well-17,2022-06-28,10.18,10.15,10.22,archive
Well-17,2022-06-29,10.16,10.13,10.2,archive
Well-17,2022-06-30,10.1,10.07,10.14,archive
Well-17,2022-07-01,10.05,10.02,10.09,archive
Well-17,2022-07-02,10.05,10.02,10.09,archive
Well-17,2022-07-03,10.08,10.05,10.12,archive
Well-17,2022-07-04,9.97,9.94,10.01,archive
Well-17,2022-07-05,9.94,9.91,9.98,archive
Well-17,2022-07-06,9.92,9.89,9.96,archive
Well-17,2022-07-07,9.86,9.83,9.9,archive
Well-17,2022-07-08,9.81,9.78,9.85,archive
Well-17,2022-07-09,9.7,9.67,9.74,archive
Well-17,2022-07-10,9.6,9.57,9.64,archive
Well-17,2022-07-11,9.55,9.52,9.59,archive
Well-17,2022-07-12,9.52,9.49,9.56,archive
Well-17,2022-07-13,9.55,9.52,9.59,archive
Well-17,2022-07-14,9.62,9.59,9.66,archive
Well-17,2022-07-15,9.58,9.55,9.62,archive
Well-17,2022-07-16,9.58,9.55,9.62,archive
Well-17,2022-07-17,9.58,9.55,9.62,archive
Well-17,2022-07-18,9.51,9.48,9.55,archive
Well-17,2022-07-19,9.48,9.45,9.52,archive
Well-17,2022-07-20,9.46,9.43,9.5,archive
Well-17,2022-07-21,9.47,9.44,9.51,archive
Well-17,2022-07-22,9.49,9.46,9.53,archive
Well-17,2022-07-23,9.5,9.47,9.54,archive
Well-17,2022-07-24,9.53,9.5,9.57,archive
Well-17,2022-07-25,9.45,9.42,9.49,archive
Well-17,2022-07-26,9.35,9.32,9.39,archive
Well-17,2022-07-27,9.36,9.33,9.4,archive
Well-17,2022-07-28,9.25,9.22,9.29,archive
Well-17,2022-07-29,9.28,9.25,9.32,archive
Well-17,2022-07-30,9.29,9.26,9.33,archive
Well-17,2022-07-31,9.16,9.13,9.2,archive
Well-17,2022-08-01,9.12,9.09,9.16,archive
Well-17,2022-08-02,9.14,9.11,9.18,archive
Well-17,2022-08-03,9.26,9.23,9.3,archive
Well-17,2022-08-04,9.33,9.3,9.37,archive
Well-17,2022-08-05,9.33,9.3,9.37,archive
Well-17,2022-08-06,9.25,9.22,9.29,archive
Well-17,2022-08-07,9.34,9.31,9.38,archive
Well-17,2022-08-08,9.33,9.3,9.37,archive
Well-17,2022-08-09,9.29,9.26,9.33,archive
Well-17,2022-08-10,9.36,9.33,9.4,archive
Well-17,2022-08-11,9.4,9.37,9.44,archive
Well-17,2022-08-12,9.39,9.36,9.43,archive
Well-17,2022-08-13,9.46,9.43,9.5,archive
Well-17,2022-08-14,9.47,9.44,9.51,archive
Well-17,2022-08-15,9.38,9.35,9.42,archive
Well-17,2022-08-16,9.34,9.31,9.38,archive
Well-17,2022-08-17,9.33,9.3,9.37,archive
Well-17,2022-08-18,9.27,9.24,9.31,archive
Well-17,2022-08-19,9.28,9.25,9.32,archive
Well-17,2022-08-20,9.24,9.21,9.28,archive
Well-17,2022-08-21,9.25,9.22,9.29,archive
Well-17,2022-08-22,9.33,9.3,9.37,archive
Well-17,2022-08-23,9.31,9.28,9.35,archive
Well-17,2022-08-24,9.23,9.2,9.27,archive
Well-17,2022-08-25,9.29,9.26,9.33,archive
Well-17,2022-08-26,9.32,9.29,9.36,archive
Well-17,2022-08-27,9.34,9.31,9.38,archive
Well-17,2022-08-28,9.37,9.34,9.41,archive
Well-17,2022-08-29,9.36,9.33,9.4,archive
Well-17,2022-08-30,9.3,9.27,9.34,archive
Well-17,2022-08-31,9.31,9.28,9.35,archive
Well-17,2022-09-01,9.34,9.31,9.38,archive
Well-17,2022-09-02,9.28,9.25,9.32,archive
Well-17,2022-09-03,9.27,9.24,9.31,archive
Well-17,2022-09-04,9.28,9.25,9.32,archive
Well-17,2022-09-05,9.32,9.29,9.36,archive
Well-17,2022-09-06,9.3,9.27,9.34,archive
Well-17,2022-09-07,9.25,9.22,9.29,archive
Well-17,2022-09-08,9.25,9.22,9.29,archive
Well-17,2022-09-09,9.25,9.22,9.29,archive
Well-17,2022-09-10,9.19,9.16,9.23,archive
Well-17,2022-09-11,9.21,9.18,9.25,archive
Well-17,2022-09-12,9.16,9.13,9.2,archive
Well-17,2022-09-13,9.26,9.23,9.3,archive
Well-17,2022-09-14,9.35,9.32,9.39,archive
Well-17,2022-09-15,9.38,9.35,9.42,archive
Well-17,2022-09-16,9.35,9.32,9.39,archive
Well-17,2022-09-17,9.43,9.4,9.47,archive
Well-17,2022-09-18,9.43,9.4,9.47,archive
Well-17,2022-09-19,9.54,9.51,9.58,archive
Well-17,2022-09-20,9.53,9.5,9.57,archive
Well-17,2022-09-21,9.49,9.46,9.53,archive
Well-17,2022-09-22,9.5,9.47,9.54,archive
Well-17,2022-09-23,9.56,9.53,9.6,archive
Well-17,2022-09-24,9.43,9.4,9.47,archive
Well-17,2022-09-25,9.42,9.39,9.46,archive
Well-17,2022-09-26,9.42,9.39,9.46,archive
Well-17,2022-09-27,9.47,9.44,9.51,archive
Well-17,2022-09-28,9.53,9.5,9.57,archive
Well-17,2022-09-29,9.56,9.53,9.6,archive
Well-17,2022-09-30,9.54,9.51,9.58,archive
Well-17,2022-10-01,9.58,9.55,9.62,archive
Well-17,2022-10-02,9.6,9.57,9.64,archive
Well-17,2022-10-03,9.67,9.64,9.71,archive
Well-17,2022-10-04,9.67,9.64,9.71,archive
Well-17,2022-10-05,9.64,9.61,9.68,archive
Well-17,2022-10-06,9.78,9.75,9.82,archive
Well-17,2022-10-07,9.78,9.75,9.82,archive
Well-17,2022-10-08,9.76,9.73,9.8,archive
Well-17,2022-10-09,9.72,9.69,9.76,archive
Well-17,2022-10-10,9.74,9.71,9.78,archive
Well-17,2022-10-11,9.73,9.7,9.77,archive
Well-17,2022-10-12,9.79,9.76,9.83,archive
Well-17,2022-10-13,9.68,9.65,9.72,archive
Well-17,2022-10-14,9.76,9.73,9.8,archive
Well-17,2022-10-15,9.73,9.7,9.77,archive
Well-17,2022-10-16,9.72,9.69,9.76,archive
Well-17,2022-10-17,9.77,9.74,9.81,archive
Well-17,2022-10-18,9.75,9.72,9.79,archive
Well-17,2022-10-19,9.78,9.75,9.82,archive
Well-17,2022-10-20,9.8,9.77,9.84,archive
Well-17,2022-10-21,9.81,9.78,9.85,archive
Well-17,2022-10-22,9.86,9.83,9.9,archive
Well-17,2022-10-23,9.84,9.81,9.88,archive
Well-17,2022-10-24,9.91,9.88,9.95,archive
Well-17,2022-10-25,9.98,9.95,10.02,archive
Well-17,2022-10-26,10.04,10.01,10.08,archive
Well-17,2022-10-27,10.09,10.06,10.13,archive
Well-17,2022-10-28,10.15,10.12,10.19,archive
Well-17,2022-10-29,10.24,10.21,10.28,archive
Well-17,2022-10-30,10.32,10.29,10.36,archive
Well-17,2022-10-31,10.31,10.28,10.35,archive
Well-17,2022-11-01,10.36,10.33,10.4,archive
Well-17,2022-11-02,10.45,10.42,10.49,archive
Well-17,2022-11-03,10.49,10.46,10.53,archive
Well-17,2022-11-04,10.46,10.43,10.5,archive
Well-17,2022-11-05,10.43,10.4,10.47,archive
Well-17,2022-11-06,10.48,10.45,10.52,archive
Well-17,2022-11-07,10.53,10.5,10.57,archive
Well-17,2022-11-08,10.55,10.52,10.59,archive
Well-17,2022-11-09,10.6,10.57,10.64,archive
Well-17,2022-11-10,10.64,10.61,10.68,archive
Well-17,2022-11-11,10.66,10.63,10.7,archive
Well-17,2022-11-12,10.64,10.61,10.68,archive
Well-17,2022-11-13,10.62,10.59,10.66,archive
Well-17,2022-11-14,10.68,10.65,10.72,archive
Well-17,2022-11-15,10.73,10.7,10.77,archive
Well-17,2022-11-16,10.8,10.77,10.84,archive
Well-17,2022-11-17,10.86,10.83,10.9,archive
Well-17,2022-11-18,10.85,10.82,10.89,archive
Well-17,2022-11-19,10.89,10.86,10.93,archive
Well-17,2022-11-20,10.83,10.8,10.87,archive
Well-17,2022-11-21,10.82,10.79,10.86,archive
Well-17,2022-11-22,10.9,10.87,10.94,archive
Well-17,2022-11-23,10.94,10.91,10.98,archive
Well-17,2022-11-24,10.94,10.91,10.98,archive
Well-17,2022-11-25,10.93,10.9,10.97,archive
Well-17,2022-11-26,10.98,10.95,11.02,archive
Well-17,2022-11-27,11.04,11.01,11.08,archive
Well-17,2022-11-28,11.07,11.04,11.11,archive
Well-17,2022-11-29,11.04,11.01,11.08,archive
Well-17,2022-11-30,11.12,11.09,11.16,archive
Well-17,2022-12-01,11.18,11.15,11.22,archive
Well-17,2022-12-02,11.22,11.19,11.26,archive
Well-17,2022-12-03,11.26,11.23,11.3,archive
Well-17,2022-12-04,11.3,11.27,11.34,archive
Well-17,2022-12-05,11.27,11.24,11.31,archive
Well-17,2022-12-06,11.33,11.3,11.37,archive
Well-17,2022-12-07,11.37,11.34,11.41,archive
Well-17,2022-12-08,11.4,11.37,11.44,archive
Well-17,2022-12-09,11.41,11.38,11.45,archive
Well-17,2022-12-10,11.45,11.42,11.49,archive
Well-17,2022-12-11,11.55,11.52,11.59,archive
Well-17,2022-12-12,11.53,11.5,11.57,archive
Well-17,2022-12-13,11.53,11.5,11.57,archive
Well-17,2022-12-14,11.59,11.56,11.63,archive
Well-17,2022-12-15,11.61,11.58,11.65,archive
Well-17,2022-12-16,11.6,11.57,11.64,archive
Well-17,2022-12-17,11.59,11.56,11.63,archive
Well-17,2022-12-18,11.53,11.5,11.57,archive
Well-17,2022-12-19,11.56,11.53,11.6,archive
Well-17,2022-12-20,11.6,11.57,11.64,archive
Well-17,2022-12-21,11.66,11.63,11.7,archive
Well-17,2022-12-22,11.68,11.65,11.72,archive
Well-17,2022-12-23,11.58,11.55,11.62,archive
Well-17,2022-12-24,11.62,11.59,11.66,archive
Well-17,2022-12-25,11.68,11.65,11.72,archive
Well-17,2022-12-26,11.67,11.64,11.71,archive
Well-17,2022-12-27,11.78,11.75,11.82,archive
Well-17,2022-12-28,11.9,11.87,11.94,archive
Well-17,2022-12-29,11.91,11.88,11.95,archive
Well-17,2022-12-30,12.01,11.98,12.05,archive
Well-17,2022-12-31,12.05,12.02,12.09,archive
Well-17,2023-01-01,12.17,12.14,12.21,archive
Well-17,2023-01-02,12.26,12.23,12.3,archive
Well-17,2023-01-03,12.34,12.31,12.38,archive
Well-17,2023-01-04,12.32,12.29,12.36,archive
Well-17,2023-01-05,12.4,12.37,12.44,archive
Well-17,2023-01-06,13.82,13.79,13.86,archive
Well-17,2023-01-07,12.32,12.29,12.36,archive
Well-17,2023-01-08,12.3,12.27,12.34,archive
Well-17,2023-01-09,12.29,12.26,12.33,archive
Well-17,2023-01-10,12.35,12.32,12.39,archive
Well-17,2023-01-11,12.32,12.29,12.36,archive
Well-17,2023-01-12,12.41,12.38,12.45,archive
Well-17,2023-01-13,12.44,12.41,12.48,archive
Well-17,2023-01-14,12.41,12.38,12.45,archive
Well-17,2023-01-15,12.38,12.35,12.42,archive
Well-17,2023-01-16,12.37,12.34,12.41,archive
Well-17,2023-01-17,12.44,12.41,12.48,archive
Well-17,2023-01-18,12.52,12.49,12.56,archive
Well-17,2023-01-19,12.58,12.55,12.62,archive
Well-17,2023-01-20,12.6,12.57,12.64,archive
Well-17,2023-01-21,12.48,12.45,12.52,archive
Well-17,2023-01-22,12.43,12.4,12.47,archive
Well-17,2023-01-23,12.42,12.39,12.46,archive
Well-17,2023-01-24,12.46,12.43,12.5,archive
Well-17,2023-01-25,12.47,12.44,12.51,archive
Well-17,2023-01-26,12.48,12.45,12.52,archive
Well-17,2023-01-27,12.58,12.55,12.62,archive
Well-17,2023-01-28,12.7,12.67,12.74,archive
Well-17,2023-01-29,12.7,12.67,12.74,archive
Well-17,2023-01-30,12.69,12.66,12.73,archive
Well-17,2023-01-31,12.74,12.71,12.78,archive
Well-17,2023-02-01,12.79,12.76,12.83,archive
Well-17,2023-02-02,12.74,12.71,12.78,archive
Well-17,2023-02-03,12.79,12.76,12.83,archive
Well-17,2023-02-04,12.84,12.81,12.88,archive
Well-17,2023-02-05,12.89,12.86,12.93,archive
Well-17,2023-02-06,12.85,12.82,12.89,archive
Well-17,2023-02-07,12.9,12.87,12.94,archive
Well-17,2023-02-08,12.82,12.79,12.86,archive
Well-17,2023-02-09,12.79,12.76,12.83,archive
Well-17,2023-02-10,12.76,12.73,12.8,archive
Well-17,2023-02-11,12.74,12.71,12.78,archive
Well-17,2023-02-12,12.82,12.79,12.86,archive
Well-17,2023-02-13,12.88,12.85,12.92,archive
Well-17,2023-02-14,12.92,12.89,12.96,archive
Well-17,2023-02-15,12.95,12.92,12.99,archive
Well-17,2023-02-16,12.96,12.93,13.0,archive
Well-17,2023-02-17,12.96,12.93,13.0,archive
Well-17,2023-02-18,12.94,12.91,12.98,archive
Well-17,2023-02-19,12.87,12.84,12.91,archive
Well-17,2023-02-20,12.83,12.8,12.87,archive
Well-17,2023-02-21,12.84,12.81,12.88,archive
Well-17,2023-02-22,12.78,12.75,12.82,archive
Well-17,2023-02-23,12.92,12.89,12.96,archive
Well-17,2023-02-24,13.0,12.97,13.04,archive
Well-17,2023-02-25,13.05,13.02,13.09,archive
Well-17,2023-02-26,13.09,13.06,13.13,archive
Well-17,2023-02-27,12.98,12.95,13.02,archive
Well-17,2023-02-28,12.91,12.88,12.95,archive
Well-17,2023-03-01,12.94,12.91,12.98,archive
Well-17,2023-03-02,12.88,12.85,12.92,archive
Well-17,2023-03-03,12.82,12.79,12.86,archive
Well-17,2023-03-04,12.81,12.78,12.85,archive
Well-17,2023-03-05,12.83,12.8,12.87,archive
Well-17,2023-03-06,12.81,12.78,12.85,archive
Well-17,2023-03-07,12.76,12.73,12.8,archive
Well-17,2023-03-08,12.76,12.73,12.8,archive
Well-17,2023-03-09,12.84,12.81,12.88,archive
Well-17,2023-03-10,12.77,12.74,12.81,archive
Well-17,2023-03-11,12.8,12.77,12.84,archive
Well-17,2023-03-12,12.78,12.75,12.82,archive
Well-17,2023-03-13,12.83,12.8,12.87,archive
Well-17,2023-03-14,13.24,13.21,13.28,archive
Well-17,2023-03-15,12.81,12.78,12.85,archive
Well-17,2023-03-16,12.84,12.81,12.88,archive
Well-17,2023-03-17,12.94,12.91,12.98,archive
Well-17,2023-03-18,12.93,12.9,12.97,archive
Well-17,2023-03-19,12.88,12.85,12.92,archive
Well-17,2023-03-20,12.9,12.87,12.94,archive
Well-17,2023-03-21,12.89,12.86,12.93,archive
Well-17,2023-03-22,12.79,12.76,12.83,archive
Well-17,2023-03-23,12.73,12.7,12.77,archive
Well-17,2023-03-24,12.68,12.65,12.72,archive
Well-17,2023-03-25,12.66,12.63,12.7,archive
Well-17,2023-03-26,12.7,12.67,12.74,archive
Well-17,2023-03-27,12.63,12.6,12.67,archive
Well-17,2023-03-28,12.68,12.65,12.72,archive
Well-17,2023-03-29,12.64,12.61,12.68,archive
Well-17,2023-03-30,12.65,12.62,12.69,archive
Well-17,2023-03-31,12.59,12.56,12.63,archive
Well-17,2023-04-01,12.61,12.58,12.65,archive
Well-17,2023-04-02,12.55,12.52,12.59,archive
Well-17,2023-04-03,12.55,12.52,12.59,archive
Well-17,2023-04-04,12.55,12.52,12.59,archive
Well-17,2023-04-05,12.61,12.58,12.65,archive
Well-17,2023-04-06,12.64,12.61,12.68,archive
Well-17,2023-04-07,12.64,12.61,12.68,archive
Well-17,2023-04-08,12.67,12.64,12.71,archive
Well-17,2023-04-09,12.55,12.52,12.59,archive
Well-17,2023-04-10,12.51,12.48,12.55,archive
Well-17,2023-04-11,12.55,12.52,12.59,archive
Well-17,2023-04-12,12.48,12.45,12.52,archive
Well-17,2023-04-13,12.46,12.43,12.5,archive
Well-17,2023-04-14,12.41,12.38,12.45,archive
Well-17,2023-04-15,12.36,12.33,12.4,archive
Well-17,2023-04-16,12.26,12.23,12.3,archive
Well-17,2023-04-17,12.21,12.18,12.25,archive
Well-17,2023-04-18,12.14,12.11,12.18,archive
Well-17,2023-04-19,12.19,12.16,12.23,archive
Well-17,2023-04-20,12.09,12.06,12.13,archive
Well-17,2023-04-21,12.05,12.02,12.09,archive
Well-17,2023-04-22,12.01,11.98,12.05,archive
Well-17,2023-04-23,11.91,11.88,11.95,archive
Well-17,2023-04-24,11.88,11.85,11.92,archive
Well-17,2023-04-25,11.9,11.87,11.94,archive
Well-17,2023-04-26,12.0,11.97,12.04,archive
Well-17,2023-04-27,11.92,11.89,11.96,archive
Well-17,2023-04-28,11.86,11.83,11.9,archive
Well-17,2023-04-29,11.86,11.83,11.9,archive
Well-17,2023-04-30,11.89,11.86,11.93,archive
Well-17,2023-05-01,11.93,11.9,11.97,archive
Well-17,2023-05-02,11.89,11.86,11.93,archive
Well-17,2023-05-03,11.9,11.87,11.94,archive
Well-17,2023-05-04,11.87,11.84,11.91,archive
Well-17,2023-05-05,11.88,11.85,11.92,archive
Well-17,2023-05-06,11.83,11.8,11.87,archive
Well-17,2023-05-07,11.75,11.72,11.79,archive
Well-17,2023-05-08,11.72,11.69,11.76,archive
Well-17,2023-05-09,11.73,11.7,11.77,archive
Well-17,2023-05-10,11.71,11.68,11.75,archive
Well-17,2023-05-11,11.62,11.59,11.66,archive
Well-17,2023-05-12,11.57,11.54,11.61,archive
Well-17,2023-05-13,11.55,11.52,11.59,archive
Well-17,2023-05-14,11.5,11.47,11.54,archive
Well-17,2023-05-15,11.49,11.46,11.53,archive
Well-17,2023-05-16,11.38,11.35,11.42,archive
Well-17,2023-05-17,11.23,11.2,11.27,archive
Well-17,2023-05-18,11.15,11.12,11.19,archive
Well-17,2023-05-19,11.07,11.04,11.11,archive
Well-17,2023-05-20,11.12,11.09,11.16,archive
Well-17,2023-05-21,11.07,11.04,11.11,archive
Well-17,2023-05-22,11.02,10.99,11.06,archive
Well-17,2023-05-23,10.91,10.88,10.95,archive
Well-17,2023-05-24,10.91,10.88,10.95,archive
Well-17,2023-05-25,10.87,10.84,10.91,archive
Well-17,2023-05-26,10.85,10.82,10.89,archive
Well-17,2023-05-27,10.79,10.76,10.83,archive
Well-17,2023-05-28,10.8,10.77,10.84,archive
Well-17,2023-05-29,10.8,10.77,10.84,archive
Well-17,2023-05-30,10.76,10.73,10.8,archive
Well-17,2023-05-31,10.77,10.74,10.81,archive
Well-17,2023-06-01,10.72,10.69,10.76,archive
Well-17,2023-06-02,10.71,10.68,10.75,archive
Well-17,2023-06-03,10.69,10.66,10.73,archive
Well-17,2023-06-04,10.67,10.64,10.71,archive
Well-17,2023-06-05,10.69,10.66,10.73,archive
Well-17,2023-06-06,10.69,10.66,10.73,archive
Well-17,2023-06-07,10.78,10.75,10.82,archive
Well-17,2023-06-08,10.64,10.61,10.68,archive
Well-17,2023-06-09,10.55,10.52,10.59,archive
Well-17,2023-06-10,10.58,10.55,10.62,archive
Well-17,2023-06-11,10.47,10.44,10.51,archive
Well-17,2023-06-12,10.49,10.46,10.53,archive
Well-17,2023-06-13,10.44,10.41,10.48,archive
Well-17,2023-06-14,10.41,10.38,10.45,archive
Well-17,2023-06-15,10.35,10.32,10.39,archive
Well-17,2023-06-16,10.32,10.29,10.36,archive
Well-17,2023-06-17,10.29,10.26,10.33,archive
Well-17,2023-06-18,10.22,10.19,10.26,archive
Well-17,2023-06-19,10.24,10.21,10.28,archive
Well-17,2023-06-20,10.33,10.3,10.37,archive
Well-17,2023-06-21,10.39,10.36,10.43,archive
Well-17,2023-06-22,10.32,10.29,10.36,archive
Well-17,2023-06-23,10.24,10.21,10.28,archive
Well-17,2023-06-24,10.17,10.14,10.21,archive
Well-17,2023-06-25,10.24,10.21,10.28,archive
Well-17,2023-06-26,10.25,10.22,10.29,archive
Well-17,2023-06-27,10.34,10.31,10.38,archive
Well-17,2023-06-28,10.24,10.21,10.28,archive
Well-17,2023-06-29,10.18,10.15,10.22,archive
Well-17,2023-06-30,10.1,10.07,10.14,archive
Well-17,2023-07-01,10.07,10.04,10.11,archive
Well-17,2023-07-02,10.07,10.04,10.11,archive
Well-17,2023-07-03,10.01,9.98,10.05,archive
Well-17,2023-07-04,9.93,9.9,9.97,archive
Well-17,2023-07-05,10.0,9.97,10.04,archive
Well-17,2023-07-06,9.85,9.82,9.89,archive
Well-17,2023-07-07,9.83,9.8,9.87,archive
Well-17,2023-07-08,9.78,9.75,9.82,archive
Well-17,2023-07-09,9.73,9.7,9.77,archive
Well-17,2023-07-10,9.72,9.69,9.76,archive
Well-17,2023-07-11,9.73,9.7,9.77,archive
Well-17,2023-07-12,9.71,9.68,9.75,archive
Well-17,2023-07-13,9.81,9.78,9.85,archive
Well-17,2023-07-14,9.77,9.74,9.81,archive
Well-17,2023-07-15,9.72,9.69,9.76,archive
Well-17,2023-07-16,9.77,9.74,9.81,archive
Well-17,2023-07-17,9.67,9.64,9.71,archive
Well-17,2023-07-18,9.74,9.71,9.78,archive
Well-17,2023-07-19,9.68,9.65,9.72,archive
Well-17,2023-07-20,9.6,9.57,9.64,archive
Well-17,2023-07-21,9.55,9.52,9.59,archive
Well-17,2023-07-22,9.5,9.47,9.54,archive
Well-17,2023-07-23,9.46,9.43,9.5,archive
Well-17,2023-07-24,9.4,9.37,9.44,archive
Well-17,2023-07-25,9.39,9.36,9.43,archive
Well-17,2023-07-26,9.37,9.34,9.41,archive
Well-17,2023-07-27,9.3,9.27,9.34,archive
Well-17,2023-07-28,9.28,9.25,9.32,archive
Well-17,2023-07-29,9.29,9.26,9.33,archive
Well-17,2023-07-30,9.37,9.34,9.41,archive
Well-17,2023-07-31,9.26,9.23,9.3,archive
Well-17,2023-08-01,9.29,9.26,9.33,archive
Well-17,2023-08-02,9.28,9.25,9.32,archive
Well-17,2023-08-03,9.28,9.25,9.32,archive
Well-17,2023-08-04,9.3,9.27,9.34,archive
Well-17,2023-08-05,9.39,9.36,9.43,archive
Well-17,2023-08-06,9.3,9.27,9.34,archive
Well-17,2023-08-07,9.31,9.28,9.35,archive
Well-17,2023-08-08,9.35,9.32,9.39,archive
Well-17,2023-08-09,9.34,9.31,9.38,archive
Well-17,2023-08-10,9.38,9.35,9.42,archive
Well-17,2023-08-11,9.35,9.32,9.39,archive
Well-17,2023-08-12,9.35,9.32,9.39,archive
Well-17,2023-08-13,9.27,9.24,9.31,archive
Well-17,2023-08-14,9.36,9.33,9.4,archive
Well-17,2023-08-15,9.4,9.37,9.44,archive
Well-17,2023-08-16,9.38,9.35,9.42,archive
Well-17,2023-08-17,9.31,9.28,9.35,archive
Well-17,2023-08-18,9.15,9.12,9.19,archive
Well-17,2023-08-19,9.18,9.15,9.22,archive
Well-17,2023-08-20,9.12,9.09,9.16,archive
Well-17,2023-08-21,9.1,9.07,9.14,archive
Well-17,2023-08-22,9.08,9.05,9.12,archive
Well-17,2023-08-23,8.98,8.95,9.02,archive
Well-17,2023-08-24,9.04,9.01,9.08,archive
Well-17,2023-08-25,9.13,9.1,9.17,archive
Well-17,2023-08-26,9.12,9.09,9.16,archive
Well-17,2023-08-27,9.17,9.14,9.21,archive
Well-17,2023-08-28,9.09,9.06,9.13,archive
Well-17,2023-08-29,9.08,9.05,9.12,archive
Well-17,2023-08-30,9.05,9.02,9.09,archive
Well-17,2023-08-31,9.02,8.99,9.06,archive
Well-17,2023-09-01,8.99,8.96,9.03,archive
Well-17,2023-09-02,9.03,9.0,9.07,archive
Well-17,2023-09-03,9.04,9.01,9.08,archive
Well-17,2023-09-04,9.01,8.98,9.05,archive
Well-17,2023-09-05,9.0,8.97,9.04,archive
Well-17,2023-09-06,9.13,9.1,9.17,archive
Well-17,2023-09-07,9.09,9.06,9.13,archive
Well-17,2023-09-08,9.1,9.07,9.14,archive
Well-17,2023-09-09,9.13,9.1,9.17,archive
Well-17,2023-09-10,9.12,9.09,9.16,archive
Well-17,2023-09-11,9.18,9.15,9.22,archive
Well-17,2023-09-12,9.2,9.17,9.24,archive
Well-17,2023-09-13,9.26,9.23,9.3,archive
Well-17,2023-09-14,9.17,9.14,9.21,archive
Well-17,2023-09-15,9.18,9.15,9.22,archive
Well-17,2023-09-16,9.18,9.15,9.22,archive
Well-17,2023-09-17,9.24,9.21,9.28,archive
Well-17,2023-09-18,9.36,9.33,9.4,archive
Well-17,2023-09-19,9.43,9.4,9.47,archive
Well-17,2023-09-20,9.4,9.37,9.44,archive
Well-17,2023-09-21,9.41,9.38,9.45,archive
Well-17,2023-09-22,9.49,9.46,9.53,archive
Well-17,2023-09-23,9.42,9.39,9.46,archive
Well-17,2023-09-24,9.34,9.31,9.38,archive
Well-17,2023-09-25,9.37,9.34,9.41,archive
Well-17,2023-09-26,9.35,9.32,9.39,archive
Well-17,2023-09-27,9.43,9.4,9.47,archive
Well-17,2023-09-28,9.53,9.5,9.57,archive
Well-17,2023-09-29,9.43,9.4,9.47,archive
Well-17,2023-09-30,9.42,9.39,9.46,archive
Well-17,2023-10-01,9.51,9.48,9.55,archive
Well-17,2023-10-02,9.5,9.47,9.54,archive
Well-17,2023-10-03,9.51,9.48,9.55,archive
Well-17,2023-10-04,9.56,9.53,9.6,archive
Well-17,2023-10-05,9.63,9.6,9.67,archive
Well-17,2023-10-06,9.6,9.57,9.64,archive
Well-17,2023-10-07,9.57,9.54,9.61,archive
Well-17,2023-10-08,9.57,9.54,9.61,archive
Well-17,2023-10-09,9.52,9.49,9.56,archive
Well-17,2023-10-10,9.55,9.52,9.59,archive
Well-17,2023-10-11,9.63,9.6,9.67,archive
Well-17,2023-10-12,9.66,9.63,9.7,archive
Well-17,2023-10-13,9.74,9.71,9.78,archive
Well-17,2023-10-14,9.8,9.77,9.84,archive
Well-17,2023-10-15,9.77,9.74,9.81,archive
Well-17,2023-10-16,9.76,9.73,9.8,archive
Well-17,2023-10-17,9.79,9.76,9.83,archive
Well-17,2023-10-18,9.76,9.73,9.8,archive
Well-17,2023-10-19,9.85,9.82,9.89,archive
Well-17,2023-10-20,9.83,9.8,9.87,archive
Well-17,2023-10-21,9.89,9.86,9.93,archive
Well-17,2023-10-22,9.88,9.85,9.92,archive
Well-17,2023-10-23,9.9,9.87,9.94,archive
Well-17,2023-10-24,9.89,9.86,9.93,archive
Well-17,2023-10-25,9.9,9.87,9.94,archive
Well-17,2023-10-26,9.99,9.96,10.03,archive
Well-17,2023-10-27,10.05,10.02,10.09,archive
Well-17,2023-10-28,10.12,10.09,10.16,archive
Well-17,2023-10-29,10.07,10.04,10.11,archive
Well-17,2023-10-30,10.14,10.11,10.18,archive
Well-17,2023-10-31,10.18,10.15,10.22,archive
Well-17,2023-11-01,10.19,10.16,10.23,archive
Well-17,2023-11-02,10.23,10.2,10.27,archive
Well-17,2023-11-03,10.27,10.24,10.31,archive
Well-17,2023-11-04,11.31,11.28,11.35,archive
Well-17,2023-11-05,10.36,10.33,10.4,archive
Well-17,2023-11-06,10.45,10.42,10.49,archive
Well-17,2023-11-07,10.4,10.37,10.44,archive
Well-17,2023-11-08,10.43,10.4,10.47,archive
Well-17,2023-11-09,10.46,10.43,10.5,archive
Well-17,2023-11-10,10.58,10.55,10.62,archive
Well-17,2023-11-11,10.6,10.57,10.64,archive
Well-17,2023-11-12,10.59,10.56,10.63,archive
Well-17,2023-11-13,10.59,10.56,10.63,archive
Well-17,2023-11-14,10.63,10.6,10.67,archive
Well-17,2023-11-15,10.65,10.62,10.69,archive
Well-17,2023-11-16,10.71,10.68,10.75,archive
Well-17,2023-11-17,10.72,10.69,10.76,archive
Well-17,2023-11-18,10.74,10.71,10.78,archive
Well-17,2023-11-19,10.91,10.88,10.95,archive
Well-17,2023-11-20,10.93,10.9,10.97,archive
Well-17,2023-11-21,10.97,10.94,11.01,archive
Well-17,2023-11-22,10.92,10.89,10.96,archive
Well-17,2023-11-23,10.98,10.95,11.02,archive
Well-17,2023-11-24,10.98,10.95,11.02,archive
Well-17,2023-11-25,11.02,10.99,11.06,archive
Well-17,2023-11-26,11.11,11.08,11.15,archive
Well-17,2023-11-27,11.19,11.16,11.23,archive
Well-17,2023-11-28,11.17,11.14,11.21,archive
Well-17,2023-11-29,11.22,11.19,11.26,archive
Well-17,2023-11-30,11.22,11.19,11.26,archive
Well-17,2023-12-01,11.3,11.27,11.34,archive
Well-17,2023-12-02,11.34,11.31,11.38,archive
Well-17,2023-12-03,11.38,11.35,11.42,archive
Well-17,2023-12-04,11.4,11.37,11.44,archive
Well-17,2023-12-05,11.46,11.43,11.5,archive
Well-17,2023-12-06,11.5,11.47,11.54,archive
Well-17,2023-12-07,11.48,11.45,11.52,archive
Well-17,2023-12-08,11.58,11.55,11.62,archive
Well-17,2023-12-09,11.56,11.53,11.6,archive
Well-17,2023-12-10,11.55,11.52,11.59,archive
Well-17,2023-12-11,11.53,11.5,11.57,archive
Well-17,2023-12-12,11.53,11.5,11.57,archive
Well-17,2023-12-13,11.53,11.5,11.57,archive
Well-17,2023-12-14,11.6,11.57,11.64,archive
Well-17,2023-12-15,11.64,11.61,11.68,archive
Well-17,2023-12-16,11.7,11.67,11.74,archive
Well-17,2023-12-17,11.76,11.73,11.8,archive
Well-17,2023-12-18,11.84,11.81,11.88,archive
Well-17,2023-12-19,11.88,11.85,11.92,archive
Well-17,2023-12-20,11.91,11.88,11.95,archive
Well-17,2023-12-21,11.9,11.87,11.94,archive
Well-17,2023-12-22,12.0,11.97,12.04,archive
Well-17,2023-12-23,12.06,12.03,12.1,archive
Well-17,2023-12-24,12.03,12.0,12.07,archive
Well-17,2023-12-25,11.98,11.95,12.02,archive
Well-17,2023-12-26,12.0,11.97,12.04,archive
Well-17,2023-12-27,12.02,11.99,12.06,archive
Well-17,2023-12-28,12.06,12.03,12.1,archive
Well-17,2023-12-29,12.07,12.04,12.11,archive
Well-17,2023-12-30,12.13,12.1,12.17,archive
Well-17,2023-12-31,12.13,12.1,12.17,archive
Well-17,2024-01-01,12.11,12.08,12.15,archive
Well-17,2024-01-02,12.13,12.1,12.17,archive
Well-17,2024-01-03,12.18,12.15,12.22,archive
Well-17,2024-01-04,12.2,12.17,12.24,archive
Well-17,2024-01-05,12.19,12.16,12.23,archive
Well-17,2024-01-06,12.27,12.24,12.31,archive
Well-17,2024-01-07,12.29,12.26,12.33,archive
Well-17,2024-01-08,12.29,12.26,12.33,archive
Well-17,2024-01-09,12.36,12.33,12.4,archive
Well-17,2024-01-10,12.32,12.29,12.36,archive
Well-17,2024-01-11,12.32,12.29,12.36,archive
Well-17,2024-01-12,12.28,12.25,12.32,archive
Well-17,2024-01-13,12.3,12.27,12.34,archive
Well-17,2024-01-14,12.29,12.26,12.33,archive
Well-17,2024-01-15,12.27,12.24,12.31,archive
Well-17,2024-01-16,12.37,12.34,12.41,archive
Well-17,2024-01-17,12.52,12.49,12.56,archive
Well-17,2024-01-18,12.54,12.51,12.58,archive
Well-17,2024-01-19,12.58,12.55,12.62,archive
Well-17,2024-01-20,12.67,12.64,12.71,archive
Well-17,2024-01-21,12.59,12.56,12.63,archive
Well-17,2024-01-22,12.66,12.63,12.7,archive
Well-17,2024-01-23,12.63,12.6,12.67,archive
Well-17,2024-01-24,12.63,12.6,12.67,archive
Well-17,2024-01-25,12.64,12.61,12.68,archive
Well-17,2024-01-26,12.65,12.62,12.69,archive
Well-17,2024-01-27,12.75,12.72,12.79,archive
Well-17,2024-01-28,12.7,12.67,12.74,archive
Well-17,2024-01-29,12.77,12.74,12.81,archive
Well-17,2024-01-30,12.74,12.71,12.78,archive
Well-17,2024-01-31,12.59,12.56,12.63,archive
Well-17,2024-02-01,12.57,12.54,12.61,archive
Well-17,2024-02-02,12.6,12.57,12.64,archive
Well-17,2024-02-03,12.68,12.65,12.72,archive
Well-17,2024-02-04,13.29,13.26,13.33,archive
Well-17,2024-02-05,12.71,12.68,12.75,archive
Well-17,2024-02-06,12.61,12.58,12.65,archive
Well-17,2024-02-07,12.61,12.58,12.65,archive
Well-17,2024-02-08,12.57,12.54,12.61,archive
Well-17,2024-02-09,12.67,12.64,12.71,archive
Well-17,2024-02-10,12.7,12.67,12.74,archive
Well-17,2024-02-11,12.7,12.67,12.74,archive
Well-17,2024-02-12,12.72,12.69,12.76,archive
Well-17,2024-02-13,12.73,12.7,12.77,archive
Well-17,2024-02-14,12.63,12.6,12.67,archive
Well-17,2024-02-15,12.57,12.54,12.61,archive
Well-17,2024-02-16,12.61,12.58,12.65,archive
Well-17,2024-02-17,12.65,12.62,12.69,archive
Well-17,2024-02-18,12.64,12.61,12.68,archive
Well-17,2024-02-19,12.67,12.64,12.71,archive
Well-17,2024-02-20,12.63,12.6,12.67,archive
Well-17,2024-02-21,12.63,12.6,12.67,archive
Well-17,2024-02-22,12.69,12.66,12.73,archive
Well-17,2024-02-23,12.71,12.68,12.75,archive
Well-17,2024-02-24,12.76,12.73,12.8,archive
Well-17,2024-02-25,12.8,12.77,12.84,archive
Well-17,2024-02-26,12.84,12.81,12.88,archive
Well-17,2024-02-27,12.84,12.81,12.88,archive
Well-17,2024-02-28,12.84,12.81,12.88,archive
Well-17,2024-02-29,12.84,12.81,12.88,archive
Well-17,2024-03-01,12.9,12.87,12.94,archive
Well-17,2024-03-02,12.8,12.77,12.84,archive
Well-17,2024-03-03,12.86,12.83,12.9,archive
Well-17,2024-03-04,12.86,12.83,12.9,archive
Well-17,2024-03-05,12.86,12.83,12.9,archive
Well-17,2024-03-06,12.93,12.9,12.97,archive
Well-17,2024-03-07,12.93,12.9,12.97,archive
Well-17,2024-03-08,12.86,12.83,12.9,archive
Well-17,2024-03-09,12.81,12.78,12.85,archive
Well-17,2024-03-10,12.85,12.82,12.89,archive
Well-17,2024-03-11,12.83,12.8,12.87,archive
Well-17,2024-03-12,12.81,12.78,12.85,archive
Well-17,2024-03-13,12.77,12.74,12.81,archive
Well-17,2024-03-14,12.78,12.75,12.82,archive
Well-17,2024-03-15,12.68,12.65,12.72,archive
Well-17,2024-03-16,12.67,12.64,12.71,archive
Well-17,2024-03-17,12.65,12.62,12.69,archive
Well-17,2024-03-18,12.61,12.58,12.65,archive
Well-17,2024-03-19,12.64,12.61,12.68,archive
Well-17,2024-03-20,12.6,12.57,12.64,archive
Well-17,2024-03-21,12.66,12.63,12.7,archive
Well-17,2024-03-22,12.63,12.6,12.67,archive
Well-17,2024-03-23,12.7,12.67,12.74,archive
Well-17,2024-03-24,12.61,12.58,12.65,archive
Well-17,2024-03-25,12.61,12.58,12.65,archive
Well-17,2024-03-26,12.63,12.6,12.67,archive
Well-17,2024-03-27,12.64,12.61,12.68,archive
Well-17,2024-03-28,12.71,12.68,12.75,archive
Well-17,2024-03-29,12.68,12.65,12.72,archive
Well-17,2024-03-30,12.73,12.7,12.77,archive
Well-17,2024-03-31,12.78,12.75,12.82,archive
Well-17,2024-04-01,12.65,12.62,12.69,archive
Well-17,2024-04-02,12.58,12.55,12.62,archive
Well-17,2024-04-03,12.64,12.61,12.68,archive
Well-17,2024-04-04,12.61,12.58,12.65,archive
Well-17,2024-04-05,12.53,12.5,12.57,archive
Well-17,2024-04-06,12.58,12.55,12.62,archive
Well-17,2024-04-07,12.52,12.49,12.56,archive
Well-17,2024-04-08,12.53,12.5,12.57,archive
Well-17,2024-04-09,12.55,12.52,12.59,archive
Well-17,2024-04-10,12.53,12.5,12.57,archive
Well-17,2024-04-11,12.5,12.47,12.54,archive
Well-17,2024-04-12,12.44,12.41,12.48,archive
Well-17,2024-04-13,12.38,12.35,12.42,archive
Well-17,2024-04-14,12.35,12.32,12.39,archive
Well-17,2024-04-15,12.31,12.28,12.35,archive
Well-17,2024-04-16,12.31,12.28,12.35,archive
Well-17,2024-04-17,12.23,12.2,12.27,archive
Well-17,2024-04-18,12.22,12.19,12.26,archive
Well-17,2024-04-19,12.17,12.14,12.21,archive
Well-17,2024-04-20,12.03,12.0,12.07,archive
Well-17,2024-04-21,12.01,11.98,12.05,archive
Well-17,2024-04-22,12.09,12.06,12.13,archive
Well-17,2024-04-23,12.15,12.12,12.19,archive
Well-17,2024-04-24,12.11,12.08,12.15,archive
Well-17,2024-04-25,12.04,12.01,12.08,archive
Well-17,2024-04-26,11.96,11.93,12.0,archive
Well-17,2024-04-27,11.97,11.94,12.01,archive
Well-17,2024-04-28,11.96,11.93,12.0,archive
Well-17,2024-04-29,11.88,11.85,11.92,archive
Well-17,2024-04-30,11.77,11.74,11.81,archive
Well-17,2024-05-01,11.71,11.68,11.75,archive
Well-17,2024-05-02,11.74,11.71,11.78,archive
Well-17,2024-05-03,11.79,11.76,11.83,archive
Well-17,2024-05-04,11.64,11.61,11.68,archive
Well-17,2024-05-05,11.61,11.58,11.65,archive
Well-17,2024-05-06,11.55,11.52,11.59,archive
Well-17,2024-05-07,11.57,11.54,11.61,archive
Well-17,2024-05-08,11.53,11.5,11.57,archive
Well-17,2024-05-09,11.54,11.51,11.58,archive
Well-17,2024-05-10,11.55,11.52,11.59,archive
Well-17,2024-05-11,11.54,11.51,11.58,archive
Well-17,2024-05-12,11.5,11.47,11.54,archive
Well-17,2024-05-13,11.42,11.39,11.46,archive
Well-17,2024-05-14,11.32,11.29,11.36,archive
Well-17,2024-05-15,11.39,11.36,11.43,archive
Well-17,2024-05-16,11.35,11.32,11.39,archive
Well-17,2024-05-17,11.31,11.28,11.35,archive
Well-17,2024-05-18,11.28,11.25,11.32,archive
Well-17,2024-05-19,11.26,11.23,11.3,archive
Well-17,2024-05-20,11.2,11.17,11.24,archive
Well-17,2024-05-21,11.1,11.07,11.14,archive
Well-17,2024-05-22,11.11,11.08,11.15,archive
Well-17,2024-05-23,11.1,11.07,11.14,archive
Well-17,2024-05-24,11.04,11.01,11.08,archive
Well-17,2024-05-25,11.03,11.0,11.07,archive
Well-17,2024-05-26,11.08,11.05,11.12,archive
Well-17,2024-05-27,11.08,11.05,11.12,archive
Well-17,2024-05-28,10.98,10.95,11.02,archive
Well-17,2024-05-29,10.9,10.87,10.94,archive
Well-17,2024-05-30,10.83,10.8,10.87,archive
Well-17,2024-05-31,10.84,10.81,10.88,archive
Well-17,2024-06-01,10.77,10.74,10.81,archive
Well-17,2024-06-02,10.76,10.73,10.8,archive
Well-17,2024-06-03,10.7,10.67,10.74,archive
Well-17,2024-06-04,10.62,10.59,10.66,archive
Well-17,2024-06-05,10.54,10.51,10.58,archive
Well-17,2024-06-06,10.6,10.57,10.64,archive
Well-17,2024-06-07,10.67,10.64,10.71,archive
Well-17,2024-06-08,10.6,10.57,10.64,archive
Well-17,2024-06-09,10.49,10.46,10.53,archive
Well-17,2024-06-10,10.44,10.41,10.48,archive
Well-17,2024-06-11,10.46,10.43,10.5,archive
Well-17,2024-06-12,10.4,10.37,10.44,archive
Well-17,2024-06-13,10.34,10.31,10.38,archive
Well-17,2024-06-14,10.28,10.25,10.32,archive
Well-17,2024-06-15,10.21,10.18,10.25,archive
Well-17,2024-06-16,10.22,10.19,10.26,archive
Well-17,2024-06-17,10.28,10.25,10.32,archive
Well-17,2024-06-18,10.26,10.23,10.3,archive
Well-17,2024-06-19,10.22,10.19,10.26,archive
Well-17,2024-06-20,10.13,10.1,10.17,archive
Well-17,2024-06-21,10.07,10.04,10.11,archive
Well-17,2024-06-22,10.14,10.11,10.18,archive
Well-17,2024-06-23,10.13,10.1,10.17,archive
Well-17,2024-06-24,10.02,9.99,10.06,archive
Well-17,2024-06-25,10.03,10.0,10.07,archive
Well-17,2024-06-26,9.92,9.89,9.96,archive
Well-17,2024-06-27,9.87,9.84,9.91,archive
Well-17,2024-06-28,9.81,9.78,9.85,archive
Well-17,2024-06-29,9.82,9.79,9.86,archive
Well-17,2024-06-30,9.84,9.81,9.88,archive
Well-17,2024-07-01,9.89,9.86,9.93,archive
Well-17,2024-07-02,9.95,9.92,9.99,archive
Well-17,2024-07-03,9.95,9.92,9.99,archive
Well-17,2024-07-04,9.89,9.86,9.93,archive
Well-17,2024-07-05,9.85,9.82,9.89,archive
Well-17,2024-07-06,9.89,9.86,9.93,archive
Well-17,2024-07-07,9.85,9.82,9.89,archive
Well-17,2024-07-08,9.79,9.76,9.83,archive
Well-17,2024-07-09,9.86,9.83,9.9,archive
Well-17,2024-07-10,9.97,9.94,10.01,archive
Well-17,2024-07-11,9.92,9.89,9.96,archive
Well-17,2024-07-12,9.95,9.92,9.99,archive
Well-17,2024-07-13,9.91,9.88,9.95,archive
Well-17,2024-07-14,9.88,9.85,9.92,archive
Well-17,2024-07-15,9.86,9.83,9.9,archive
Well-17,2024-07-16,9.77,9.74,9.81,archive
Well-17,2024-07-17,9.76,9.73,9.8,archive
Well-17,2024-07-18,9.7,9.67,9.74,archive
Well-17,2024-07-19,9.82,9.79,9.86,archive
Well-17,2024-07-20,9.8,9.77,9.84,archive
Well-17,2024-07-21,9.74,9.71,9.78,archive
Well-17,2024-07-22,9.75,9.72,9.79,archive
Well-17,2024-07-23,9.67,9.64,9.71,archive
Well-17,2024-07-24,9.54,9.51,9.58,archive
Well-17,2024-07-25,9.52,9.49,9.56,archive
Well-17,2024-07-26,9.54,9.51,9.58,archive
Well-17,2024-07-27,9.47,9.44,9.51,archive
Well-17,2024-07-28,9.5,9.47,9.54,archive
Well-17,2024-07-29,9.42,9.39,9.46,archive
Well-17,2024-07-30,9.27,9.24,9.31,archive
Well-17,2024-07-31,9.26,9.23,9.3,archive
Well-17,2024-08-01,9.31,9.28,9.35,archive
Well-17,2024-08-02,9.32,9.29,9.36,archive
Well-17,2024-08-03,9.35,9.32,9.39,archive
Well-17,2024-08-04,9.28,9.25,9.32,archive
Well-17,2024-08-05,9.21,9.18,9.25,archive
Well-17,2024-08-06,9.2,9.17,9.24,archive
Well-17,2024-08-07,9.15,9.12,9.19,archive
Well-17,2024-08-08,9.14,9.11,9.18,archive
Well-17,2024-08-09,9.15,9.12,9.19,archive
Well-17,2024-08-10,9.14,9.11,9.18,archive
Well-17,2024-08-11,9.14,9.11,9.18,archive
Well-17,2024-08-12,9.19,9.16,9.23,archive
Well-17,2024-08-13,9.2,9.17,9.24,archive
Well-17,2024-08-14,9.28,9.25,9.32,archive
Well-17,2024-08-15,9.24,9.21,9.28,archive
Well-17,2024-08-16,9.22,9.19,9.26,archive
Well-17,2024-08-17,9.22,9.19,9.26,archive
Well-17,2024-08-18,9.11,9.08,9.15,archive
Well-17,2024-08-19,9.09,9.06,9.13,archive
Well-17,2024-08-20,9.03,9.0,9.07,archive
Well-17,2024-08-21,9.08,9.05,9.12,archive
Well-17,2024-08-22,9.17,9.14,9.21,archive
Well-17,2024-08-23,9.17,9.14,9.21,archive
Well-17,2024-08-24,9.11,9.08,9.15,archive
Well-17,2024-08-25,9.09,9.06,9.13,archive
Well-17,2024-08-26,9.1,9.07,9.14,archive
Well-17,2024-08-27,9.08,9.05,9.12,archive
Well-17,2024-08-28,9.1,9.07,9.14,archive
Well-17,2024-08-29,9.14,9.11,9.18,archive
Well-17,2024-08-30,9.12,9.09,9.16,archive
Well-17,2024-08-31,9.17,9.14,9.21,archive
Well-17,2024-09-01,9.17,9.14,9.21,archive
Well-17,2024-09-02,9.13,9.1,9.17,archive
Well-17,2024-09-03,9.1,9.07,9.14,archive
Well-17,2024-09-04,9.06,9.03,9.1,archive
Well-17,2024-09-05,8.94,8.91,8.98,archive
Well-17,2024-09-06,9.01,8.98,9.05,archive
Well-17,2024-09-07,8.96,8.93,9.0,archive
Well-17,2024-09-08,8.92,8.89,8.96,archive
Well-17,2024-09-09,8.91,8.88,8.95,archive
Well-17,2024-09-10,8.91,8.88,8.95,archive
Well-17,2024-09-11,8.92,8.89,8.96,archive
Well-17,2024-09-12,8.96,8.93,9.0,archive
Well-17,2024-09-13,9.07,9.04,9.11,archive
Well-17,2024-09-14,9.11,9.08,9.15,archive
Well-17,2024-09-15,9.03,9.0,9.07,archive
Well-17,2024-09-16,9.05,9.02,9.09,archive
Well-17,2024-09-17,9.12,9.09,9.16,archive
Well-17,2024-09-18,9.14,9.11,9.18,archive
Well-17,2024-09-19,9.15,9.12,9.19,archive
Well-17,2024-09-20,9.09,9.06,9.13,archive
Well-17,2024-09-21,9.15,9.12,9.19,archive
Well-17,2024-09-22,9.21,9.18,9.25,archive
Well-17,2024-09-23,9.18,9.15,9.22,archive
Well-17,2024-09-24,9.27,9.24,9.31,archive
Well-17,2024-09-25,9.26,9.23,9.3,archive
Well-17,2024-09-26,9.44,9.41,9.48,archive
Well-17,2024-09-27,9.41,9.38,9.45,archive
Well-17,2024-09-28,9.35,9.32,9.39,archive
Well-17,2024-09-29,9.39,9.36,9.43,archive
Well-17,2024-09-30,9.36,9.33,9.4,archive
Well-17,2024-10-01,9.39,9.36,9.43,archive
Well-17,2024-10-02,9.43,9.4,9.47,archive
Well-17,2024-10-03,9.5,9.47,9.54,archive
Well-17,2024-10-04,9.58,9.55,9.62,archive
Well-17,2024-10-05,9.61,9.58,9.65,archive
Well-17,2024-10-06,9.65,9.62,9.69,archive
Well-17,2024-10-07,9.73,9.7,9.77,archive
Well-17,2024-10-08,9.78,9.75,9.82,archive
Well-17,2024-10-09,9.7,9.67,9.74,archive
Well-17,2024-10-10,9.61,9.58,9.65,archive
Well-17,2024-10-11,9.64,9.61,9.68,archive
Well-17,2024-10-12,9.62,9.59,9.66,archive
Well-17,2024-10-13,9.67,9.64,9.71,archive
Well-17,2024-10-14,9.8,9.77,9.84,archive
Well-17,2024-10-15,9.83,9.8,9.87,archive
Well-17,2024-10-16,9.8,9.77,9.84,archive
Well-17,2024-10-17,9.77,9.74,9.81,archive
Well-17,2024-10-18,9.83,9.8,9.87,archive
Well-17,2024-10-19,9.94,9.91,9.98,archive
Well-17,2024-10-20,9.93,9.9,9.97,archive
Well-17,2024-10-21,9.89,9.86,9.93,archive
Well-17,2024-10-22,9.83,9.8,9.87,archive
Well-17,2024-10-23,9.77,9.74,9.81,archive
Well-17,2024-10-24,9.86,9.83,9.9,archive
Well-17,2024-10-25,9.87,9.84,9.91,archive
Well-17,2024-10-26,9.95,9.92,9.99,archive
Well-17,2024-10-27,10.02,9.99,10.06,archive
Well-17,2024-10-28,10.17,10.14,10.21,archive
Well-17,2024-10-29,10.19,10.16,10.23,archive
Well-17,2024-10-30,10.19,10.16,10.23,archive
Well-17,2024-10-31,10.2,10.17,10.24,archive
Well-17,2024-11-01,10.17,10.14,10.21,archive
Well-17,2024-11-02,10.23,10.2,10.27,archive
Well-17,2024-11-03,10.29,10.26,10.33,archive
Well-17,2024-11-04,10.39,10.36,10.43,archive
Well-17,2024-11-05,10.41,10.38,10.45,archive
Well-17,2024-11-06,10.37,10.34,10.41,archive
Well-17,2024-11-07,10.41,10.38,10.45,archive
Well-17,2024-11-08,10.53,10.5,10.57,archive
Well-17,2024-11-09,10.71,10.68,10.75,archive
Well-17,2024-11-10,12.18,12.15,12.22,archive
Well-17,2024-11-11,10.77,10.74,10.81,archive
Well-17,2024-11-12,10.81,10.78,10.85,archive
Well-17,2024-11-13,10.82,10.79,10.86,archive
Well-17,2024-11-14,10.8,10.77,10.84,archive
Well-17,2024-11-15,10.84,10.81,10.88,archive
Well-17,2024-11-16,10.8,10.77,10.84,archive
Well-17,2024-11-17,10.85,10.82,10.89,archive
Well-17,2024-11-18,10.91,10.88,10.95,archive
Well-17,2024-11-19,11.03,11.0,11.07,archive
Well-17,2024-11-20,10.98,10.95,11.02,archive
Well-17,2024-11-21,11.06,11.03,11.1,archive
Well-17,2024-11-22,11.08,11.05,11.12,archive
Well-17,2024-11-23,11.19,11.16,11.23,archive
Well-17,2024-11-24,11.17,11.14,11.21,archive
Well-17,2024-11-25,11.24,11.21,11.28,archive
Well-17,2024-11-26,11.21,11.18,11.25,archive
Well-17,2024-11-27,11.24,11.21,11.28,archive
Well-17,2024-11-28,11.28,11.25,11.32,archive
Well-17,2024-11-29,11.36,11.33,11.4,archive
Well-17,2024-11-30,11.27,11.24,11.31,archive
Well-17,2024-12-01,11.4,11.37,11.44,archive
Well-17,2024-12-02,11.42,11.39,11.46,archive
Well-17,2024-12-03,11.44,11.41,11.48,archive
Well-17,2024-12-04,11.47,11.44,11.51,archive
Well-17,2024-12-05,11.48,11.45,11.52,archive
Well-17,2024-12-06,11.49,11.46,11.53,archive
Well-17,2024-12-07,11.51,11.48,11.55,archive
Well-17,2024-12-08,11.55,11.52,11.59,archive
Well-17,2024-12-09,11.62,11.59,11.66,archive
Well-17,2024-12-10,11.65,11.62,11.69,archive
Well-17,2024-12-11,11.64,11.61,11.68,archive
Well-17,2024-12-12,11.75,11.72,11.79,archive
Well-17,2024-12-13,11.81,11.78,11.85,archive
Well-17,2024-12-14,11.88,11.85,11.92,archive
Well-17,2024-12-15,11.79,11.76,11.83,archive
Well-17,2024-12-16,11.84,11.81,11.88,archive
Well-17,2024-12-17,11.88,11.85,11.92,archive
Well-17,2024-12-18,11.86,11.83,11.9,archive
Well-17,2024-12-19,11.96,11.93,12.0,archive
Well-17,2024-12-20,11.92,11.89,11.96,archive
Well-17,2024-12-21,11.9,11.87,11.94,archive
Well-17,2024-12-22,11.86,11.83,11.9,archive
Well-17,2024-12-23,11.91,11.88,11.95,archive
Well-17,2024-12-24,11.88,11.85,11.92,archive
Well-17,2024-12-25,11.96,11.93,12.0,archive
Well-17,2024-12-26,12.07,12.04,12.11,archive
Well-17,2024-12-27,12.04,12.01,12.08,archive
Well-17,2024-12-28,12.18,12.15,12.22,archive
Well-17,2024-12-29,12.16,12.13,12.2,archive
Well-17,2024-12-30,12.15,12.12,12.19,archive
Well-17,2024-12-31,12.2,12.17,12.24,archive
Well-17,2025-01-01,12.18,12.15,12.22,archive
Well-17,2025-01-02,12.27,12.24,12.31,archive
Well-17,2025-01-03,12.16,12.13,12.2,archive
Well-17,2025-01-04,12.22,12.19,12.26,archive
Well-17,2025-01-05,12.22,12.19,12.26,archive
Well-17,2025-01-06,12.33,12.3,12.37,archive
Well-17,2025-01-07,12.27,12.24,12.31,archive
Well-17,2025-01-08,12.24,12.21,12.28,archive
Well-17,2025-01-09,12.25,12.22,12.29,archive
Well-17,2025-01-10,12.32,12.29,12.36,archive
Well-17,2025-01-11,12.39,12.36,12.43,archive
Well-17,2025-01-12,12.41,12.38,12.45,archive
Well-17,2025-01-13,12.37,12.34,12.41,archive
Well-17,2025-01-14,12.41,12.38,12.45,archive
Well-17,2025-01-15,12.47,12.44,12.51,archive
Well-17,2025-01-16,12.44,12.41,12.48,archive
Well-17,2025-01-17,12.48,12.45,12.52,archive
Well-17,2025-01-18,12.56,12.53,12.6,archive
Well-17,2025-01-19,12.6,12.57,12.64,archive
Well-17,2025-01-20,12.61,12.58,12.65,archive
Well-17,2025-01-21,12.62,12.59,12.66,archive
Well-17,2025-01-22,12.65,12.62,12.69,archive
Well-17,2025-01-23,12.56,12.53,12.6,archive
Well-17,2025-01-24,12.6,12.57,12.64,archive
Well-17,2025-01-25,12.67,12.64,12.71,archive
Well-17,2025-01-26,12.76,12.73,12.8,archive
Well-17,2025-01-27,12.78,12.75,12.82,archive
Well-17,2025-01-28,12.69,12.66,12.73,archive
Well-17,2025-01-29,12.68,12.65,12.72,archive
Well-17,2025-01-30,12.73,12.7,12.77,archive
Well-17,2025-01-31,12.82,12.79,12.86,archive
Well-17,2025-02-01,12.74,12.71,12.78,archive
Well-17,2025-02-02,12.75,12.72,12.79,archive
Well-17,2025-02-03,12.81,12.78,12.85,archive
Well-17,2025-02-04,12.83,12.8,12.87,archive
Well-17,2025-02-05,12.85,12.82,12.89,archive
Well-17,2025-02-06,13.01,12.98,13.05,archive
Well-17,2025-02-07,12.95,12.92,12.99,archive
Well-17,2025-02-08,12.91,12.88,12.95,archive
Well-17,2025-02-09,12.88,12.85,12.92,archive
Well-17,2025-02-10,12.93,12.9,12.97,archive
Well-17,2025-02-11,12.89,12.86,12.93,archive
Well-17,2025-02-12,12.92,12.89,12.96,archive
Well-17,2025-02-13,12.91,12.88,12.95,archive
Well-17,2025-02-14,12.94,12.91,12.98,archive
Well-17,2025-02-15,13.02,12.99,13.06,archive
Well-17,2025-02-16,13.06,13.03,13.1,archive
Well-17,2025-02-17,12.99,12.96,13.03,archive
Well-17,2025-02-18,12.99,12.96,13.03,archive
Well-17,2025-02-19,12.9,12.87,12.94,archive
Well-17,2025-02-20,12.92,12.89,12.96,archive
Well-17,2025-02-21,12.95,12.92,12.99,archive
Well-17,2025-02-22,12.93,12.9,12.97,archive
Well-17,2025-02-23,12.92,12.89,12.96,archive
Well-17,2025-02-24,13.01,12.98,13.05,archive
Well-17,2025-02-25,12.96,12.93,13.0,archive
Well-17,2025-02-26,12.98,12.95,13.02,archive
Well-17,2025-02-27,12.95,12.92,12.99,archive
Well-17,2025-02-28,12.99,12.96,13.03,archive
Well-17,2025-03-01,13.83,13.8,13.87,archive
Well-17,2025-03-02,12.95,12.92,12.99,archive
Well-17,2025-03-03,12.91,12.88,12.95,archive
Well-17,2025-03-04,12.92,12.89,12.96,archive
Well-17,2025-03-05,12.88,12.85,12.92,archive
Well-17,2025-03-06,12.91,12.88,12.95,archive
Well-17,2025-03-07,12.85,12.82,12.89,archive
Well-17,2025-03-08,12.81,12.78,12.85,archive
Well-17,2025-03-09,12.77,12.74,12.81,archive
Well-17,2025-03-10,12.78,12.75,12.82,archive
Well-17,2025-03-11,12.74,12.71,12.78,archive
Well-17,2025-03-12,12.81,12.78,12.85,archive
Well-17,2025-03-13,12.77,12.74,12.81,archive
Well-17,2025-03-14,12.83,12.8,12.87,archive
Well-17,2025-03-15,12.85,12.82,12.89,archive
Well-17,2025-03-16,12.83,12.8,12.87,archive
Well-17,2025-03-17,12.76,12.73,12.8,archive
Well-17,2025-03-18,12.82,12.79,12.86,archive
Well-17,2025-03-19,12.73,12.7,12.77,archive
Well-17,2025-03-20,12.77,12.74,12.81,archive
Well-17,2025-03-21,12.85,12.82,12.89,archive
Well-17,2025-03-22,12.87,12.84,12.91,archive
Well-17,2025-03-23,12.86,12.83,12.9,archive
Well-17,2025-03-24,12.88,12.85,12.92,archive
Well-17,2025-03-25,12.84,12.81,12.88,archive
Well-17,2025-03-26,12.85,12.82,12.89,archive
Well-17,2025-03-27,12.81,12.78,12.85,archive
Well-17,2025-03-28,12.85,12.82,12.89,archive
Well-17,2025-03-29,12.87,12.84,12.91,archive
Well-17,2025-03-30,12.79,12.76,12.83,archive
Well-17,2025-03-31,12.74,12.71,12.78,archive
Well-17,2025-04-01,12.72,12.69,12.76,archive
Well-17,2025-04-02,12.72,12.69,12.76,archive
Well-17,2025-04-03,12.71,12.68,12.75,archive
Well-17,2025-04-04,12.7,12.67,12.74,archive
Well-17,2025-04-05,12.68,12.65,12.72,archive
Well-17,2025-04-06,12.65,12.62,12.69,archive
Well-17,2025-04-07,12.68,12.65,12.72,archive
Well-17,2025-04-08,12.62,12.59,12.66,archive
Well-17,2025-04-09,12.66,12.63,12.7,archive
Well-17,2025-04-10,12.59,12.56,12.63,archive
Well-17,2025-04-11,12.62,12.59,12.66,archive
Well-17,2025-04-12,12.54,12.51,12.58,archive
Well-17,2025-04-13,12.43,12.4,12.47,archive
Well-17,2025-04-14,12.43,12.4,12.47,archive
Well-17,2025-04-15,12.4,12.37,12.44,archive
Well-17,2025-04-16,12.39,12.36,12.43,archive
Well-17,2025-04-17,12.37,12.34,12.41,archive
Well-17,2025-04-18,12.35,12.32,12.39,archive
Well-17,2025-04-19,12.32,12.29,12.36,archive
Well-17,2025-04-20,12.3,12.27,12.34,archive
Well-17,2025-04-21,12.34,12.31,12.38,archive
Well-17,2025-04-22,12.32,12.29,12.36,archive
Well-17,2025-04-23,12.25,12.22,12.29,archive
Well-17,2025-04-24,12.16,12.13,12.2,archive
Well-17,2025-04-25,12.03,12.0,12.07,archive
Well-17,2025-04-26,11.96,11.93,12.0,archive
Well-17,2025-04-27,11.89,11.86,11.93,archive
Well-17,2025-04-28,11.86,11.83,11.9,archive
Well-17,2025-04-29,11.85,11.82,11.89,archive
Well-17,2025-04-30,11.86,11.83,11.9,archive
Well-17,2025-05-01,11.84,11.81,11.88,archive
Well-17,2025-05-02,11.79,11.76,11.83,archive
Well-17,2025-05-03,11.78,11.75,11.82,archive
Well-17,2025-05-04,11.72,11.69,11.76,archive
Well-17,2025-05-05,11.62,11.59,11.66,archive
Well-17,2025-05-06,11.63,11.6,11.67,archive
Well-17,2025-05-07,11.58,11.55,11.62,archive
Well-17,2025-05-08,11.55,11.52,11.59,archive
Well-17,2025-05-09,11.5,11.47,11.54,archive
Well-17,2025-05-10,11.46,11.43,11.5,archive
Well-17,2025-05-11,11.38,11.35,11.42,archive
Well-17,2025-05-12,11.37,11.34,11.41,archive
Well-17,2025-05-13,11.34,11.31,11.38,archive
Well-17,2025-05-14,11.24,11.21,11.28,archive
Well-17,2025-05-15,11.29,11.26,11.33,archive
Well-17,2025-05-16,11.29,11.26,11.33,archive
Well-17,2025-05-17,11.31,11.28,11.35,archive
Well-17,2025-05-18,11.31,11.28,11.35,archive
Well-17,2025-05-19,11.32,11.29,11.36,archive
Well-17,2025-05-20,11.32,11.29,11.36,archive
Well-17,2025-05-21,11.23,11.2,11.27,archive
Well-17,2025-05-22,11.16,11.13,11.2,archive
Well-17,2025-05-23,11.12,11.09,11.16,archive
Well-17,2025-05-24,11.07,11.04,11.11,archive
Well-17,2025-05-25,11.09,11.06,11.13,archive
Well-17,2025-05-26,10.98,10.95,11.02,archive
Well-17,2025-05-27,11.02,10.99,11.06,archive
Well-17,2025-05-28,11.01,10.98,11.05,archive
Well-17,2025-05-29,10.9,10.87,10.94,archive
Well-17,2025-05-30,10.82,10.79,10.86,archive
Well-17,2025-05-31,10.87,10.84,10.91,archive
Well-17,2025-06-01,10.75,10.72,10.79,archive
Well-17,2025-06-02,10.73,10.7,10.77,archive
Well-17,2025-06-03,10.66,10.63,10.7,archive
Well-17,2025-06-04,10.71,10.68,10.75,archive
Well-17,2025-06-05,10.61,10.58,10.65,archive
Well-17,2025-06-06,10.53,10.5,10.57,archive
Well-17,2025-06-07,10.46,10.43,10.5,archive
Well-17,2025-06-08,10.45,10.42,10.49,archive
Well-17,2025-06-09,10.42,10.39,10.46,archive
Well-17,2025-06-10,10.45,10.42,10.49,archive
Well-17,2025-06-11,10.44,10.41,10.48,archive
Well-17,2025-06-12,10.41,10.38,10.45,archive
Well-17,2025-06-13,10.43,10.4,10.47,archive
Well-17,2025-06-14,10.44,10.41,10.48,archive
Well-17,2025-06-15,10.44,10.41,10.48,archive
Well-17,2025-06-16,10.45,10.42,10.49,archive
Well-17,2025-06-17,10.43,10.4,10.47,archive
Well-17,2025-06-18,10.4,10.37,10.44,archive
Well-17,2025-06-19,10.37,10.34,10.41,archive
Well-17,2025-06-20,10.38,10.35,10.42,archive
Well-17,2025-06-21,10.3,10.27,10.34,archive
Well-17,2025-06-22,10.32,10.29,10.36,archive
Well-17,2025-06-23,10.24,10.21,10.28,archive
Well-17,2025-06-24,10.12,10.09,10.16,archive
Well-17,2025-06-25,10.17,10.14,10.21,archive
Well-17,2025-06-26,10.21,10.18,10.25,archive
Well-17,2025-06-27,10.25,10.22,10.29,archive
Well-17,2025-06-28,10.28,10.25,10.32,archive
Well-17,2025-06-29,10.29,10.26,10.33,archive
Well-17,2025-06-30,10.18,10.15,10.22,archive
Well-17,2025-07-01,10.16,10.13,10.2,archive
Well-17,2025-07-02,10.19,10.16,10.23,archive
Well-17,2025-07-03,10.09,10.06,10.13,archive
Well-17,2025-07-04,10.05,10.02,10.09,archive
Well-17,2025-07-05,9.9,9.87,9.94,archive
Well-17,2025-07-06,9.92,9.89,9.96,archive
Well-17,2025-07-07,9.93,9.9,9.97,archive
Well-17,2025-07-08,9.93,9.9,9.97,archive
Well-17,2025-07-09,9.91,9.88,9.95,archive
Well-17,2025-07-10,9.93,9.9,9.97,archive
Well-17,2025-07-11,9.84,9.81,9.88,archive
Well-17,2025-07-12,9.7,9.67,9.74,archive
Well-17,2025-07-13,9.69,9.66,9.73,archive
Well-17,2025-07-14,9.71,9.68,9.75,archive
Well-17,2025-07-15,9.69,9.66,9.73,archive
Well-17,2025-07-16,9.57,9.54,9.61,archive
Well-17,2025-07-17,9.56,9.53,9.6,archive
Well-17,2025-07-18,9.58,9.55,9.62,archive
Well-17,2025-07-19,9.59,9.56,9.63,archive
Well-17,2025-07-20,9.49,9.46,9.53,archive
Well-17,2025-07-21,9.47,9.44,9.51,archive
Well-17,2025-07-22,9.53,9.5,9.57,archive
Well-17,2025-07-23,9.46,9.43,9.5,archive
Well-17,2025-07-24,9.49,9.46,9.53,archive
Well-17,2025-07-25,9.41,9.38,9.45,archive
Well-17,2025-07-26,9.33,9.3,9.37,archive
Well-17,2025-07-27,9.25,9.22,9.29,archive
Well-17,2025-07-28,9.3,9.27,9.34,archive
Well-17,2025-07-29,9.33,9.3,9.37,archive
Well-17,2025-07-30,9.36,9.33,9.4,archive
Well-17,2025-07-31,9.41,9.38,9.45,archive
Well-17,2025-08-01,9.46,9.43,9.5,archive
Well-17,2025-08-02,9.49,9.46,9.53,archive
Well-17,2025-08-03,9.39,9.36,9.43,archive
Well-17,2025-08-04,9.38,9.35,9.42,archive
Well-17,2025-08-05,9.4,9.37,9.44,archive
Well-17,2025-08-06,9.33,9.3,9.37,archive
Well-17,2025-08-07,9.33,9.3,9.37,archive
Well-17,2025-08-08,9.28,9.25,9.32,archive
Well-17,2025-08-09,9.28,9.25,9.32,archive
Well-17,2025-08-10,9.25,9.22,9.29,archive
Well-17,2025-08-11,9.13,9.1,9.17,archive
Well-17,2025-08-12,9.07,9.04,9.11,archive
Well-17,2025-08-13,9.1,9.07,9.14,archive
Well-17,2025-08-14,9.19,9.16,9.23,archive
Well-17,2025-08-15,9.22,9.19,9.26,archive
Well-17,2025-08-16,9.2,9.17,9.24,archive
Well-17,2025-08-17,9.23,9.2,9.27,archive
Well-17,2025-08-18,9.16,9.13,9.2,archive
Well-17,2025-08-19,9.18,9.15,9.22,archive
Well-17,2025-08-20,9.18,9.15,9.22,archive
Well-17,2025-08-21,9.14,9.11,9.18,archive
Well-17,2025-08-22,9.06,9.03,9.1,archive
Well-17,2025-08-23,9.04,9.01,9.08,archive
Well-17,2025-08-24,9.01,8.98,9.05,archive
Well-17,2025-08-25,8.97,8.94,9.01,archive
Well-17,2025-08-26,8.92,8.89,8.96,archive
Well-17,2025-08-27,8.99,8.96,9.03,archive
Well-17,2025-08-28,8.97,8.94,9.01,archive
Well-17,2025-08-29,8.87,8.84,8.91,archive
Well-17,2025-08-30,8.9,8.87,8.94,archive
Well-17,2025-08-31,8.91,8.88,8.95,archive
Well-17,2025-09-01,8.89,8.86,8.93,archive
Well-17,2025-09-02,8.95,8.92,8.99,archive
Well-17,2025-09-03,9.01,8.98,9.05,archive
Well-17,2025-09-04,9.04,9.01,9.08,archive
Well-17,2025-09-05,9.07,9.04,9.11,archive
Well-17,2025-09-06,8.99,8.96,9.03,archive
Well-17,2025-09-07,8.94,8.91,8.98,archive
Well-17,2025-09-08,8.92,8.89,8.96,archive
Well-17,2025-09-09,8.85,8.82,8.89,archive
Well-17,2025-09-10,8.92,8.89,8.96,archive
Well-17,2025-09-11,8.95,8.92,8.99,archive
Well-17,2025-09-12,8.99,8.96,9.03,archive
Well-17,2025-09-13,9.0,8.97,9.04,archive
Well-17,2025-09-14,8.97,8.94,9.01,archive
Well-17,2025-09-15,8.89,8.86,8.93,archive
Well-17,2025-09-16,8.85,8.82,8.89,archive
Well-17,2025-09-17,8.92,8.89,8.96,archive
Well-17,2025-09-18,8.94,8.91,8.98,archive
Well-17,2025-09-19,9.03,9.0,9.07,archive
Well-17,2025-09-20,9.03,9.0,9.07,archive
Well-17,2025-09-21,9.01,8.98,9.05,archive
Well-17,2025-09-22,8.98,8.95,9.02,archive
Well-17,2025-09-23,9.05,9.02,9.09,archive
Well-17,2025-09-24,9.03,9.0,9.07,archive
Well-17,2025-09-25,8.98,8.95,9.02,archive
Well-17,2025-09-26,9.03,9.0,9.07,archive
Well-17,2025-09-27,9.11,9.08,9.15,archive
Well-17,2025-09-28,9.19,9.16,9.23,archive
Well-17,2025-09-29,9.23,9.2,9.27,archive
Well-17,2025-09-30,9.15,9.12,9.19,archive
Well-17,2025-10-01,9.22,9.19,9.26,archive
Well-17,2025-10-02,9.21,9.18,9.25,archive
Well-17,2025-10-03,9.3,9.27,9.34,archive
Well-17,2025-10-04,9.33,9.3,9.37,archive
Well-17,2025-10-05,9.45,9.42,9.49,archive
Well-17,2025-10-06,9.54,9.51,9.58,archive
Well-17,2025-10-07,9.59,9.56,9.63,archive
Well-17,2025-10-08,9.63,9.6,9.67,archive
Well-17,2025-10-09,9.66,9.63,9.7,archive
Well-17,2025-10-10,9.67,9.64,9.71,archive
Well-17,2025-10-11,9.67,9.64,9.71,archive
Well-17,2025-10-12,9.7,9.67,9.74,archive
Well-17,2025-10-13,9.82,9.79,9.86,archive
Well-17,2025-10-14,9.83,9.8,9.87,archive
Well-17,2025-10-15,9.77,9.74,9.81,archive
Well-17,2025-10-16,9.84,9.81,9.88,archive
Well-17,2025-10-17,9.91,9.88,9.95,archive
Well-17,2025-10-18,9.96,9.93,10.0,archive
Well-17,2025-10-19,10.02,9.99,10.06,archive
Well-17,2025-10-20,10.02,9.99,10.06,archive
Well-17,2025-10-21,10.07,10.04,10.11,archive
Well-17,2025-10-22,10.03,10.0,10.07,archive
Well-17,2025-10-23,10.02,9.99,10.06,archive
Well-17,2025-10-24,10.08,10.05,10.12,archive
Well-17,2025-10-25,10.12,10.09,10.16,archive
Well-17,2025-10-26,10.07,10.04,10.11,archive
Well-17,2025-10-27,10.07,10.04,10.11,archive
Well-17,2025-10-28,10.13,10.1,10.17,archive
Well-17,2025-10-29,10.14,10.11,10.18,archive
Well-17,2025-10-30,10.13,10.1,10.17,archive
Well-17,2025-10-31,10.06,10.03,10.1,archive
Well-17,2025-11-01,10.09,10.06,10.13,archive
Well-17,2025-11-02,10.05,10.02,10.09,archive
Well-17,2025-11-03,10.13,10.1,10.17,archive
Well-17,2025-11-04,10.07,10.04,10.11,archive
Well-17,2025-11-05,10.12,10.09,10.16,archive
Well-17,2025-11-06,10.03,10.0,10.07,archive
Well-17,2025-11-07,10.09,10.06,10.13,archive
Well-17,2025-11-08,10.18,10.15,10.22,archive
Well-17,2025-11-09,10.24,10.21,10.28,archive
Well-17,2025-11-10,10.27,10.24,10.31,archive
Well-17,2025-11-11,10.34,10.31,10.38,archive
Well-17,2025-11-12,10.37,10.34,10.41,archive
Well-17,2025-11-13,10.34,10.31,10.38,archive
Well-17,2025-11-14,10.43,10.4,10.47,archive
Well-17,2025-11-15,10.56,10.53,10.6,archive
Well-17,2025-11-16,10.58,10.55,10.62,archive
Well-17,2025-11-17,10.75,10.72,10.79,archive
Well-17,2025-11-18,10.83,10.8,10.87,archive
Well-17,2025-11-19,10.79,10.76,10.83,archive
Well-17,2025-11-20,10.89,10.86,10.93,archive
Well-17,2025-11-21,10.95,10.92,10.99,archive
Well-17,2025-11-22,10.93,10.9,10.97,archive
Well-17,2025-11-23,10.99,10.96,11.03,archive
Well-17,2025-11-24,11.0,10.97,11.04,archive
Well-17,2025-11-25,11.12,11.09,11.16,archive
Well-17,2025-11-26,11.09,11.06,11.13,archive
Well-17,2025-11-27,11.16,11.13,11.2,archive
Well-17,2025-11-28,11.11,11.08,11.15,archive
Well-17,2025-11-29,11.08,11.05,11.12,archive
Well-17,2025-11-30,11.25,11.22,11.29,archive
Well-17,2025-12-01,11.78,11.75,11.82,archive
Well-17,2025-12-02,11.33,11.3,11.37,archive
Well-17,2025-12-03,11.41,11.38,11.45,archive
Well-17,2025-12-04,11.43,11.4,11.47,archive
Well-17,2025-12-05,11.48,11.45,11.52,archive
Well-17,2025-12-06,11.51,11.48,11.55,archive
Well-17,2025-12-07,11.52,11.49,11.56,archive
Well-17,2025-12-08,11.58,11.55,11.62,archive
Well-17,2025-12-09,11.67,11.64,11.71,archive
Well-17,2025-12-10,11.64,11.61,11.68,archive
Well-17,2025-12-11,11.7,11.67,11.74,archive
Well-17,2025-12-12,11.75,11.72,11.79,archive
Well-17,2025-12-13,11.82,11.79,11.86,archive
Well-17,2025-12-14,11.79,11.76,11.83,archive
Well-17,2025-12-15,11.74,11.71,11.78,live
Well-17,2025-12-16,11.78,11.75,11.82,live
Well-17,2025-12-17,11.85,11.82,11.89,live
Well-17,2025-12-18,11.84,11.81,11.88,live
Well-17,2025-12-19,13.41,13.38,13.45,live
Well-17,2025-12-20,11.94,11.91,11.98,live
Well-17,2025-12-21,12.03,12.0,12.07,live
Well-17,2025-12-22,12.04,12.01,12.08,live
Well-17,2025-12-23,12.12,12.09,12.16,live
Well-17,2025-12-24,12.14,12.11,12.18,live
Well-17,2025-12-25,12.18,12.15,12.22,live
Well-17,2025-12-26,12.2,12.17,12.24,live
Well-17,2025-12-27,12.21,12.18,12.25,live
Well-17,2025-12-28,12.25,12.22,12.29,live
Well-17,2025-12-29,12.24,12.21,12.28,live
Well-17,2025-12-30,12.21,12.18,12.25,live
Well-17,2025-12-31,12.21,12.18,12.25,live
Well-17,2026-01-01,12.29,12.26,12.33,live
Well-17,2026-01-02,12.28,12.25,12.32,live
Well-17,2026-01-03,12.37,12.34,12.41,live
Well-17,2026-01-04,13.07,13.04,13.11,live
Well-17,2026-01-05,12.37,12.34,12.41,live
Well-17,2026-01-06,12.39,12.36,12.43,live
Well-17,2026-01-07,12.37,12.34,12.41,live
Well-17,2026-01-08,12.4,12.37,12.44,live
Well-17,2026-01-09,12.48,12.45,12.52,live
Well-17,2026-01-10,12.5,12.47,12.54,live
Well-17,2026-01-11,12.49,12.46,12.53,live
Well-17,2026-01-12,12.48,12.45,12.52,live
Well-17,2026-01-13,12.5,12.47,12.54,live
Well-17,2026-01-14,12.58,12.55,12.62,live
Well-17,2026-01-15,12.58,12.55,12.62,live
Well-17,2026-01-16,12.66,12.63,12.7,live
Well-17,2026-01-17,12.67,12.64,12.71,live
Well-17,2026-01-18,12.71,12.68,12.75,live
Well-17,2026-01-19,12.73,12.7,12.77,live
Well-17,2026-01-20,12.79,12.76,12.83,live
Well-17,2026-01-21,12.8,12.77,12.84,live
Well-17,2026-01-22,12.74,12.71,12.78,live
Well-17,2026-01-23,12.79,12.76,12.83,live
Well-17,2026-01-24,12.73,12.7,12.77,live
Well-17,2026-01-25,12.7,12.67,12.74,live
Well-17,2026-01-26,12.76,12.73,12.8,live
Well-17,2026-01-27,12.73,12.7,12.77,live
Well-17,2026-01-28,12.78,12.75,12.82,live
Well-17,2026-01-29,12.73,12.7,12.77,live
Well-17,2026-01-30,12.8,12.77,12.84,live
Well-17,2026-01-31,12.88,12.85,12.92,live
Well-17,2026-02-01,12.84,12.81,12.88,live
Well-17,2026-02-02,12.93,12.9,12.97,live
Well-17,2026-02-03,12.92,12.89,12.96,live
Well-17,2026-02-04,12.95,12.92,12.99,live
Well-17,2026-02-05,12.96,12.93,13.0,live
Well-17,2026-02-06,12.96,12.93,13.0,live
Well-17,2026-02-07,12.92,12.89,12.96,live
Well-17,2026-02-08,12.91,12.88,12.95,live
Well-17,2026-02-09,12.92,12.89,12.96,live
Well-17,2026-02-10,12.93,12.9,12.97,live
Well-17,2026-02-11,12.96,12.93,13.0,live
Well-17,2026-02-12,12.97,12.94,13.01,live
Well-17,2026-02-13,12.95,12.92,12.99,live
Well-17,2026-02-14,12.92,12.89,12.96,live
Well-17,2026-02-15,12.97,12.94,13.01,live
Well-17,2026-02-16,12.97,12.94,13.01,live
Well-17,2026-02-17,13.02,12.99,13.06,live
Well-17,2026-02-18,13.04,13.01,13.08,live
Well-17,2026-02-19,13.01,12.98,13.05,live
Well-17,2026-02-20,13.09,13.06,13.13,live
Well-17,2026-02-21,13.1,13.07,13.14,live
Well-17,2026-02-22,13.11,13.08,13.15,live
Well-17,2026-02-23,12.98,12.95,13.02,live
Well-17,2026-02-24,12.85,12.82,12.89,live
Well-17,2026-02-25,12.86,12.83,12.9,live
Well-17,2026-02-26,12.87,12.84,12.91,live
Well-17,2026-02-27,12.91,12.88,12.95,live
Well-17,2026-02-28,12.91,12.88,12.95,live
Well-17,2026-03-01,12.91,12.88,12.95,live
Well-17,2026-03-02,12.94,12.91,12.98,live
Well-17,2026-03-03,14.25,14.22,14.29,live
Well-17,2026-03-04,12.99,12.96,13.03,live
Well-17,2026-03-05,13.01,12.98,13.05,live
Well-17,2026-03-06,13.01,12.98,13.05,live
Well-17,2026-03-07,13.01,12.98,13.05,live
Well-17,2026-03-08,13.04,13.01,13.08,live
Well-17,2026-03-09,13.03,13.0,13.07,live
Well-17,2026-03-10,12.99,12.96,13.03,live
Well-17,2026-03-11,13.09,13.06,13.13,live
Well-17,2026-03-12,13.16,13.13,13.2,live
Well-17,2026-03-13,13.06,13.03,13.1,live
Well-17,2026-03-14,13.08,13.05,13.12,live
Well-17,2026-03-15,13.07,13.04,13.11,live
Well-17,2026-03-16,12.98,12.95,13.02,live
Well-17,2026-03-17,12.97,12.94,13.01,live
Well-17,2026-03-18,13.03,13.0,13.07,live
Well-17,2026-03-19,13.09,13.06,13.13,live
Well-17,2026-03-20,13.07,13.04,13.11,live
Well-17,2026-03-21,12.96,12.93,13.0,live
Well-17,2026-03-22,12.94,12.91,12.98,live
Well-17,2026-03-23,13.01,12.98,13.05,live
Well-17,2026-03-24,12.96,12.93,13.0,live
Well-17,2026-03-25,12.9,12.87,12.94,live
Well-17,2026-03-26,12.89,12.86,12.93,live
Well-17,2026-03-27,12.85,12.82,12.89,live
Well-17,2026-03-28,12.89,12.86,12.93,live
Well-17,2026-03-29,12.85,12.82,12.89,live
Well-17,2026-03-30,12.84,12.81,12.88,live
Well-17,2026-03-31,12.75,12.72,12.79,live
Well-17,2026-04-01,12.78,12.75,12.82,live
Well-17,2026-04-02,12.69,12.66,12.73,live
Well-17,2026-04-03,12.63,12.6,12.67,live
Well-17,2026-04-04,12.58,12.55,12.62,live
Well-17,2026-04-05,12.58,12.55,12.62,live
Well-17,2026-04-06,12.51,12.48,12.55,live
Well-17,2026-04-07,12.45,12.42,12.49,live
Well-17,2026-04-08,12.38,12.35,12.42,live
Well-17,2026-04-09,12.37,12.34,12.41,live
Well-17,2026-04-10,12.42,12.39,12.46,live
Well-17,2026-04-11,12.42,12.39,12.46,live
Well-17,2026-04-12,12.44,12.41,12.48,live
Well-17,2026-04-13,12.47,12.44,12.51,live
Well-17,2026-04-14,12.46,12.43,12.5,live
Well-17,2026-04-15,12.45,12.42,12.49,live
Well-17,2026-04-16,12.48,12.45,12.52,live
Well-17,2026-04-17,12.31,12.28,12.35,live
Well-17,2026-04-18,12.22,12.19,12.26,live
Well-17,2026-04-19,12.23,12.2,12.27,live
Well-17,2026-04-20,12.17,12.14,12.21,live
Well-17,2026-04-21,12.13,12.1,12.17,live
Well-17,2026-04-22,12.16,12.13,12.2,live
Well-17,2026-04-23,12.13,12.1,12.17,live
Well-17,2026-04-24,12.03,12.0,12.07,live
Well-17,2026-04-25,12.13,12.1,12.17,live
Well-17,2026-04-26,12.11,12.08,12.15,live
Well-17,2026-04-27,12.15,12.12,12.19,live
Well-17,2026-04-28,12.06,12.03,12.1,live
Well-17,2026-04-29,12.06,12.03,12.1,live
Well-17,2026-04-30,12.03,12.0,12.07,live
Well-17,2026-05-01,12.0,11.97,12.04,live
Well-17,2026-05-02,11.93,11.9,11.97,live
Well-17,2026-05-03,11.87,11.84,11.91,live
Well-17,2026-05-04,11.85,11.82,11.89,live
Well-17,2026-05-05,11.9,11.87,11.94,live
Well-17,2026-05-06,11.8,11.77,11.84,live
Well-17,2026-05-07,11.76,11.73,11.8,live
Well-17,2026-05-08,11.72,11.69,11.76,live
Well-17,2026-05-09,11.68,11.65,11.72,live
Well-17,2026-05-10,11.59,11.56,11.63,live
Well-17,2026-05-11,11.49,11.46,11.53,live
Well-17,2026-05-12,11.44,11.41,11.48,live
Well-17,2026-05-13,11.49,11.46,11.53,live
Well-17,2026-05-14,11.51,11.48,11.55,live
Well-17,2026-05-15,11.49,11.46,11.53,live
Well-17,2026-05-16,11.46,11.43,11.5,live
Well-17,2026-05-17,11.39,11.36,11.43,live
Well-17,2026-05-18,11.26,11.23,11.3,live
Well-17,2026-05-19,11.22,11.19,11.26,live
Well-17,2026-05-20,11.2,11.17,11.24,live
Well-17,2026-05-21,11.18,11.15,11.22,live
Well-17,2026-05-22,11.09,11.06,11.13,live
Well-17,2026-05-23,11.09,11.06,11.13,live
Well-17,2026-05-24,11.1,11.07,11.14,live
Well-17,2026-05-25,11.04,11.01,11.08,live
Well-17,2026-05-26,11.0,10.97,11.04,live
Well-17,2026-05-27,10.98,10.95,11.02,live
Well-17,2026-05-28,10.94,10.91,10.98,live
Well-17,2026-05-29,10.98,10.95,11.02,live
Well-17,2026-05-30,10.86,10.83,10.9,live
Well-17,2026-05-31,10.85,10.82,10.89,live
Well-17,2026-06-01,10.8,10.77,10.84,live
Well-17,2026-06-02,10.85,10.82,10.89,live
Well-17,2026-06-03,10.93,10.9,10.97,live
Well-17,2026-06-04,10.92,10.89,10.96,live
Well-17,2026-06-05,10.86,10.83,10.9,live
Well-17,2026-06-06,10.85,10.82,10.89,live
Well-17,2026-06-07,10.84,10.81,10.88,live
Well-17,2026-06-08,10.71,10.68,10.75,live
Well-17,2026-06-09,10.7,10.67,10.74,live
Well-17,2026-06-10,10.63,10.6,10.67,live
Well-17,2026-06-11,10.62,10.59,10.66,live
Well-17,2026-06-12,10.56,10.53,10.6,live
Well-17,2026-06-13,10.59,10.56,10.63,live
Well-17,2026-06-14,10.56,10.53,10.6,live
Well-17,2026-06-15,10.47,10.44,10.51,live
Well-17,2026-06-16,10.4,10.37,10.44,live
Well-17,2026-06-17,10.4,10.37,10.44,live
Well-17,2026-06-18,10.43,10.4,10.47,live
Well-17,2026-06-19,10.43,10.4,10.47,live
Well-17,2026-06-20,10.41,10.38,10.45,live
Well-17,2026-06-21,10.43,10.4,10.47,live
Well-17,2026-06-22,10.43,10.4,10.47,live
Well-17,2026-06-23,10.31,10.28,10.35,live
Well-17,2026-06-24,10.3,10.27,10.34,live
Well-17,2026-06-25,10.18,10.15,10.22,live
Well-17,2026-06-26,10.18,10.15,10.22,live
Well-17,2026-06-27,10.11,10.08,10.15,live
Well-17,2026-06-28,10.1,10.07,10.14,live
Well-17,2026-06-29,10.12,10.09,10.16,live
Well-17,2026-06-30,10.02,9.99,10.06,live
Well-17,2026-07-01,10.03,10.0,10.07,live
Well-17,2026-07-02,10.02,9.99,10.06,live
Well-17,2026-07-03,10.05,10.02,10.09,live
Well-17,2026-07-04,10.0,9.97,10.04,live
Well-17,2026-07-05,9.99,9.96,10.03,live
Well-17,2026-07-06,9.99,9.96,10.03,live
Well-17,2026-07-07,10.0,9.97,10.04,live
Well-17,2026-07-08,9.98,9.95,10.02,live
Well-17,2026-07-09,9.87,9.84,9.91,live
Well-17,2026-07-10,9.86,9.83,9.9,live
Well-17,2026-07-11,9.81,9.78,9.85,live
Well-17,2026-07-12,9.76,9.73,9.8,live
Well-17,2026-07-13,9.71,9.68,9.75,live
Well-17,2026-07-14,9.69,9.66,9.73,live
Well-17,2026-07-15,9.64,9.61,9.68,live
Well-17,2026-07-16,9.68,9.65,9.72,live
Well-17,2026-07-17,9.63,9.6,9.67,live
Well-17,2026-07-18,9.62,9.59,9.66,live
Well-17,2026-07-19,9.55,9.52,9.59,live
Well-17,2026-07-20,9.37,9.34,9.41,live
Well-17,2026-07-21,9.37,9.34,9.41,live
Well-17,2026-07-22,9.4,9.37,9.44,live
Well-17,2026-07-23,9.44,9.41,9.48,live
Well-17,2026-07-24,9.43,9.4,9.47,live
Well-17,2026-07-25,9.36,9.33,9.4,live
Well-17,2026-07-26,9.35,9.32,9.39,live
Well-17,2026-07-27,9.3,9.27,9.34,live
Well-17,2026-07-28,9.35,9.32,9.39,live
Well-17,2026-07-29,9.44,9.41,9.48,live
Well-17,2026-07-30,9.41,9.38,9.45,live
Well-17,2026-07-31,9.43,9.4,9.47,live
Well-17,2026-08-01,9.34,9.31,9.38,live
Well-17,2026-08-02,9.3,9.27,9.34,live
Well-17,2026-08-03,9.25,9.22,9.29,live
Well-17,2026-08-04,9.15,9.12,9.19,live
Well-17,2026-08-05,9.16,9.13,9.2,live
Well-17,2026-08-06,9.15,9.12,9.19,live
Well-17,2026-08-07,9.11,9.08,9.15,live
Well-17,2026-08-08,9.08,9.05,9.12,live
Well-17,2026-08-09,9.11,9.08,9.15,live
Well-17,2026-08-10,9.01,8.98,9.05,live
Well-17,2026-08-11,8.96,8.93,9.0,live
Well-17,2026-08-12,9.06,9.03,9.1,live
Well-17,2026-08-13,9.12,9.09,9.16,live
Well-17,2026-08-14,9.13,9.1,9.17,live
Well-17,2026-08-15,9.17,9.14,9.21,live
Well-17,2026-08-16,9.21,9.18,9.25,live
Well-17,2026-08-17,9.17,9.14,9.21,live
Well-17,2026-08-18,9.24,9.21,9.28,live
Well-17,2026-08-19,9.21,9.18,9.25,live
Well-17,2026-08-20,9.23,9.2,9.27,live
Well-17,2026-08-21,9.21,9.18,9.25,live
Well-17,2026-08-22,9.16,9.13,9.2,live
Well-17,2026-08-23,9.2,9.17,9.24,live
Well-17,2026-08-24,9.16,9.13,9.2,live
Well-17,2026-08-25,9.15,9.12,9.19,live
Well-17,2026-08-26,9.27,9.24,9.31,live
Well-17,2026-08-27,9.23,9.2,9.27,live
Well-17,2026-08-28,9.2,9.17,9.24,live
Well-17,2026-08-29,9.23,9.2,9.27,live
Well-17,2026-08-30,9.31,9.28,9.35,live
Well-17,2026-08-31,9.25,9.22,9.29,live
Well-17,2026-09-01,9.24,9.21,9.28,live
Well-17,2026-09-02,9.23,9.2,9.27,live
Well-17,2026-09-03,9.23,9.2,9.27,live
Well-17,2026-09-04,9.19,9.16,9.23,live
Well-17,2026-09-05,9.2,9.17,9.24,live
Well-17,2026-09-06,9.3,9.27,9.34,live
Well-17,2026-09-07,9.28,9.25,9.32,live
Well-17,2026-09-08,9.36,9.33,9.4,live
Well-17,2026-09-09,9.34,9.31,9.38,live
Well-17,2026-09-10,9.36,9.33,9.4,live
Well-17,2026-09-11,9.31,9.28,9.35,live
Well-17,2026-09-12,9.32,9.29,9.36,live
Well-17,2026-09-13,9.32,9.29,9.36,live
Well-17,2026-09-14,9.27,9.24,9.31,live
Well-17,2026-09-15,9.27,9.24,9.31,live
Well-17,2026-09-16,9.27,9.24,9.31,live
Well-17,2026-09-17,9.39,9.36,9.43,live
Well-17,2026-09-18,9.41,9.38,9.45,live
Well-17,2026-09-19,9.4,9.37,9.44,live
Well-17,2026-09-20,9.39,9.36,9.43,live
Well-17,2026-09-21,9.38,9.35,9.42,live
Well-17,2026-09-22,9.42,9.39,9.46,live
Well-17,2026-09-23,9.44,9.41,9.48,live
Well-17,2026-09-24,9.46,9.43,9.5,live
Well-19,2023-04-01,13.64,13.61,13.68,archive
Well-19,2023-04-02,13.6,13.57,13.64,archive
Well-19,2023-04-03,13.63,13.6,13.67,archive
Well-19,2023-04-04,13.55,13.52,13.59,archive
Well-19,2023-04-05,13.48,13.45,13.52,archive
Well-19,2023-04-06,13.41,13.38,13.45,archive
Well-19,2023-04-07,13.32,13.29,13.36,archive
Well-19,2023-04-08,13.31,13.28,13.35,archive
Well-19,2023-04-09,13.32,13.29,13.36,archive
Well-19,2023-04-10,13.34,13.31,13.38,archive
Well-19,2023-04-11,13.32,13.29,13.36,archive
Well-19,2023-04-12,13.33,13.3,13.37,archive
Well-19,2023-04-13,13.28,13.25,13.32,archive
Well-19,2023-04-14,13.25,13.22,13.29,archive
Well-19,2023-04-15,13.21,13.18,13.25,archive
Well-19,2023-04-16,13.15,13.12,13.19,archive
Well-19,2023-04-17,13.15,13.12,13.19,archive
Well-19,2023-04-18,13.08,13.05,13.12,archive
Well-19,2023-04-19,13.02,12.99,13.06,archive
Well-19,2023-04-20,12.96,12.93,13.0,archive
Well-19,2023-04-21,12.91,12.88,12.95,archive
Well-19,2023-04-22,12.89,12.86,12.93,archive
Well-19,2023-04-23,12.82,12.79,12.86,archive
Well-19,2023-04-24,12.82,12.79,12.86,archive
Well-19,2023-04-25,12.88,12.85,12.92,archive
Well-19,2023-04-26,12.84,12.81,12.88,archive
Well-19,2023-04-27,12.7,12.67,12.74,archive
Well-19,2023-04-28,12.66,12.63,12.7,archive
Well-19,2023-04-29,12.63,12.6,12.67,archive
Well-19,2023-04-30,12.67,12.64,12.71,archive
Well-19,2023-05-01,12.65,12.62,12.69,archive
Well-19,2023-05-02,12.68,12.65,12.72,archive
Well-19,2023-05-03,12.68,12.65,12.72,archive
Well-19,2023-05-04,12.71,12.68,12.75,archive
Well-19,2023-05-05,12.72,12.69,12.76,archive
Well-19,2023-05-06,12.71,12.68,12.75,archive
Well-19,2023-05-07,12.57,12.54,12.61,archive
Well-19,2023-05-08,12.51,12.48,12.55,archive
Well-19,2023-05-09,12.48,12.45,12.52,archive
Well-19,2023-05-10,12.42,12.39,12.46,archive
Well-19,2023-05-11,12.42,12.39,12.46,archive
Well-19,2023-05-12,12.35,12.32,12.39,archive
Well-19,2023-05-13,12.28,12.25,12.32,archive
Well-19,2023-05-14,12.25,12.22,12.29,archive
Well-19,2023-05-15,12.14,12.11,12.18,archive
Well-19,2023-05-16,12.07,12.04,12.11,archive
Well-19,2023-05-17,11.95,11.92,11.99,archive
Well-19,2023-05-18,11.9,11.87,11.94,archive
Well-19,2023-05-19,11.86,11.83,11.9,archive
Well-19,2023-05-20,11.87,11.84,11.91,archive
Well-19,2023-05-21,11.8,11.77,11.84,archive
Well-19,2023-05-22,11.76,11.73,11.8,archive
Well-19,2023-05-23,11.75,11.72,11.79,archive
Well-19,2023-05-24,11.61,11.58,11.65,archive
Well-19,2023-05-25,11.58,11.55,11.62,archive
Well-19,2023-05-26,11.46,11.43,11.5,archive
Well-19,2023-05-27,11.47,11.44,11.51,archive
Well-19,2023-05-28,11.46,11.43,11.5,archive
Well-19,2023-05-29,11.44,11.41,11.48,archive
Well-19,2023-05-30,11.33,11.3,11.37,archive
Well-19,2023-05-31,11.36,11.33,11.4,archive
Well-19,2023-06-01,11.35,11.32,11.39,archive
Well-19,2023-06-02,11.27,11.24,11.31,archive
Well-19,2023-06-03,11.22,11.19,11.26,archive
Well-19,2023-06-04,11.14,11.11,11.18,archive
Well-19,2023-06-05,11.09,11.06,11.13,archive
Well-19,2023-06-06,11.1,11.07,11.14,archive
Well-19,2023-06-07,11.03,11.0,11.07,archive
Well-19,2023-06-08,11.07,11.04,11.11,archive
Well-19,2023-06-09,10.96,10.93,11.0,archive
Well-19,2023-06-10,10.95,10.92,10.99,archive
Well-19,2023-06-11,10.94,10.91,10.98,archive
Well-19,2023-06-12,10.82,10.79,10.86,archive
Well-19,2023-06-13,10.81,10.78,10.85,archive
Well-19,2023-06-14,10.79,10.76,10.83,archive
Well-19,2023-06-15,10.76,10.73,10.8,archive
Well-19,2023-06-16,10.66,10.63,10.7,archive
Well-19,2023-06-17,10.77,10.74,10.81,archive
Well-19,2023-06-18,10.65,10.62,10.69,archive
Well-19,2023-06-19,10.54,10.51,10.58,archive
Well-19,2023-06-20,10.55,10.52,10.59,archive
Well-19,2023-06-21,10.55,10.52,10.59,archive
Well-19,2023-06-22,10.52,10.49,10.56,archive
Well-19,2023-06-23,10.43,10.4,10.47,archive
Well-19,2023-06-24,10.35,10.32,10.39,archive
Well-19,2023-06-25,10.34,10.31,10.38,archive
Well-19,2023-06-26,10.34,10.31,10.38,archive
Well-19,2023-06-27,10.25,10.22,10.29,archive
Well-19,2023-06-28,10.27,10.24,10.31,archive
Well-19,2023-06-29,10.13,10.1,10.17,archive
Well-19,2023-06-30,10.03,10.0,10.07,archive
Well-19,2023-07-01,10.05,10.02,10.09,archive
Well-19,2023-07-02,9.99,9.96,10.03,archive
Well-19,2023-07-03,9.94,9.91,9.98,archive
Well-19,2023-07-04,10.01,9.98,10.05,archive
Well-19,2023-07-05,9.93,9.9,9.97,archive
Well-19,2023-07-06,9.9,9.87,9.94,archive
Well-19,2023-07-07,9.88,9.85,9.92,archive
Well-19,2023-07-08,9.9,9.87,9.94,archive
Well-19,2023-07-09,9.98,9.95,10.02,archive
Well-19,2023-07-10,10.0,9.97,10.04,archive
Well-19,2023-07-11,10.04,10.01,10.08,archive
Well-19,2023-07-12,10.01,9.98,10.05,archive
Well-19,2023-07-13,9.98,9.95,10.02,archive
Well-19,2023-07-14,10.02,9.99,10.06,archive
Well-19,2023-07-15,10.0,9.97,10.04,archive
Well-19,2023-07-16,9.94,9.91,9.98,archive
Well-19,2023-07-17,9.91,9.88,9.95,archive
Well-19,2023-07-18,9.88,9.85,9.92,archive
Well-19,2023-07-19,9.88,9.85,9.92,archive
Well-19,2023-07-20,9.84,9.81,9.88,archive
Well-19,2023-07-21,9.83,9.8,9.87,archive
Well-19,2023-07-22,9.74,9.71,9.78,archive
Well-19,2023-07-23,9.73,9.7,9.77,archive
Well-19,2023-07-24,9.69,9.66,9.73,archive
Well-19,2023-07-25,9.6,9.57,9.64,archive
Well-19,2023-07-26,9.54,9.51,9.58,archive
Well-19,2023-07-27,9.57,9.54,9.61,archive
Well-19,2023-07-28,9.56,9.53,9.6,archive
Well-19,2023-07-29,9.46,9.43,9.5,archive
Well-19,2023-07-30,9.46,9.43,9.5,archive
Well-19,2023-07-31,9.49,9.46,9.53,archive
Well-19,2023-08-01,9.36,9.33,9.4,archive
Well-19,2023-08-02,9.33,9.3,9.37,archive
Well-19,2023-08-03,9.27,9.24,9.31,archive
Well-19,2023-08-04,9.24,9.21,9.28,archive
Well-19,2023-08-05,9.11,9.08,9.15,archive
Well-19,2023-08-06,9.13,9.1,9.17,archive
Well-19,2023-08-07,9.23,9.2,9.27,archive
Well-19,2023-08-08,9.25,9.22,9.29,archive
Well-19,2023-08-09,9.17,9.14,9.21,archive
Well-19,2023-08-10,9.23,9.2,9.27,archive
Well-19,2023-08-11,9.14,9.11,9.18,archive
Well-19,2023-08-12,9.17,9.14,9.21,archive
Well-19,2023-08-13,9.1,9.07,9.14,archive
Well-19,2023-08-14,9.09,9.06,9.13,archive
Well-19,2023-08-15,9.06,9.03,9.1,archive
Well-19,2023-08-16,9.1,9.07,9.14,archive
Well-19,2023-08-17,8.99,8.96,9.03,archive
Well-19,2023-08-18,9.02,8.99,9.06,archive
Well-19,2023-08-19,9.03,9.0,9.07,archive
Well-19,2023-08-20,8.91,8.88,8.95,archive
Well-19,2023-08-21,8.93,8.9,8.97,archive
Well-19,2023-08-22,8.89,8.86,8.93,archive
Well-19,2023-08-23,8.88,8.85,8.92,archive
Well-19,2023-08-24,8.86,8.83,8.9,archive
Well-19,2023-08-25,8.79,8.76,8.83,archive
Well-19,2023-08-26,8.87,8.84,8.91,archive
Well-19,2023-08-27,8.87,8.84,8.91,archive
Well-19,2023-08-28,8.83,8.8,8.87,archive
Well-19,2023-08-29,8.91,8.88,8.95,archive
Well-19,2023-08-30,8.95,8.92,8.99,archive
Well-19,2023-08-31,8.95,8.92,8.99,archive
Well-19,2023-09-01,8.93,8.9,8.97,archive
Well-19,2023-09-02,8.94,8.91,8.98,archive
Well-19,2023-09-03,8.93,8.9,8.97,archive
Well-19,2023-09-04,8.97,8.94,9.01,archive
Well-19,2023-09-05,8.96,8.93,9.0,archive
Well-19,2023-09-06,8.98,8.95,9.02,archive
Well-19,2023-09-07,9.0,8.97,9.04,archive
Well-19,2023-09-08,8.91,8.88,8.95,archive
Well-19,2023-09-09,8.91,8.88,8.95,archive
Well-19,2023-09-10,8.87,8.84,8.91,archive
Well-19,2023-09-11,8.84,8.81,8.88,archive
Well-19,2023-09-12,8.92,8.89,8.96,archive
Well-19,2023-09-13,8.97,8.94,9.01,archive
Well-19,2023-09-14,9.03,9.0,9.07,archive
Well-19,2023-09-15,9.12,9.09,9.16,archive
Well-19,2023-09-16,9.12,9.09,9.16,archive
Well-19,2023-09-17,9.17,9.14,9.21,archive
Well-19,2023-09-18,9.2,9.17,9.24,archive
Well-19,2023-09-19,9.19,9.16,9.23,archive
Well-19,2023-09-20,9.12,9.09,9.16,archive
Well-19,2023-09-21,9.13,9.1,9.17,archive
Well-19,2023-09-22,9.15,9.12,9.19,archive
Well-19,2023-09-23,9.21,9.18,9.25,archive
Well-19,2023-09-24,9.21,9.18,9.25,archive
Well-19,2023-09-25,9.19,9.16,9.23,archive
Well-19,2023-09-26,9.2,9.17,9.24,archive
Well-19,2023-09-27,9.11,9.08,9.15,archive
Well-19,2023-09-28,9.09,9.06,9.13,archive
Well-19,2023-09-29,9.12,9.09,9.16,archive
Well-19,2023-09-30,9.2,9.17,9.24,archive
Well-19,2023-10-01,9.26,9.23,9.3,archive
Well-19,2023-10-02,9.27,9.24,9.31,archive
Well-19,2023-10-03,9.38,9.35,9.42,archive
Well-19,2023-10-04,9.33,9.3,9.37,archive
Well-19,2023-10-05,9.34,9.31,9.38,archive
Well-19,2023-10-06,9.33,9.3,9.37,archive
Well-19,2023-10-07,9.38,9.35,9.42,archive
Well-19,2023-10-08,9.4,9.37,9.44,archive
Well-19,2023-10-09,9.45,9.42,9.49,archive
Well-19,2023-10-10,9.52,9.49,9.56,archive
Well-19,2023-10-11,9.57,9.54,9.61,archive
Well-19,2023-10-12,9.71,9.68,9.75,archive
Well-19,2023-10-13,9.78,9.75,9.82,archive
Well-19,2023-10-14,9.84,9.81,9.88,archive
Well-19,2023-10-15,9.89,9.86,9.93,archive
Well-19,2023-10-16,9.91,9.88,9.95,archive
Well-19,2023-10-17,9.92,9.89,9.96,archive
Well-19,2023-10-18,10.03,10.0,10.07,archive
Well-19,2023-10-19,10.04,10.01,10.08,archive
Well-19,2023-10-20,10.03,10.0,10.07,archive
Well-19,2023-10-21,10.07,10.04,10.11,archive
Well-19,2023-10-22,10.1,10.07,10.14,archive
Well-19,2023-10-23,10.18,10.15,10.22,archive
Well-19,2023-10-24,10.23,10.2,10.27,archive
Well-19,2023-10-25,10.32,10.29,10.36,archive
Well-19,2023-10-26,10.35,10.32,10.39,archive
Well-19,2023-10-27,10.33,10.3,10.37,archive
Well-19,2023-10-28,10.33,10.3,10.37,archive
Well-19,2023-10-29,10.38,10.35,10.42,archive
Well-19,2023-10-30,10.44,10.41,10.48,archive
Well-19,2023-10-31,10.51,10.48,10.55,archive
Well-19,2023-11-01,10.54,10.51,10.58,archive
Well-19,2023-11-02,10.64,10.61,10.68,archive
Well-19,2023-11-03,10.68,10.65,10.72,archive
Well-19,2023-11-04,10.71,10.68,10.75,archive
Well-19,2023-11-05,10.75,10.72,10.79,archive
Well-19,2023-11-06,10.75,10.72,10.79,archive
Well-19,2023-11-07,10.74,10.71,10.78,archive
Well-19,2023-11-08,10.85,10.82,10.89,archive
Well-19,2023-11-09,10.89,10.86,10.93,archive
Well-19,2023-11-10,10.93,10.9,10.97,archive
Well-19,2023-11-11,11.03,11.0,11.07,archive
Well-19,2023-11-12,10.97,10.94,11.01,archive
Well-19,2023-11-13,11.01,10.98,11.05,archive
Well-19,2023-11-14,11.02,10.99,11.06,archive
Well-19,2023-11-15,11.07,11.04,11.11,archive
Well-19,2023-11-16,11.15,11.12,11.19,archive
Well-19,2023-11-17,11.19,11.16,11.23,archive
Well-19,2023-11-18,11.25,11.22,11.29,archive
Well-19,2023-11-19,11.35,11.32,11.39,archive
Well-19,2023-11-20,11.44,11.41,11.48,archive
Well-19,2023-11-21,11.43,11.4,11.47,archive
Well-19,2023-11-22,11.42,11.39,11.46,archive
Well-19,2023-11-23,11.42,11.39,11.46,archive
Well-19,2023-11-24,11.5,11.47,11.54,archive
Well-19,2023-11-25,11.59,11.56,11.63,archive
Well-19,2023-11-26,11.59,11.56,11.63,archive
Well-19,2023-11-27,11.66,11.63,11.7,archive
Well-19,2023-11-28,11.66,11.63,11.7,archive
Well-19,2023-11-29,11.68,11.65,11.72,archive
Well-19,2023-11-30,11.7,11.67,11.74,archive
Well-19,2023-12-01,11.75,11.72,11.79,archive
Well-19,2023-12-02,11.83,11.8,11.87,archive
Well-19,2023-12-03,11.85,11.82,11.89,archive
Well-19,2023-12-04,11.91,11.88,11.95,archive
Well-19,2023-12-05,11.89,11.86,11.93,archive
Well-19,2023-12-06,11.96,11.93,12.0,archive
Well-19,2023-12-07,12.0,11.97,12.04,archive
Well-19,2023-12-08,11.94,11.91,11.98,archive
Well-19,2023-12-09,12.1,12.07,12.14,archive
Well-19,2023-12-10,12.2,12.17,12.24,archive
Well-19,2023-12-11,12.2,12.17,12.24,archive
Well-19,2023-12-12,12.27,12.24,12.31,archive
Well-19,2023-12-13,12.32,12.29,12.36,archive
Well-19,2023-12-14,12.34,12.31,12.38,archive
Well-19,2023-12-15,12.41,12.38,12.45,archive
Well-19,2023-12-16,12.49,12.46,12.53,archive
Well-19,2023-12-17,12.51,12.48,12.55,archive
Well-19,2023-12-18,12.6,12.57,12.64,archive
Well-19,2023-12-19,12.68,12.65,12.72,archive
Well-19,2023-12-20,12.8,12.77,12.84,archive
Well-19,2023-12-21,12.92,12.89,12.96,archive
Well-19,2023-12-22,12.93,12.9,12.97,archive
Well-19,2023-12-23,12.98,12.95,13.02,archive
Well-19,2023-12-24,12.96,12.93,13.0,archive
Well-19,2023-12-25,12.97,12.94,13.01,archive
Well-19,2023-12-26,12.99,12.96,13.03,archive
Well-19,2023-12-27,13.0,12.97,13.04,archive
Well-19,2023-12-28,12.98,12.95,13.02,archive
Well-19,2023-12-29,12.94,12.91,12.98,archive
Well-19,2023-12-30,13.04,13.01,13.08,archive
Well-19,2023-12-31,13.12,13.09,13.16,archive
Well-19,2024-01-01,14.74,14.71,14.78,archive
Well-19,2024-01-02,13.31,13.28,13.35,archive
Well-19,2024-01-03,13.34,13.31,13.38,archive
Well-19,2024-01-04,13.37,13.34,13.41,archive
Well-19,2024-01-05,13.4,13.37,13.44,archive
Well-19,2024-01-06,13.42,13.39,13.46,archive
Well-19,2024-01-07,13.45,13.42,13.49,archive
Well-19,2024-01-08,13.44,13.41,13.48,archive
Well-19,2024-01-09,13.51,13.48,13.55,archive
Well-19,2024-01-10,13.53,13.5,13.57,archive
Well-19,2024-01-11,13.55,13.52,13.59,archive
Well-19,2024-01-12,13.6,13.57,13.64,archive
Well-19,2024-01-13,13.65,13.62,13.69,archive
Well-19,2024-01-14,13.66,13.63,13.7,archive
Well-19,2024-01-15,13.77,13.74,13.81,archive
Well-19,2024-01-16,13.78,13.75,13.82,archive
Well-19,2024-01-17,13.81,13.78,13.85,archive
Well-19,2024-01-18,13.8,13.77,13.84,archive
Well-19,2024-01-19,13.82,13.79,13.86,archive
Well-19,2024-01-20,13.91,13.88,13.95,archive
Well-19,2024-01-21,13.9,13.87,13.94,archive
Well-19,2024-01-22,13.96,13.93,14.0,archive
Well-19,2024-01-23,13.98,13.95,14.02,archive
Well-19,2024-01-24,13.94,13.91,13.98,archive
Well-19,2024-01-25,13.84,13.81,13.88,archive
Well-19,2024-01-26,13.89,13.86,13.93,archive
Well-19,2024-01-27,14.0,13.97,14.04,archive
Well-19,2024-01-28,14.07,14.04,14.11,archive
Well-19,2024-01-29,14.09,14.06,14.13,archive
Well-19,2024-01-30,14.12,14.09,14.16,archive
Well-19,2024-01-31,14.05,14.02,14.09,archive
Well-19,2024-02-01,14.05,14.02,14.09,archive
Well-19,2024-02-02,14.08,14.05,14.12,archive
Well-19,2024-02-03,14.09,14.06,14.13,archive
Well-19,2024-02-04,14.1,14.07,14.14,archive
Well-19,2024-02-05,14.12,14.09,14.16,archive
Well-19,2024-02-06,14.16,14.13,14.2,archive
Well-19,2024-02-07,14.13,14.1,14.17,archive
Well-19,2024-02-08,14.09,14.06,14.13,archive
Well-19,2024-02-09,14.12,14.09,14.16,archive
Well-19,2024-02-10,14.16,14.13,14.2,archive
Well-19,2024-02-11,14.02,13.99,14.06,archive
Well-19,2024-02-12,14.07,14.04,14.11,archive
Well-19,2024-02-13,14.16,14.13,14.2,archive
Well-19,2024-02-14,14.16,14.13,14.2,archive
Well-19,2024-02-15,14.15,14.12,14.19,archive
Well-19,2024-02-16,14.16,14.13,14.2,archive
Well-19,2024-02-17,14.18,14.15,14.22,archive
Well-19,2024-02-18,14.16,14.13,14.2,archive
Well-19,2024-02-19,14.16,14.13,14.2,archive
Well-19,2024-02-20,14.11,14.08,14.15,archive
Well-19,2024-02-21,14.0,13.97,14.04,archive
Well-19,2024-02-22,13.93,13.9,13.97,archive
Well-19,2024-02-23,13.88,13.85,13.92,archive
Well-19,2024-02-24,13.92,13.89,13.96,archive
Well-19,2024-02-25,13.97,13.94,14.01,archive
Well-19,2024-02-26,13.94,13.91,13.98,archive
Well-19,2024-02-27,14.01,13.98,14.05,archive
Well-19,2024-02-28,14.02,13.99,14.06,archive
Well-19,2024-02-29,14.0,13.97,14.04,archive
Well-19,2024-03-01,13.94,13.91,13.98,archive
Well-19,2024-03-02,13.98,13.95,14.02,archive
Well-19,2024-03-03,14.02,13.99,14.06,archive
Well-19,2024-03-04,14.03,14.0,14.07,archive
Well-19,2024-03-05,14.0,13.97,14.04,archive
Well-19,2024-03-06,14.09,14.06,14.13,archive
Well-19,2024-03-07,14.16,14.13,14.2,archive
Well-19,2024-03-08,14.11,14.08,14.15,archive
Well-19,2024-03-09,14.12,14.09,14.16,archive
Well-19,2024-03-10,14.17,14.14,14.21,archive
Well-19,2024-03-11,14.14,14.11,14.18,archive
Well-19,2024-03-12,14.12,14.09,14.16,archive
Well-19,2024-03-13,14.07,14.04,14.11,archive
Well-19,2024-03-14,14.0,13.97,14.04,archive
Well-19,2024-03-15,13.94,13.91,13.98,archive
Well-19,2024-03-16,13.89,13.86,13.93,archive
Well-19,2024-03-17,13.82,13.79,13.86,archive
Well-19,2024-03-18,13.78,13.75,13.82,archive
Well-19,2024-03-19,13.72,13.69,13.76,archive
Well-19,2024-03-20,13.69,13.66,13.73,archive
Well-19,2024-03-21,13.71,13.68,13.75,archive
Well-19,2024-03-22,13.74,13.71,13.78,archive
Well-19,2024-03-23,13.72,13.69,13.76,archive
Well-19,2024-03-24,13.73,13.7,13.77,archive
Well-19,2024-03-25,13.71,13.68,13.75,archive
Well-19,2024-03-26,13.74,13.71,13.78,archive
Well-19,2024-03-27,13.71,13.68,13.75,archive
Well-19,2024-03-28,13.74,13.71,13.78,archive
Well-19,2024-03-29,13.64,13.61,13.68,archive
Well-19,2024-03-30,13.64,13.61,13.68,archive
Well-19,2024-03-31,13.63,13.6,13.67,archive
Well-19,2024-04-01,13.57,13.54,13.61,archive
Well-19,2024-04-02,13.51,13.48,13.55,archive
Well-19,2024-04-03,13.42,13.39,13.46,archive
Well-19,2024-04-04,13.43,13.4,13.47,archive
Well-19,2024-04-05,13.42,13.39,13.46,archive
Well-19,2024-04-06,13.36,13.33,13.4,archive
Well-19,2024-04-07,13.33,13.3,13.37,archive
Well-19,2024-04-08,13.37,13.34,13.41,archive
Well-19,2024-04-09,13.3,13.27,13.34,archive
Well-19,2024-04-10,13.25,13.22,13.29,archive
Well-19,2024-04-11,13.25,13.22,13.29,archive
Well-19,2024-04-12,13.26,13.23,13.3,archive
Well-19,2024-04-13,13.2,13.17,13.24,archive
Well-19,2024-04-14,13.17,13.14,13.21,archive
Well-19,2024-04-15,13.19,13.16,13.23,archive
Well-19,2024-04-16,13.15,13.12,13.19,archive
Well-19,2024-04-17,13.18,13.15,13.22,archive
Well-19,2024-04-18,13.11,13.08,13.15,archive
Well-19,2024-04-19,13.01,12.98,13.05,archive
Well-19,2024-04-20,13.04,13.01,13.08,archive
Well-19,2024-04-21,13.03,13.0,13.07,archive
Well-19,2024-04-22,12.98,12.95,13.02,archive
Well-19,2024-04-23,13.01,12.98,13.05,archive
Well-19,2024-04-24,12.97,12.94,13.01,archive
Well-19,2024-04-25,12.98,12.95,13.02,archive
Well-19,2024-04-26,12.95,12.92,12.99,archive
Well-19,2024-04-27,12.92,12.89,12.96,archive
Well-19,2024-04-28,12.84,12.81,12.88,archive
Well-19,2024-04-29,12.76,12.73,12.8,archive
Well-19,2024-04-30,12.73,12.7,12.77,archive
Well-19,2024-05-01,12.69,12.66,12.73,archive
Well-19,2024-05-02,12.64,12.61,12.68,archive
Well-19,2024-05-03,12.55,12.52,12.59,archive
Well-19,2024-05-04,12.52,12.49,12.56,archive
Well-19,2024-05-05,12.51,12.48,12.55,archive
Well-19,2024-05-06,12.44,12.41,12.48,archive
Well-19,2024-05-07,12.31,12.28,12.35,archive
Well-19,2024-05-08,12.26,12.23,12.3,archive
Well-19,2024-05-09,12.18,12.15,12.22,archive
Well-19,2024-05-10,12.22,12.19,12.26,archive
Well-19,2024-05-11,12.19,12.16,12.23,archive
Well-19,2024-05-12,12.14,12.11,12.18,archive
Well-19,2024-05-13,12.13,12.1,12.17,archive
Well-19,2024-05-14,12.05,12.02,12.09,archive
Well-19,2024-05-15,12.01,11.98,12.05,archive
Well-19,2024-05-16,11.99,11.96,12.03,archive
Well-19,2024-05-17,12.02,11.99,12.06,archive
Well-19,2024-05-18,11.96,11.93,12.0,archive
Well-19,2024-05-19,11.96,11.93,12.0,archive
Well-19,2024-05-20,11.86,11.83,11.9,archive
Well-19,2024-05-21,11.81,11.78,11.85,archive
Well-19,2024-05-22,11.8,11.77,11.84,archive
Well-19,2024-05-23,11.77,11.74,11.81,archive
Well-19,2024-05-24,11.71,11.68,11.75,archive
Well-19,2024-05-25,11.65,11.62,11.69,archive
Well-19,2024-05-26,11.59,11.56,11.63,archive
Well-19,2024-05-27,11.57,11.54,11.61,archive
Well-19,2024-05-28,11.62,11.59,11.66,archive
Well-19,2024-05-29,11.67,11.64,11.71,archive
Well-19,2024-05-30,11.55,11.52,11.59,archive
Well-19,2024-05-31,11.49,11.46,11.53,archive
Well-19,2024-06-01,11.45,11.42,11.49,archive
Well-19,2024-06-02,11.3,11.27,11.34,archive
Well-19,2024-06-03,11.2,11.17,11.24,archive
Well-19,2024-06-04,11.1,11.07,11.14,archive
Well-19,2024-06-05,11.07,11.04,11.11,archive
Well-19,2024-06-06,11.07,11.04,11.11,archive
Well-19,2024-06-07,11.09,11.06,11.13,archive
Well-19,2024-06-08,10.94,10.91,10.98,archive
Well-19,2024-06-09,10.89,10.86,10.93,archive
Well-19,2024-06-10,10.83,10.8,10.87,archive
Well-19,2024-06-11,10.77,10.74,10.81,archive
Well-19,2024-06-12,10.68,10.65,10.72,archive
Well-19,2024-06-13,10.58,10.55,10.62,archive
Well-19,2024-06-14,10.55,10.52,10.59,archive
Well-19,2024-06-15,10.49,10.46,10.53,archive
Well-19,2024-06-16,10.54,10.51,10.58,archive
Well-19,2024-06-17,10.47,10.44,10.51,archive
Well-19,2024-06-18,10.43,10.4,10.47,archive
Well-19,2024-06-19,10.35,10.32,10.39,archive
Well-19,2024-06-20,10.33,10.3,10.37,archive
Well-19,2024-06-21,10.26,10.23,10.3,archive
Well-19,2024-06-22,10.27,10.24,10.31,archive
Well-19,2024-06-23,10.2,10.17,10.24,archive
Well-19,2024-06-24,10.19,10.16,10.23,archive
Well-19,2024-06-25,10.25,10.22,10.29,archive
Well-19,2024-06-26,10.21,10.18,10.25,archive
Well-19,2024-06-27,10.21,10.18,10.25,archive
Well-19,2024-06-28,10.22,10.19,10.26,archive
Well-19,2024-06-29,10.15,10.12,10.19,archive
Well-19,2024-06-30,10.13,10.1,10.17,archive
Well-19,2024-07-01,10.08,10.05,10.12,archive
Well-19,2024-07-02,10.01,9.98,10.05,archive
Well-19,2024-07-03,9.96,9.93,10.0,archive
Well-19,2024-07-04,9.92,9.89,9.96,archive
Well-19,2024-07-05,9.9,9.87,9.94,archive
Well-19,2024-07-06,9.87,9.84,9.91,archive
Well-19,2024-07-07,9.77,9.74,9.81,archive
Well-19,2024-07-08,9.78,9.75,9.82,archive
Well-19,2024-07-09,9.77,9.74,9.81,archive
Well-19,2024-07-10,9.75,9.72,9.79,archive
Well-19,2024-07-11,9.69,9.66,9.73,archive
Well-19,2024-07-12,9.59,9.56,9.63,archive
Well-19,2024-07-13,9.63,9.6,9.67,archive
Well-19,2024-07-14,9.61,9.58,9.65,archive
Well-19,2024-07-15,9.54,9.51,9.58,archive
Well-19,2024-07-16,9.54,9.51,9.58,archive
Well-19,2024-07-17,9.49,9.46,9.53,archive
Well-19,2024-07-18,9.45,9.42,9.49,archive
Well-19,2024-07-19,9.44,9.41,9.48,archive
Well-19,2024-07-20,9.35,9.32,9.39,archive
Well-19,2024-07-21,9.34,9.31,9.38,archive
Well-19,2024-07-22,9.34,9.31,9.38,archive
Well-19,2024-07-23,9.31,9.28,9.35,archive
Well-19,2024-07-24,9.28,9.25,9.32,archive
Well-19,2024-07-25,9.22,9.19,9.26,archive
Well-19,2024-07-26,9.21,9.18,9.25,archive
Well-19,2024-07-27,9.24,9.21,9.28,archive
Well-19,2024-07-28,9.27,9.24,9.31,archive
Well-19,2024-07-29,9.23,9.2,9.27,archive
Well-19,2024-07-30,9.14,9.11,9.18,archive
Well-19,2024-07-31,9.11,9.08,9.15,archive
Well-19,2024-08-01,9.12,9.09,9.16,archive
Well-19,2024-08-02,9.05,9.02,9.09,archive
Well-19,2024-08-03,9.14,9.11,9.18,archive
Well-19,2024-08-04,9.09,9.06,9.13,archive
Well-19,2024-08-05,9.11,9.08,9.15,archive
Well-19,2024-08-06,9.13,9.1,9.17,archive
Well-19,2024-08-07,9.03,9.0,9.07,archive
Well-19,2024-08-08,8.99,8.96,9.03,archive
Well-19,2024-08-09,9.02,8.99,9.06,archive
Well-19,2024-08-10,9.12,9.09,9.16,archive
Well-19,2024-08-11,9.14,9.11,9.18,archive
Well-19,2024-08-12,9.17,9.14,9.21,archive
Well-19,2024-08-13,9.16,9.13,9.2,archive
Well-19,2024-08-14,9.18,9.15,9.22,archive
Well-19,2024-08-15,9.13,9.1,9.17,archive
Well-19,2024-08-16,9.1,9.07,9.14,archive
Well-19,2024-08-17,9.11,9.08,9.15,archive
Well-19,2024-08-18,9.09,9.06,9.13,archive
Well-19,2024-08-19,9.04,9.01,9.08,archive
Well-19,2024-08-20,9.07,9.04,9.11,archive
Well-19,2024-08-21,9.07,9.04,9.11,archive
Well-19,2024-08-22,9.11,9.08,9.15,archive
Well-19,2024-08-23,9.1,9.07,9.14,archive
Well-19,2024-08-24,9.18,9.15,9.22,archive
Well-19,2024-08-25,9.14,9.11,9.18,archive
Well-19,2024-08-26,9.04,9.01,9.08,archive
Well-19,2024-08-27,9.06,9.03,9.1,archive
Well-19,2024-08-28,9.02,8.99,9.06,archive
Well-19,2024-08-29,8.97,8.94,9.01,archive
Well-19,2024-08-30,8.95,8.92,8.99,archive
Well-19,2024-08-31,9.02,8.99,9.06,archive
Well-19,2024-09-01,8.99,8.96,9.03,archive
Well-19,2024-09-02,9.08,9.05,9.12,archive
Well-19,2024-09-03,9.09,9.06,9.13,archive
Well-19,2024-09-04,9.09,9.06,9.13,archive
Well-19,2024-09-05,9.09,9.06,9.13,archive
Well-19,2024-09-06,9.07,9.04,9.11,archive
Well-19,2024-09-07,9.11,9.08,9.15,archive
Well-19,2024-09-08,9.12,9.09,9.16,archive
Well-19,2024-09-09,9.06,9.03,9.1,archive
Well-19,2024-09-10,9.08,9.05,9.12,archive
Well-19,2024-09-11,9.16,9.13,9.2,archive
Well-19,2024-09-12,9.09,9.06,9.13,archive
Well-19,2024-09-13,9.17,9.14,9.21,archive
Well-19,2024-09-14,9.19,9.16,9.23,archive
Well-19,2024-09-15,9.21,9.18,9.25,archive
Well-19,2024-09-16,9.24,9.21,9.28,archive
Well-19,2024-09-17,9.32,9.29,9.36,archive
Well-19,2024-09-18,9.34,9.31,9.38,archive
Well-19,2024-09-19,9.34,9.31,9.38,archive
Well-19,2024-09-20,9.37,9.34,9.41,archive
Well-19,2024-09-21,9.39,9.36,9.43,archive
Well-19,2024-09-22,9.47,9.44,9.51,archive
Well-19,2024-09-23,9.41,9.38,9.45,archive
Well-19,2024-09-24,9.48,9.45,9.52,archive
Well-19,2024-09-25,9.53,9.5,9.57,archive
Well-19,2024-09-26,9.56,9.53,9.6,archive
Well-19,2024-09-27,9.6,9.57,9.64,archive
Well-19,2024-09-28,9.68,9.65,9.72,archive
Well-19,2024-09-29,9.63,9.6,9.67,archive
Well-19,2024-09-30,9.56,9.53,9.6,archive
Well-19,2024-10-01,9.56,9.53,9.6,archive
Well-19,2024-10-02,9.65,9.62,9.69,archive
Well-19,2024-10-03,9.69,9.66,9.73,archive
Well-19,2024-10-04,9.68,9.65,9.72,archive
Well-19,2024-10-05,9.73,9.7,9.77,archive
Well-19,2024-10-06,9.74,9.71,9.78,archive
Well-19,2024-10-07,9.74,9.71,9.78,archive
Well-19,2024-10-08,9.81,9.78,9.85,archive
Well-19,2024-10-09,9.8,9.77,9.84,archive
Well-19,2024-10-10,9.85,9.82,9.89,archive
Well-19,2024-10-11,9.91,9.88,9.95,archive
Well-19,2024-10-12,9.91,9.88,9.95,archive
Well-19,2024-10-13,9.99,9.96,10.03,archive
Well-19,2024-10-14,10.04,10.01,10.08,archive
Well-19,2024-10-15,10.08,10.05,10.12,archive
Well-19,2024-10-16,10.19,10.16,10.23,archive
Well-19,2024-10-17,10.23,10.2,10.27,archive
Well-19,2024-10-18,10.34,10.31,10.38,archive
Well-19,2024-10-19,10.38,10.35,10.42,archive
Well-19,2024-10-20,10.43,10.4,10.47,archive
Well-19,2024-10-21,10.41,10.38,10.45,archive
Well-19,2024-10-22,10.41,10.38,10.45,archive
Well-19,2024-10-23,10.37,10.34,10.41,archive
Well-19,2024-10-24,10.37,10.34,10.41,archive
Well-19,2024-10-25,10.39,10.36,10.43,archive
Well-19,2024-10-26,10.42,10.39,10.46,archive
Well-19,2024-10-27,10.42,10.39,10.46,archive
Well-19,2024-10-28,10.54,10.51,10.58,archive
Well-19,2024-10-29,11.59,11.56,11.63,archive
Well-19,2024-10-30,10.57,10.54,10.61,archive
Well-19,2024-10-31,10.58,10.55,10.62,archive
Well-19,2024-11-01,10.65,10.62,10.69,archive
Well-19,2024-11-02,10.62,10.59,10.66,archive
Well-19,2024-11-03,10.7,10.67,10.74,archive
Well-19,2024-11-04,10.69,10.66,10.73,archive
Well-19,2024-11-05,10.72,10.69,10.76,archive
Well-19,2024-11-06,10.69,10.66,10.73,archive
Well-19,2024-11-07,10.66,10.63,10.7,archive
Well-19,2024-11-08,10.76,10.73,10.8,archive
Well-19,2024-11-09,10.87,10.84,10.91,archive
Well-19,2024-11-10,10.87,10.84,10.91,archive
Well-19,2024-11-11,10.97,10.94,11.01,archive
Well-19,2024-11-12,10.96,10.93,11.0,archive
Well-19,2024-11-13,11.03,11.0,11.07,archive
Well-19,2024-11-14,11.1,11.07,11.14,archive
Well-19,2024-11-15,11.1,11.07,11.14,archive
Well-19,2024-11-16,11.26,11.23,11.3,archive
Well-19,2024-11-17,11.3,11.27,11.34,archive
Well-19,2024-11-18,11.29,11.26,11.33,archive
Well-19,2024-11-19,11.32,11.29,11.36,archive
Well-19,2024-11-20,11.45,11.42,11.49,archive
Well-19,2024-11-21,11.57,11.54,11.61,archive
Well-19,2024-11-22,11.55,11.52,11.59,archive
Well-19,2024-11-23,11.57,11.54,11.61,archive
Well-19,2024-11-24,11.57,11.54,11.61,archive
Well-19,2024-11-25,12.28,12.25,12.32,archive
Well-19,2024-11-26,11.6,11.57,11.64,archive
Well-19,2024-11-27,11.73,11.7,11.77,archive
Well-19,2024-11-28,11.79,11.76,11.83,archive
Well-19,2024-11-29,11.92,11.89,11.96,archive
Well-19,2024-11-30,12.02,11.99,12.06,archive
Well-19,2024-12-01,12.04,12.01,12.08,archive
Well-19,2024-12-02,12.11,12.08,12.15,archive
Well-19,2024-12-03,12.15,12.12,12.19,archive
Well-19,2024-12-04,12.22,12.19,12.26,archive
Well-19,2024-12-05,12.3,12.27,12.34,archive
Well-19,2024-12-06,12.29,12.26,12.33,archive
Well-19,2024-12-07,12.28,12.25,12.32,archive
Well-19,2024-12-08,12.38,12.35,12.42,archive
Well-19,2024-12-09,12.46,12.43,12.5,archive
Well-19,2024-12-10,12.45,12.42,12.49,archive
Well-19,2024-12-11,12.45,12.42,12.49,archive
Well-19,2024-12-12,12.54,12.51,12.58,archive
Well-19,2024-12-13,12.51,12.48,12.55,archive
Well-19,2024-12-14,12.51,12.48,12.55,archive
Well-19,2024-12-15,12.55,12.52,12.59,archive
Well-19,2024-12-16,12.52,12.49,12.56,archive
Well-19,2024-12-17,12.56,12.53,12.6,archive
Well-19,2024-12-18,12.56,12.53,12.6,archive
Well-19,2024-12-19,12.57,12.54,12.61,archive
Well-19,2024-12-20,12.59,12.56,12.63,archive
Well-19,2024-12-21,12.58,12.55,12.62,archive
Well-19,2024-12-22,12.59,12.56,12.63,archive
Well-19,2024-12-23,12.68,12.65,12.72,archive
Well-19,2024-12-24,12.68,12.65,12.72,archive
Well-19,2024-12-25,12.78,12.75,12.82,archive
Well-19,2024-12-26,12.76,12.73,12.8,archive
Well-19,2024-12-27,12.8,12.77,12.84,archive
Well-19,2024-12-28,12.83,12.8,12.87,archive
Well-19,2024-12-29,12.94,12.91,12.98,archive
Well-19,2024-12-30,12.96,12.93,13.0,archive
Well-19,2024-12-31,12.94,12.91,12.98,archive
Well-19,2025-01-01,13.04,13.01,13.08,archive
Well-19,2025-01-02,13.13,13.1,13.17,archive
Well-19,2025-01-03,13.2,13.17,13.24,archive
Well-19,2025-01-04,13.28,13.25,13.32,archive
Well-19,2025-01-05,13.34,13.31,13.38,archive
Well-19,2025-01-06,13.37,13.34,13.41,archive
Well-19,2025-01-07,13.36,13.33,13.4,archive
Well-19,2025-01-08,13.41,13.38,13.45,archive
Well-19,2025-01-09,13.51,13.48,13.55,archive
Well-19,2025-01-10,13.48,13.45,13.52,archive
Well-19,2025-01-11,13.57,13.54,13.61,archive
Well-19,2025-01-12,13.57,13.54,13.61,archive
Well-19,2025-01-13,13.64,13.61,13.68,archive
Well-19,2025-01-14,13.71,13.68,13.75,archive
Well-19,2025-01-15,13.64,13.61,13.68,archive
Well-19,2025-01-16,13.67,13.64,13.71,archive
Well-19,2025-01-17,13.68,13.65,13.72,archive
Well-19,2025-01-18,13.67,13.64,13.71,archive
Well-19,2025-01-19,13.75,13.72,13.79,archive
Well-19,2025-01-20,13.71,13.68,13.75,archive
Well-19,2025-01-21,13.64,13.61,13.68,archive
Well-19,2025-01-22,13.62,13.59,13.66,archive
Well-19,2025-01-23,13.59,13.56,13.63,archive
Well-19,2025-01-24,13.67,13.64,13.71,archive
Well-19,2025-01-25,13.71,13.68,13.75,archive
Well-19,2025-01-26,13.79,13.76,13.83,archive
Well-19,2025-01-27,13.79,13.76,13.83,archive
Well-19,2025-01-28,13.91,13.88,13.95,archive
Well-19,2025-01-29,15.36,15.33,15.4,archive
Well-19,2025-01-30,14.01,13.98,14.05,archive
Well-19,2025-01-31,14.05,14.02,14.09,archive
Well-19,2025-02-01,13.99,13.96,14.03,archive
Well-19,2025-02-02,14.02,13.99,14.06,archive
Well-19,2025-02-03,14.08,14.05,14.12,archive
Well-19,2025-02-04,14.1,14.07,14.14,archive
Well-19,2025-02-05,14.31,14.28,14.35,archive
Well-19,2025-02-06,14.4,14.37,14.44,archive
Well-19,2025-02-07,14.43,14.4,14.47,archive
Well-19,2025-02-08,14.45,14.42,14.49,archive
Well-19,2025-02-09,14.45,14.42,14.49,archive
Well-19,2025-02-10,14.36,14.33,14.4,archive
Well-19,2025-02-11,14.34,14.31,14.38,archive
Well-19,2025-02-12,14.42,14.39,14.46,archive
Well-19,2025-02-13,14.38,14.35,14.42,archive
Well-19,2025-02-14,14.44,14.41,14.48,archive
Well-19,2025-02-15,14.4,14.37,14.44,archive
Well-19,2025-02-16,14.39,14.36,14.43,archive
Well-19,2025-02-17,14.39,14.36,14.43,archive
Well-19,2025-02-18,14.38,14.35,14.42,archive
Well-19,2025-02-19,14.35,14.32,14.39,archive
Well-19,2025-02-20,14.32,14.29,14.36,archive
Well-19,2025-02-21,14.38,14.35,14.42,archive
Well-19,2025-02-22,14.44,14.41,14.48,archive
Well-19,2025-02-23,14.51,14.48,14.55,archive
Well-19,2025-02-24,14.46,14.43,14.5,archive
Well-19,2025-02-25,14.45,14.42,14.49,archive
Well-19,2025-02-26,14.45,14.42,14.49,archive
Well-19,2025-02-27,14.37,14.34,14.41,archive
Well-19,2025-02-28,14.37,14.34,14.41,archive
Well-19,2025-03-01,14.34,14.31,14.38,archive
Well-19,2025-03-02,14.32,14.29,14.36,archive
Well-19,2025-03-03,14.31,14.28,14.35,archive
Well-19,2025-03-04,14.31,14.28,14.35,archive
Well-19,2025-03-05,14.35,14.32,14.39,archive
Well-19,2025-03-06,14.29,14.26,14.33,archive
Well-19,2025-03-07,14.23,14.2,14.27,archive
Well-19,2025-03-08,14.16,14.13,14.2,archive
Well-19,2025-03-09,14.17,14.14,14.21,archive
Well-19,2025-03-10,14.18,14.15,14.22,archive
Well-19,2025-03-11,14.21,14.18,14.25,archive
Well-19,2025-03-12,14.25,14.22,14.29,archive
Well-19,2025-03-13,14.31,14.28,14.35,archive
Well-19,2025-03-14,14.31,14.28,14.35,archive
Well-19,2025-03-15,14.33,14.3,14.37,archive
Well-19,2025-03-16,14.26,14.23,14.3,archive
Well-19,2025-03-17,14.22,14.19,14.26,archive
Well-19,2025-03-18,14.15,14.12,14.19,archive
Well-19,2025-03-19,14.17,14.14,14.21,archive
Well-19,2025-03-20,14.08,14.05,14.12,archive
Well-19,2025-03-21,14.11,14.08,14.15,archive
Well-19,2025-03-22,14.21,14.18,14.25,archive
Well-19,2025-03-23,14.13,14.1,14.17,archive
Well-19,2025-03-24,14.06,14.03,14.1,archive
Well-19,2025-03-25,14.02,13.99,14.06,archive
Well-19,2025-03-26,13.98,13.95,14.02,archive
Well-19,2025-03-27,13.91,13.88,13.95,archive
Well-19,2025-03-28,13.9,13.87,13.94,archive
Well-19,2025-03-29,13.9,13.87,13.94,archive
Well-19,2025-03-30,13.86,13.83,13.9,archive
Well-19,2025-03-31,13.8,13.77,13.84,archive
Well-19,2025-04-01,13.78,13.75,13.82,archive
Well-19,2025-04-02,13.74,13.71,13.78,archive
Well-19,2025-04-03,13.68,13.65,13.72,archive
Well-19,2025-04-04,13.61,13.58,13.65,archive
Well-19,2025-04-05,13.64,13.61,13.68,archive
Well-19,2025-04-06,13.66,13.63,13.7,archive
Well-19,2025-04-07,13.58,13.55,13.62,archive
Well-19,2025-04-08,13.5,13.47,13.54,archive
Well-19,2025-04-09,13.47,13.44,13.51,archive
Well-19,2025-04-10,13.4,13.37,13.44,archive
Well-19,2025-04-11,13.42,13.39,13.46,archive
Well-19,2025-04-12,13.31,13.28,13.35,archive
Well-19,2025-04-13,13.26,13.23,13.3,archive
Well-19,2025-04-14,13.17,13.14,13.21,archive
Well-19,2025-04-15,13.07,13.04,13.11,archive
Well-19,2025-04-16,13.14,13.11,13.18,archive
Well-19,2025-04-17,13.07,13.04,13.11,archive
Well-19,2025-04-18,13.05,13.02,13.09,archive
Well-19,2025-04-19,13.13,13.1,13.17,archive
Well-19,2025-04-20,13.1,13.07,13.14,archive
Well-19,2025-04-21,13.03,13.0,13.07,archive
Well-19,2025-04-22,13.04,13.01,13.08,archive
Well-19,2025-04-23,12.98,12.95,13.02,archive
Well-19,2025-04-24,13.0,12.97,13.04,archive
Well-19,2025-04-25,12.99,12.96,13.03,archive
Well-19,2025-04-26,12.92,12.89,12.96,archive
Well-19,2025-04-27,12.89,12.86,12.93,archive
Well-19,2025-04-28,12.89,12.86,12.93,archive
Well-19,2025-04-29,12.88,12.85,12.92,archive
Well-19,2025-04-30,12.87,12.84,12.91,archive
Well-19,2025-05-01,12.88,12.85,12.92,archive
Well-19,2025-05-02,12.8,12.77,12.84,archive
Well-19,2025-05-03,12.72,12.69,12.76,archive
Well-19,2025-05-04,12.57,12.54,12.61,archive
Well-19,2025-05-05,12.49,12.46,12.53,archive
Well-19,2025-05-06,12.44,12.41,12.48,archive
Well-19,2025-05-07,12.48,12.45,12.52,archive
Well-19,2025-05-08,12.43,12.4,12.47,archive
Well-19,2025-05-09,12.36,12.33,12.4,archive
Well-19,2025-05-10,12.28,12.25,12.32,archive
Well-19,2025-05-11,12.23,12.2,12.27,archive
Well-19,2025-05-12,12.21,12.18,12.25,archive
Well-19,2025-05-13,12.13,12.1,12.17,archive
Well-19,2025-05-14,12.1,12.07,12.14,archive
Well-19,2025-05-15,12.12,12.09,12.16,archive
Well-19,2025-05-16,12.06,12.03,12.1,archive
Well-19,2025-05-17,12.08,12.05,12.12,archive
Well-19,2025-05-18,12.05,12.02,12.09,archive
Well-19,2025-05-19,11.98,11.95,12.02,archive
Well-19,2025-05-20,11.9,11.87,11.94,archive
Well-19,2025-05-21,11.9,11.87,11.94,archive
Well-19,2025-05-22,11.94,11.91,11.98,archive
Well-19,2025-05-23,11.91,11.88,11.95,archive
Well-19,2025-05-24,11.81,11.78,11.85,archive
Well-19,2025-05-25,11.72,11.69,11.76,archive
Well-19,2025-05-26,11.66,11.63,11.7,archive
Well-19,2025-05-27,11.61,11.58,11.65,archive
Well-19,2025-05-28,11.53,11.5,11.57,archive
Well-19,2025-05-29,11.46,11.43,11.5,archive
Well-19,2025-05-30,11.47,11.44,11.51,archive
Well-19,2025-05-31,11.38,11.35,11.42,archive
Well-19,2025-06-01,11.34,11.31,11.38,archive
Well-19,2025-06-02,11.34,11.31,11.38,archive
Well-19,2025-06-03,11.25,11.22,11.29,archive
Well-19,2025-06-04,11.15,11.12,11.19,archive
Well-19,2025-06-05,11.16,11.13,11.2,archive
Well-19,2025-06-06,11.16,11.13,11.2,archive
Well-19,2025-06-07,11.05,11.02,11.09,archive
Well-19,2025-06-08,10.98,10.95,11.02,archive
Well-19,2025-06-09,11.01,10.98,11.05,archive
Well-19,2025-06-10,10.98,10.95,11.02,archive
Well-19,2025-06-11,10.99,10.96,11.03,archive
Well-19,2025-06-12,10.95,10.92,10.99,archive
Well-19,2025-06-13,10.9,10.87,10.94,archive
Well-19,2025-06-14,10.85,10.82,10.89,archive
Well-19,2025-06-15,10.8,10.77,10.84,archive
Well-19,2025-06-16,10.8,10.77,10.84,archive
Well-19,2025-06-17,10.77,10.74,10.81,archive
Well-19,2025-06-18,10.71,10.68,10.75,archive
Well-19,2025-06-19,10.67,10.64,10.71,archive
Well-19,2025-06-20,10.65,10.62,10.69,archive
Well-19,2025-06-21,10.58,10.55,10.62,archive
Well-19,2025-06-22,10.54,10.51,10.58,archive
Well-19,2025-06-23,10.47,10.44,10.51,archive
Well-19,2025-06-24,10.43,10.4,10.47,archive
Well-19,2025-06-25,10.44,10.41,10.48,archive
Well-19,2025-06-26,10.26,10.23,10.3,archive
Well-19,2025-06-27,10.3,10.27,10.34,archive
Well-19,2025-06-28,10.24,10.21,10.28,archive
Well-19,2025-06-29,10.16,10.13,10.2,archive
Well-19,2025-06-30,10.07,10.04,10.11,archive
Well-19,2025-07-01,9.97,9.94,10.01,archive
Well-19,2025-07-02,9.93,9.9,9.97,archive
Well-19,2025-07-03,9.98,9.95,10.02,archive
Well-19,2025-07-04,9.99,9.96,10.03,archive
Well-19,2025-07-05,10.03,10.0,10.07,archive
Well-19,2025-07-06,10.01,9.98,10.05,archive
Well-19,2025-07-07,9.97,9.94,10.01,archive
Well-19,2025-07-08,9.99,9.96,10.03,archive
Well-19,2025-07-09,10.0,9.97,10.04,archive
Well-19,2025-07-10,10.02,9.99,10.06,archive
Well-19,2025-07-11,9.93,9.9,9.97,archive
Well-19,2025-07-12,9.93,9.9,9.97,archive
Well-19,2025-07-13,9.95,9.92,9.99,archive
Well-19,2025-07-14,9.8,9.77,9.84,archive
Well-19,2025-07-15,9.7,9.67,9.74,archive
Well-19,2025-07-16,9.67,9.64,9.71,archive
Well-19,2025-07-17,9.66,9.63,9.7,archive
Well-19,2025-07-18,9.67,9.64,9.71,archive
Well-19,2025-07-19,9.67,9.64,9.71,archive
Well-19,2025-07-20,9.57,9.54,9.61,archive
Well-19,2025-07-21,9.6,9.57,9.64,archive
Well-19,2025-07-22,9.56,9.53,9.6,archive
Well-19,2025-07-23,9.44,9.41,9.48,archive
Well-19,2025-07-24,9.43,9.4,9.47,archive
Well-19,2025-07-25,9.45,9.42,9.49,archive
Well-19,2025-07-26,9.46,9.43,9.5,archive
Well-19,2025-07-27,9.4,9.37,9.44,archive
Well-19,2025-07-28,9.43,9.4,9.47,archive
Well-19,2025-07-29,9.4,9.37,9.44,archive
Well-19,2025-07-30,9.42,9.39,9.46,archive
Well-19,2025-07-31,9.45,9.42,9.49,archive
Well-19,2025-08-01,9.43,9.4,9.47,archive
Well-19,2025-08-02,9.43,9.4,9.47,archive
Well-19,2025-08-03,9.35,9.32,9.39,archive
Well-19,2025-08-04,9.35,9.32,9.39,archive
Well-19,2025-08-05,9.28,9.25,9.32,archive
Well-19,2025-08-06,9.3,9.27,9.34,archive
Well-19,2025-08-07,9.29,9.26,9.33,archive
Well-19,2025-08-08,9.34,9.31,9.38,archive
Well-19,2025-08-09,9.32,9.29,9.36,archive
Well-19,2025-08-10,9.21,9.18,9.25,archive
Well-19,2025-08-11,9.09,9.06,9.13,archive
Well-19,2025-08-12,9.07,9.04,9.11,archive
Well-19,2025-08-13,9.1,9.07,9.14,archive
Well-19,2025-08-14,9.1,9.07,9.14,archive
Well-19,2025-08-15,9.15,9.12,9.19,archive
Well-19,2025-08-16,9.15,9.12,9.19,archive
Well-19,2025-08-17,9.15,9.12,9.19,archive
Well-19,2025-08-18,9.07,9.04,9.11,archive
Well-19,2025-08-19,9.06,9.03,9.1,archive
Well-19,2025-08-20,9.1,9.07,9.14,archive
Well-19,2025-08-21,9.03,9.0,9.07,archive
Well-19,2025-08-22,9.03,9.0,9.07,archive
Well-19,2025-08-23,8.96,8.93,9.0,archive
Well-19,2025-08-24,8.85,8.82,8.89,archive
Well-19,2025-08-25,8.87,8.84,8.91,archive
Well-19,2025-08-26,8.93,8.9,8.97,archive
Well-19,2025-08-27,8.97,8.94,9.01,archive
Well-19,2025-08-28,9.04,9.01,9.08,archive
Well-19,2025-08-29,9.01,8.98,9.05,archive
Well-19,2025-08-30,8.97,8.94,9.01,archive
Well-19,2025-08-31,9.06,9.03,9.1,archive
Well-19,2025-09-01,9.01,8.98,9.05,archive
Well-19,2025-09-02,9.02,8.99,9.06,archive
Well-19,2025-09-03,9.08,9.05,9.12,archive
Well-19,2025-09-04,9.16,9.13,9.2,archive
Well-19,2025-09-05,9.16,9.13,9.2,archive
Well-19,2025-09-06,9.17,9.14,9.21,archive
Well-19,2025-09-07,9.25,9.22,9.29,archive
Well-19,2025-09-08,9.24,9.21,9.28,archive
Well-19,2025-09-09,9.23,9.2,9.27,archive
Well-19,2025-09-10,9.18,9.15,9.22,archive
Well-19,2025-09-11,9.28,9.25,9.32,archive
Well-19,2025-09-12,9.34,9.31,9.38,archive
Well-19,2025-09-13,9.3,9.27,9.34,archive
Well-19,2025-09-14,9.33,9.3,9.37,archive
Well-19,2025-09-15,9.28,9.25,9.32,archive
Well-19,2025-09-16,9.35,9.32,9.39,archive
Well-19,2025-09-17,9.29,9.26,9.33,archive
Well-19,2025-09-18,9.36,9.33,9.4,archive
Well-19,2025-09-19,9.39,9.36,9.43,archive
Well-19,2025-09-20,9.4,9.37,9.44,archive
Well-19,2025-09-21,9.4,9.37,9.44,archive
Well-19,2025-09-22,9.44,9.41,9.48,archive
Well-19,2025-09-23,9.44,9.41,9.48,archive
Well-19,2025-09-24,9.42,9.39,9.46,archive
Well-19,2025-09-25,9.36,9.33,9.4,archive
Well-19,2025-09-26,9.41,9.38,9.45,archive
Well-19,2025-09-27,9.39,9.36,9.43,archive
Well-19,2025-09-28,9.41,9.38,9.45,archive
Well-19,2025-09-29,9.4,9.37,9.44,archive
Well-19,2025-09-30,9.41,9.38,9.45,archive
Well-19,2025-10-01,9.38,9.35,9.42,archive
Well-19,2025-10-02,9.39,9.36,9.43,archive
Well-19,2025-10-03,9.4,9.37,9.44,archive
Well-19,2025-10-04,9.38,9.35,9.42,archive
Well-19,2025-10-05,9.42,9.39,9.46,archive
Well-19,2025-10-06,9.53,9.5,9.57,archive
Well-19,2025-10-07,9.55,9.52,9.59,archive
Well-19,2025-10-08,9.6,9.57,9.64,archive
Well-19,2025-10-09,9.68,9.65,9.72,archive
Well-19,2025-10-10,9.69,9.66,9.73,archive
Well-19,2025-10-11,9.7,9.67,9.74,archive
Well-19,2025-10-12,9.75,9.72,9.79,archive
Well-19,2025-10-13,9.92,9.89,9.96,archive
Well-19,2025-10-14,9.9,9.87,9.94,archive
Well-19,2025-10-15,9.96,9.93,10.0,archive
Well-19,2025-10-16,10.02,9.99,10.06,archive
Well-19,2025-10-17,10.04,10.01,10.08,archive
Well-19,2025-10-18,10.2,10.17,10.24,archive
Well-19,2025-10-19,10.3,10.27,10.34,archive
Well-19,2025-10-20,10.38,10.35,10.42,archive
Well-19,2025-10-21,10.43,10.4,10.47,archive
Well-19,2025-10-22,10.43,10.4,10.47,archive
Well-19,2025-10-23,10.52,10.49,10.56,archive
Well-19,2025-10-24,10.54,10.51,10.58,archive
Well-19,2025-10-25,10.56,10.53,10.6,archive
Well-19,2025-10-26,10.52,10.49,10.56,archive
Well-19,2025-10-27,10.56,10.53,10.6,archive
Well-19,2025-10-28,10.59,10.56,10.63,archive
Well-19,2025-10-29,10.64,10.61,10.68,archive
Well-19,2025-10-30,10.62,10.59,10.66,archive
Well-19,2025-10-31,10.67,10.64,10.71,archive
Well-19,2025-11-01,10.71,10.68,10.75,archive
Well-19,2025-11-02,10.76,10.73,10.8,archive
Well-19,2025-11-03,10.76,10.73,10.8,archive
Well-19,2025-11-04,10.8,10.77,10.84,archive
Well-19,2025-11-05,10.78,10.75,10.82,archive
Well-19,2025-11-06,10.89,10.86,10.93,archive
Well-19,2025-11-07,10.99,10.96,11.03,archive
Well-19,2025-11-08,11.02,10.99,11.06,archive
Well-19,2025-11-09,11.09,11.06,11.13,archive
Well-19,2025-11-10,11.92,11.89,11.96,archive
Well-19,2025-11-11,11.14,11.11,11.18,archive
Well-19,2025-11-12,11.2,11.17,11.24,archive
Well-19,2025-11-13,11.29,11.26,11.33,archive
Well-19,2025-11-14,11.3,11.27,11.34,archive
Well-19,2025-11-15,11.28,11.25,11.32,archive
Well-19,2025-11-16,11.37,11.34,11.41,archive
Well-19,2025-11-17,11.33,11.3,11.37,archive
Well-19,2025-11-18,11.34,11.31,11.38,archive
Well-19,2025-11-19,11.37,11.34,11.41,archive
Well-19,2025-11-20,11.35,11.32,11.39,archive
Well-19,2025-11-21,11.4,11.37,11.44,archive
Well-19,2025-11-22,11.52,11.49,11.56,archive
Well-19,2025-11-23,11.6,11.57,11.64,archive
Well-19,2025-11-24,11.75,11.72,11.79,archive
Well-19,2025-11-25,11.92,11.89,11.96,archive
Well-19,2025-11-26,11.94,11.91,11.98,archive
Well-19,2025-11-27,11.89,11.86,11.93,archive
Well-19,2025-11-28,11.92,11.89,11.96,archive
Well-19,2025-11-29,11.96,11.93,12.0,archive
Well-19,2025-11-30,12.08,12.05,12.12,archive
Well-19,2025-12-01,12.08,12.05,12.12,archive
Well-19,2025-12-02,12.07,12.04,12.11,archive
Well-19,2025-12-03,12.05,12.02,12.09,archive
Well-19,2025-12-04,12.05,12.02,12.09,archive
Well-19,2025-12-05,12.06,12.03,12.1,archive
Well-19,2025-12-06,12.07,12.04,12.11,archive
Well-19,2025-12-07,12.11,12.08,12.15,archive
Well-19,2025-12-08,12.17,12.14,12.21,archive
Well-19,2025-12-09,12.09,12.06,12.13,archive
Well-19,2025-12-10,12.12,12.09,12.16,archive
Well-19,2025-12-11,12.23,12.2,12.27,archive
Well-19,2025-12-12,12.26,12.23,12.3,archive
Well-19,2025-12-13,12.36,12.33,12.4,archive
Well-19,2025-12-14,12.44,12.41,12.48,archive
Well-19,2025-12-15,12.47,12.44,12.51,live
Well-19,2025-12-16,12.56,12.53,12.6,live
Well-19,2025-12-17,12.6,12.57,12.64,live
Well-19,2025-12-18,12.64,12.61,12.68,live
Well-19,2025-12-19,12.62,12.59,12.66,live
Well-19,2025-12-20,12.67,12.64,12.71,live
Well-19,2025-12-21,12.7,12.67,12.74,live
Well-19,2025-12-22,12.68,12.65,12.72,live
Well-19,2025-12-23,12.72,12.69,12.76,live
Well-19,2025-12-24,12.83,12.8,12.87,live
Well-19,2025-12-25,12.88,12.85,12.92,live
Well-19,2025-12-26,12.87,12.84,12.91,live
Well-19,2025-12-27,12.84,12.81,12.88,live
Well-19,2025-12-28,12.86,12.83,12.9,live
Well-19,2025-12-29,12.97,12.94,13.01,live
Well-19,2025-12-30,12.98,12.95,13.02,live
Well-19,2025-12-31,13.01,12.98,13.05,live
Well-19,2026-01-01,13.06,13.03,13.1,live
Well-19,2026-01-02,13.02,12.99,13.06,live
Well-19,2026-01-03,13.04,13.01,13.08,live
Well-19,2026-01-04,13.14,13.11,13.18,live
Well-19,2026-01-05,13.17,13.14,13.21,live
Well-19,2026-01-06,13.2,13.17,13.24,live
Well-19,2026-01-07,13.23,13.2,13.27,live
Well-19,2026-01-08,13.27,13.24,13.31,live
Well-19,2026-01-09,13.33,13.3,13.37,live
Well-19,2026-01-10,13.36,13.33,13.4,live
Well-19,2026-01-11,13.38,13.35,13.42,live
Well-19,2026-01-12,13.39,13.36,13.43,live
Well-19,2026-01-13,13.38,13.35,13.42,live
Well-19,2026-01-14,13.36,13.33,13.4,live
Well-19,2026-01-15,13.42,13.39,13.46,live
Well-19,2026-01-16,13.92,13.89,13.96,live
Well-19,2026-01-17,13.52,13.49,13.56,live
Well-19,2026-01-18,13.52,13.49,13.56,live
Well-19,2026-01-19,13.47,13.44,13.51,live
Well-19,2026-01-20,13.53,13.5,13.57,live
Well-19,2026-01-21,13.63,13.6,13.67,live
Well-19,2026-01-22,13.55,13.52,13.59,live
Well-19,2026-01-23,13.61,13.58,13.65,live
Well-19,2026-01-24,13.68,13.65,13.72,live
Well-19,2026-01-25,13.7,13.67,13.74,live
Well-19,2026-01-26,15.16,15.13,15.2,live
Well-19,2026-01-27,13.73,13.7,13.77,live
Well-19,2026-01-28,13.71,13.68,13.75,live
Well-19,2026-01-29,13.69,13.66,13.73,live
Well-19,2026-01-30,13.65,13.62,13.69,live
Well-19,2026-01-31,13.7,13.67,13.74,live
Well-19,2026-02-01,13.78,13.75,13.82,live
Well-19,2026-02-02,13.83,13.8,13.87,live
Well-19,2026-02-03,13.89,13.86,13.93,live
Well-19,2026-02-04,13.98,13.95,14.02,live
Well-19,2026-02-05,14.03,14.0,14.07,live
Well-19,2026-02-06,14.02,13.99,14.06,live
Well-19,2026-02-07,14.1,14.07,14.14,live
Well-19,2026-02-08,14.04,14.01,14.08,live
Well-19,2026-02-09,14.06,14.03,14.1,live
Well-19,2026-02-10,13.98,13.95,14.02,live
Well-19,2026-02-11,14.08,14.05,14.12,live
Well-19,2026-02-12,14.11,14.08,14.15,live
Well-19,2026-02-13,15.05,15.02,15.09,live
Well-19,2026-02-14,14.06,14.03,14.1,live
Well-19,2026-02-15,14.14,14.11,14.18,live
Well-19,2026-02-16,14.07,14.04,14.11,live
Well-19,2026-02-17,14.15,14.12,14.19,live
Well-19,2026-02-18,14.15,14.12,14.19,live
Well-19,2026-02-19,14.17,14.14,14.21,live
Well-19,2026-02-20,14.16,14.13,14.2,live
Well-19,2026-02-21,14.17,14.14,14.21,live
Well-19,2026-02-22,14.17,14.14,14.21,live
Well-19,2026-02-23,14.13,14.1,14.17,live
Well-19,2026-02-24,14.18,14.15,14.22,live
Well-19,2026-02-25,14.16,14.13,14.2,live
Well-19,2026-02-26,14.17,14.14,14.21,live
Well-19,2026-02-27,14.18,14.15,14.22,live
Well-19,2026-02-28,14.14,14.11,14.18,live
Well-19,2026-03-01,14.17,14.14,14.21,live
Well-19,2026-03-02,14.23,14.2,14.27,live
Well-19,2026-03-03,14.13,14.1,14.17,live
Well-19,2026-03-04,14.15,14.12,14.19,live
Well-19,2026-03-05,14.18,14.15,14.22,live
Well-19,2026-03-06,14.28,14.25,14.32,live
Well-19,2026-03-07,14.31,14.28,14.35,live
Well-19,2026-03-08,14.38,14.35,14.42,live
Well-19,2026-03-09,14.39,14.36,14.43,live
Well-19,2026-03-10,14.44,14.41,14.48,live
Well-19,2026-03-11,14.32,14.29,14.36,live
Well-19,2026-03-12,14.27,14.24,14.31,live
Well-19,2026-03-13,14.32,14.29,14.36,live
Well-19,2026-03-14,14.27,14.24,14.31,live
Well-19,2026-03-15,14.24,14.21,14.28,live
Well-19,2026-03-16,14.24,14.21,14.28,live
Well-19,2026-03-17,14.17,14.14,14.21,live
Well-19,2026-03-18,14.1,14.07,14.14,live
Well-19,2026-03-19,14.06,14.03,14.1,live
Well-19,2026-03-20,14.02,13.99,14.06,live
Well-19,2026-03-21,14.01,13.98,14.05,live
Well-19,2026-03-22,14.02,13.99,14.06,live
Well-19,2026-03-23,13.99,13.96,14.03,live
Well-19,2026-03-24,13.92,13.89,13.96,live
Well-19,2026-03-25,13.92,13.89,13.96,live
Well-19,2026-03-26,13.84,13.81,13.88,live
Well-19,2026-03-27,13.85,13.82,13.89,live
Well-19,2026-03-28,13.79,13.76,13.83,live
Well-19,2026-03-29,13.76,13.73,13.8,live
Well-19,2026-03-30,13.76,13.73,13.8,live
Well-19,2026-03-31,13.82,13.79,13.86,live
Well-19,2026-04-01,13.77,13.74,13.81,live
Well-19,2026-04-02,13.8,13.77,13.84,live
Well-19,2026-04-03,13.69,13.66,13.73,live
Well-19,2026-04-04,13.62,13.59,13.66,live
Well-19,2026-04-05,13.57,13.54,13.61,live
Well-19,2026-04-06,13.51,13.48,13.55,live
Well-19,2026-04-07,13.46,13.43,13.5,live
Well-19,2026-04-08,13.42,13.39,13.46,live
Well-19,2026-04-09,13.4,13.37,13.44,live
Well-19,2026-04-10,13.37,13.34,13.41,live
Well-19,2026-04-11,13.36,13.33,13.4,live
Well-19,2026-04-12,13.39,13.36,13.43,live
Well-19,2026-04-13,13.41,13.38,13.45,live
Well-19,2026-04-14,13.37,13.34,13.41,live
Well-19,2026-04-15,13.32,13.29,13.36,live
Well-19,2026-04-16,13.24,13.21,13.28,live
Well-19,2026-04-17,13.18,13.15,13.22,live
Well-19,2026-04-18,13.2,13.17,13.24,live
Well-19,2026-04-19,13.13,13.1,13.17,live
Well-19,2026-04-20,13.16,13.13,13.2,live
Well-19,2026-04-21,13.13,13.1,13.17,live
Well-19,2026-04-22,13.14,13.11,13.18,live
Well-19,2026-04-23,13.07,13.04,13.11,live
Well-19,2026-04-24,13.07,13.04,13.11,live
Well-19,2026-04-25,13.0,12.97,13.04,live
Well-19,2026-04-26,12.94,12.91,12.98,live
Well-19,2026-04-27,12.91,12.88,12.95,live
Well-19,2026-04-28,12.87,12.84,12.91,live
Well-19,2026-04-29,12.83,12.8,12.87,live
Well-19,2026-04-30,12.88,12.85,12.92,live
Well-19,2026-05-01,12.9,12.87,12.94,live
Well-19,2026-05-02,12.85,12.82,12.89,live
Well-19,2026-05-03,12.77,12.74,12.81,live
Well-19,2026-05-04,12.59,12.56,12.63,live
Well-19,2026-05-05,12.54,12.51,12.58,live
Well-19,2026-05-06,12.44,12.41,12.48,live
Well-19,2026-05-07,12.44,12.41,12.48,live
Well-19,2026-05-08,12.44,12.41,12.48,live
Well-19,2026-05-09,12.47,12.44,12.51,live
Well-19,2026-05-10,12.53,12.5,12.57,live
Well-19,2026-05-11,12.48,12.45,12.52,live
Well-19,2026-05-12,12.29,12.26,12.33,live
Well-19,2026-05-13,12.25,12.22,12.29,live
Well-19,2026-05-14,12.27,12.24,12.31,live
Well-19,2026-05-15,12.22,12.19,12.26,live
Well-19,2026-05-16,12.2,12.17,12.24,live
Well-19,2026-05-17,12.13,12.1,12.17,live
Well-19,2026-05-18,12.06,12.03,12.1,live
Well-19,2026-05-19,12.04,12.01,12.08,live
Well-19,2026-05-20,12.04,12.01,12.08,live
Well-19,2026-05-21,11.93,11.9,11.97,live
Well-19,2026-05-22,11.89,11.86,11.93,live
Well-19,2026-05-23,11.86,11.83,11.9,live
Well-19,2026-05-24,11.84,11.81,11.88,live
Well-19,2026-05-25,11.74,11.71,11.78,live
Well-19,2026-05-26,11.7,11.67,11.74,live
Well-19,2026-05-27,11.58,11.55,11.62,live
Well-19,2026-05-28,11.56,11.53,11.6,live
Well-19,2026-05-29,11.47,11.44,11.51,live
Well-19,2026-05-30,11.47,11.44,11.51,live
Well-19,2026-05-31,11.36,11.33,11.4,live
Well-19,2026-06-01,11.38,11.35,11.42,live
Well-19,2026-06-02,11.26,11.23,11.3,live
Well-19,2026-06-03,11.24,11.21,11.28,live
Well-19,2026-06-04,11.18,11.15,11.22,live
Well-19,2026-06-05,11.04,11.01,11.08,live
Well-19,2026-06-06,11.03,11.0,11.07,live
Well-19,2026-06-07,11.02,10.99,11.06,live
Well-19,2026-06-08,10.98,10.95,11.02,live
Well-19,2026-06-09,10.98,10.95,11.02,live
Well-19,2026-06-10,10.94,10.91,10.98,live
Well-19,2026-06-11,10.93,10.9,10.97,live
Well-19,2026-06-12,10.78,10.75,10.82,live
Well-19,2026-06-13,10.76,10.73,10.8,live
Well-19,2026-06-14,10.76,10.73,10.8,live
Well-19,2026-06-15,10.84,10.81,10.88,live
Well-19,2026-06-16,10.88,10.85,10.92,live
Well-19,2026-06-17,10.82,10.79,10.86,live
Well-19,2026-06-18,10.75,10.72,10.79,live
Well-19,2026-06-19,10.68,10.65,10.72,live
Well-19,2026-06-20,10.65,10.62,10.69,live
Well-19,2026-06-21,10.62,10.59,10.66,live
Well-19,2026-06-22,10.42,10.39,10.46,live
Well-19,2026-06-23,10.38,10.35,10.42,live
Well-19,2026-06-24,10.3,10.27,10.34,live
Well-19,2026-06-25,10.23,10.2,10.27,live
Well-19,2026-06-26,10.28,10.25,10.32,live
Well-19,2026-06-27,10.29,10.26,10.33,live
Well-19,2026-06-28,10.27,10.24,10.31,live
Well-19,2026-06-29,10.22,10.19,10.26,live
Well-19,2026-06-30,10.18,10.15,10.22,live
Well-19,2026-07-01,10.1,10.07,10.14,live
Well-19,2026-07-02,10.11,10.08,10.15,live
Well-19,2026-07-03,10.07,10.04,10.11,live
Well-19,2026-07-04,10.15,10.12,10.19,live
Well-19,2026-07-05,10.06,10.03,10.1,live
Well-19,2026-07-06,9.97,9.94,10.01,live
Well-19,2026-07-07,9.9,9.87,9.94,live
Well-19,2026-07-08,9.87,9.84,9.91,live
Well-19,2026-07-09,9.81,9.78,9.85,live
Well-19,2026-07-10,9.75,9.72,9.79,live
Well-19,2026-07-11,9.8,9.77,9.84,live
Well-19,2026-07-12,9.81,9.78,9.85,live
Well-19,2026-07-13,9.74,9.71,9.78,live
Well-19,2026-07-14,9.6,9.57,9.64,live
Well-19,2026-07-15,9.49,9.46,9.53,live
Well-19,2026-07-16,9.48,9.45,9.52,live
Well-19,2026-07-17,9.47,9.44,9.51,live
Well-19,2026-07-18,9.39,9.36,9.43,live
Well-19,2026-07-19,9.39,9.36,9.43,live
Well-19,2026-07-20,9.4,9.37,9.44,live
Well-19,2026-07-21,9.38,9.35,9.42,live
Well-19,2026-07-22,9.32,9.29,9.36,live
Well-19,2026-07-23,9.26,9.23,9.3,live
Well-19,2026-07-24,9.29,9.26,9.33,live
Well-19,2026-07-25,9.26,9.23,9.3,live
Well-19,2026-07-26,9.29,9.26,9.33,live
Well-19,2026-07-27,9.28,9.25,9.32,live
Well-19,2026-07-28,9.19,9.16,9.23,live
Well-19,2026-07-29,9.12,9.09,9.16,live
Well-19,2026-07-30,9.14,9.11,9.18,live
Well-19,2026-07-31,9.12,9.09,9.16,live
Well-19,2026-08-01,9.11,9.08,9.15,live
Well-19,2026-08-02,9.11,9.08,9.15,live
Well-19,2026-08-03,9.14,9.11,9.18,live
Well-19,2026-08-04,9.19,9.16,9.23,live
Well-19,2026-08-05,9.1,9.07,9.14,live
Well-19,2026-08-06,9.06,9.03,9.1,live
Well-19,2026-08-07,9.0,8.97,9.04,live
Well-19,2026-08-08,9.02,8.99,9.06,live
Well-19,2026-08-09,9.08,9.05,9.12,live
Well-19,2026-08-10,9.17,9.14,9.21,live
Well-19,2026-08-11,9.18,9.15,9.22,live
Well-19,2026-08-12,9.2,9.17,9.24,live
Well-19,2026-08-13,9.2,9.17,9.24,live
Well-19,2026-08-14,9.3,9.27,9.34,live
Well-19,2026-08-15,9.34,9.31,9.38,live
Well-19,2026-08-16,9.36,9.33,9.4,live
Well-19,2026-08-17,9.41,9.38,9.45,live
Well-19,2026-08-18,9.33,9.3,9.37,live
Well-19,2026-08-19,9.4,9.37,9.44,live
Well-19,2026-08-20,9.45,9.42,9.49,live
Well-19,2026-08-21,9.4,9.37,9.44,live
Well-19,2026-08-22,9.35,9.32,9.39,live
Well-19,2026-08-23,9.34,9.31,9.38,live
Well-19,2026-08-24,9.28,9.25,9.32,live
Well-19,2026-08-25,9.19,9.16,9.23,live
Well-19,2026-08-26,9.22,9.19,9.26,live
Well-19,2026-08-27,9.11,9.08,9.15,live
Well-19,2026-08-28,9.07,9.04,9.11,live
Well-19,2026-08-29,9.01,8.98,9.05,live
Well-19,2026-08-30,9.06,9.03,9.1,live
Well-19,2026-08-31,9.05,9.02,9.09,live
Well-19,2026-09-01,9.02,8.99,9.06,live
Well-19,2026-09-02,8.98,8.95,9.02,live
Well-19,2026-09-03,8.97,8.94,9.01,live
Well-19,2026-09-04,8.97,8.94,9.01,live
Well-19,2026-09-05,8.94,8.91,8.98,live
Well-19,2026-09-06,9.01,8.98,9.05,live
Well-19,2026-09-07,9.04,9.01,9.08,live
Well-19,2026-09-08,9.03,9.0,9.07,live
Well-19,2026-09-09,9.16,9.13,9.2,live
Well-19,2026-09-10,9.15,9.12,9.19,live
Well-19,2026-09-11,9.15,9.12,9.19,live
Well-19,2026-09-12,9.2,9.17,9.24,live
Well-19,2026-09-13,9.25,9.22,9.29,live
Well-19,2026-09-14,9.33,9.3,9.37,live
Well-19,2026-09-15,9.44,9.41,9.48,live
Well-19,2026-09-16,9.32,9.29,9.36,live
Well-19,2026-09-17,9.31,9.28,9.35,live
Well-19,2026-09-18,9.28,9.25,9.32,live
Well-19,2026-09-19,9.37,9.34,9.41,live
Well-19,2026-09-20,9.36,9.33,9.4,live
Well-19,2026-09-21,9.35,9.32,9.39,live
Well-19,2026-09-22,9.32,9.29,9.36,live
Well-19,2026-09-23,9.32,9.29,9.36,live
Well-19,2026-09-24,9.35,9.32,9.39,live
Well-20,2022-06-01,11.78,11.75,11.82,archive
Well-20,2022-06-02,11.81,11.78,11.85,archive
Well-20,2022-06-03,11.82,11.79,11.86,archive
Well-20,2022-06-04,11.77,11.74,11.81,archive
Well-20,2022-06-05,11.73,11.7,11.77,archive
Well-20,2022-06-06,11.69,11.66,11.73,archive
Well-20,2022-06-07,11.6,11.57,11.64,archive
Well-20,2022-06-08,11.55,11.52,11.59,archive
Well-20,2022-06-09,11.46,11.43,11.5,archive
Well-20,2022-06-10,11.33,11.3,11.37,archive
Well-20,2022-06-11,11.31,11.28,11.35,archive
Well-20,2022-06-12,11.29,11.26,11.33,archive
Well-20,2022-06-13,11.27,11.24,11.31,archive
Well-20,2022-06-14,11.2,11.17,11.24,archive
Well-20,2022-06-15,11.17,11.14,11.21,archive
Well-20,2022-06-16,11.2,11.17,11.24,archive
Well-20,2022-06-17,11.15,11.12,11.19,archive
Well-20,2022-06-18,11.13,11.1,11.17,archive
Well-20,2022-06-19,11.0,10.97,11.04,archive
Well-20,2022-06-20,10.9,10.87,10.94,archive
Well-20,2022-06-21,10.86,10.83,10.9,archive
Well-20,2022-06-22,10.77,10.74,10.81,archive
Well-20,2022-06-23,10.72,10.69,10.76,archive
Well-20,2022-06-24,10.71,10.68,10.75,archive
Well-20,2022-06-25,10.64,10.61,10.68,archive
Well-20,2022-06-26,10.56,10.53,10.6,archive
Well-20,2022-06-27,10.46,10.43,10.5,archive
Well-20,2022-06-28,10.4,10.37,10.44,archive
Well-20,2022-06-29,10.39,10.36,10.43,archive
Well-20,2022-06-30,10.33,10.3,10.37,archive
Well-20,2022-07-01,10.31,10.28,10.35,archive
Well-20,2022-07-02,10.25,10.22,10.29,archive
Well-20,2022-07-03,10.17,10.14,10.21,archive
Well-20,2022-07-04,10.18,10.15,10.22,archive
Well-20,2022-07-05,10.18,10.15,10.22,archive
Well-20,2022-07-06,10.17,10.14,10.21,archive
Well-20,2022-07-07,10.04,10.01,10.08,archive
Well-20,2022-07-08,10.07,10.04,10.11,archive
Well-20,2022-07-09,9.99,9.96,10.03,archive
Well-20,2022-07-10,9.86,9.83,9.9,archive
Well-20,2022-07-11,9.93,9.9,9.97,archive
Well-20,2022-07-12,9.92,9.89,9.96,archive
Well-20,2022-07-13,9.81,9.78,9.85,archive
Well-20,2022-07-14,9.73,9.7,9.77,archive
Well-20,2022-07-15,9.74,9.71,9.78,archive
Well-20,2022-07-16,9.65,9.62,9.69,archive
Well-20,2022-07-17,9.62,9.59,9.66,archive
Well-20,2022-07-18,9.64,9.61,9.68,archive
Well-20,2022-07-19,9.6,9.57,9.64,archive
Well-20,2022-07-20,9.52,9.49,9.56,archive
Well-20,2022-07-21,9.44,9.41,9.48,archive
Well-20,2022-07-22,9.39,9.36,9.43,archive
Well-20,2022-07-23,9.39,9.36,9.43,archive
Well-20,2022-07-24,9.36,9.33,9.4,archive
Well-20,2022-07-25,9.35,9.32,9.39,archive
Well-20,2022-07-26,9.28,9.25,9.32,archive
Well-20,2022-07-27,9.2,9.17,9.24,archive
Well-20,2022-07-28,9.19,9.16,9.23,archive
Well-20,2022-07-29,9.15,9.12,9.19,archive
Well-20,2022-07-30,9.22,9.19,9.26,archive
Well-20,2022-07-31,9.18,9.15,9.22,archive
Well-20,2022-08-01,9.18,9.15,9.22,archive
Well-20,2022-08-02,9.17,9.14,9.21,archive
Well-20,2022-08-03,9.02,8.99,9.06,archive
Well-20,2022-08-04,9.0,8.97,9.04,archive
Well-20,2022-08-05,8.9,8.87,8.94,archive
Well-20,2022-08-06,8.93,8.9,8.97,archive
Well-20,2022-08-07,8.94,8.91,8.98,archive
Well-20,2022-08-08,8.99,8.96,9.03,archive
Well-20,2022-08-09,8.94,8.91,8.98,archive
Well-20,2022-08-10,8.93,8.9,8.97,archive
Well-20,2022-08-11,8.99,8.96,9.03,archive
Well-20,2022-08-12,9.0,8.97,9.04,archive
Well-20,2022-08-13,8.96,8.93,9.0,archive
Well-20,2022-08-14,8.96,8.93,9.0,archive
Well-20,2022-08-15,8.99,8.96,9.03,archive
Well-20,2022-08-16,9.0,8.97,9.04,archive
Well-20,2022-08-17,9.02,8.99,9.06,archive
Well-20,2022-08-18,8.95,8.92,8.99,archive
Well-20,2022-08-19,8.91,8.88,8.95,archive
Well-20,2022-08-20,8.92,8.89,8.96,archive
Well-20,2022-08-21,8.88,8.85,8.92,archive
Well-20,2022-08-22,8.95,8.92,8.99,archive
Well-20,2022-08-23,8.96,8.93,9.0,archive
Well-20,2022-08-24,8.93,8.9,8.97,archive
Well-20,2022-08-25,8.92,8.89,8.96,archive
Well-20,2022-08-26,8.9,8.87,8.94,archive
Well-20,2022-08-27,8.91,8.88,8.95,archive
Well-20,2022-08-28,8.83,8.8,8.87,archive
Well-20,2022-08-29,8.94,8.91,8.98,archive
Well-20,2022-08-30,8.88,8.85,8.92,archive
Well-20,2022-08-31,8.94,8.91,8.98,archive
Well-20,2022-09-01,8.99,8.96,9.03,archive
Well-20,2022-09-02,9.04,9.01,9.08,archive
Well-20,2022-09-03,9.06,9.03,9.1,archive
Well-20,2022-09-04,8.98,8.95,9.02,archive
Well-20,2022-09-05,8.97,8.94,9.01,archive
Well-20,2022-09-06,8.96,8.93,9.0,archive
Well-20,2022-09-07,8.97,8.94,9.01,archive
Well-20,2022-09-08,8.98,8.95,9.02,archive
Well-20,2022-09-09,8.92,8.89,8.96,archive
Well-20,2022-09-10,8.91,8.88,8.95,archive
Well-20,2022-09-11,8.9,8.87,8.94,archive
Well-20,2022-09-12,8.92,8.89,8.96,archive
Well-20,2022-09-13,8.97,8.94,9.01,archive
Well-20,2022-09-14,9.02,8.99,9.06,archive
Well-20,2022-09-15,9.0,8.97,9.04,archive
Well-20,2022-09-16,8.96,8.93,9.0,archive
Well-20,2022-09-17,9.04,9.01,9.08,archive
Well-20,2022-09-18,8.98,8.95,9.02,archive
Well-20,2022-09-19,8.94,8.91,8.98,archive
Well-20,2022-09-20,8.97,8.94,9.01,archive
Well-20,2022-09-21,9.03,9.0,9.07,archive
Well-20,2022-09-22,9.17,9.14,9.21,archive
Well-20,2022-09-23,9.22,9.19,9.26,archive
Well-20,2022-09-24,9.3,9.27,9.34,archive
Well-20,2022-09-25,9.35,9.32,9.39,archive
Well-20,2022-09-26,9.38,9.35,9.42,archive
Well-20,2022-09-27,9.39,9.36,9.43,archive
Well-20,2022-09-28,9.42,9.39,9.46,archive
Well-20,2022-09-29,9.39,9.36,9.43,archive
Well-20,2022-09-30,9.46,9.43,9.5,archive
Well-20,2022-10-01,9.55,9.52,9.59,archive
Well-20,2022-10-02,9.59,9.56,9.63,archive
Well-20,2022-10-03,9.63,9.6,9.67,archive
Well-20,2022-10-04,9.6,9.57,9.64,archive
Well-20,2022-10-05,9.6,9.57,9.64,archive
Well-20,2022-10-06,9.71,9.68,9.75,archive
Well-20,2022-10-07,9.71,9.68,9.75,archive
Well-20,2022-10-08,9.75,9.72,9.79,archive
Well-20,2022-10-09,9.7,9.67,9.74,archive
Well-20,2022-10-10,9.8,9.77,9.84,archive
Well-20,2022-10-11,9.83,9.8,9.87,archive
Well-20,2022-10-12,9.9,9.87,9.94,archive
Well-20,2022-10-13,9.93,9.9,9.97,archive
Well-20,2022-10-14,10.03,10.0,10.07,archive
Well-20,2022-10-15,10.05,10.02,10.09,archive
Well-20,2022-10-16,10.14,10.11,10.18,archive
Well-20,2022-10-17,10.19,10.16,10.23,archive
Well-20,2022-10-18,10.28,10.25,10.32,archive
Well-20,2022-10-19,10.27,10.24,10.31,archive
Well-20,2022-10-20,10.34,10.31,10.38,archive
Well-20,2022-10-21,10.39,10.36,10.43,archive
Well-20,2022-10-22,10.43,10.4,10.47,archive
Well-20,2022-10-23,10.49,10.46,10.53,archive
Well-20,2022-10-24,10.55,10.52,10.59,archive
Well-20,2022-10-25,10.64,10.61,10.68,archive
Well-20,2022-10-26,10.68,10.65,10.72,archive
Well-20,2022-10-27,10.64,10.61,10.68,archive
Well-20,2022-10-28,10.64,10.61,10.68,archive
Well-20,2022-10-29,10.65,10.62,10.69,archive
Well-20,2022-10-30,10.68,10.65,10.72,archive
Well-20,2022-10-31,10.75,10.72,10.79,archive
Well-20,2022-11-01,10.76,10.73,10.8,archive
Well-20,2022-11-02,10.83,10.8,10.87,archive
Well-20,2022-11-03,10.91,10.88,10.95,archive
Well-20,2022-11-04,11.0,10.97,11.04,archive
Well-20,2022-11-05,11.06,11.03,11.1,archive
Well-20,2022-11-06,11.13,11.1,11.17,archive
Well-20,2022-11-07,11.14,11.11,11.18,archive
Well-20,2022-11-08,11.15,11.12,11.19,archive
Well-20,2022-11-09,11.19,11.16,11.23,archive
Well-20,2022-11-10,11.29,11.26,11.33,archive
Well-20,2022-11-11,11.3,11.27,11.34,archive
Well-20,2022-11-12,11.44,11.41,11.48,archive
Well-20,2022-11-13,11.53,11.5,11.57,archive
Well-20,2022-11-14,11.58,11.55,11.62,archive
Well-20,2022-11-15,11.57,11.54,11.61,archive
Well-20,2022-11-16,11.58,11.55,11.62,archive
Well-20,2022-11-17,11.64,11.61,11.68,archive
Well-20,2022-11-18,11.69,11.66,11.73,archive
Well-20,2022-11-19,11.7,11.67,11.74,archive
Well-20,2022-11-20,11.73,11.7,11.77,archive
Well-20,2022-11-21,13.38,13.35,13.42,archive
Well-20,2022-11-22,11.94,11.91,11.98,archive
Well-20,2022-11-23,11.95,11.92,11.99,archive
Well-20,2022-11-24,11.97,11.94,12.01,archive
Well-20,2022-11-25,12.07,12.04,12.11,archive
Well-20,2022-11-26,12.15,12.12,12.19,archive
Well-20,2022-11-27,12.23,12.2,12.27,archive
Well-20,2022-11-28,12.23,12.2,12.27,archive
Well-20,2022-11-29,12.32,12.29,12.36,archive
Well-20,2022-11-30,12.35,12.32,12.39,archive
Well-20,2022-12-01,12.4,12.37,12.44,archive
Well-20,2022-12-02,12.42,12.39,12.46,archive
Well-20,2022-12-03,12.44,12.41,12.48,archive
Well-20,2022-12-04,12.43,12.4,12.47,archive
Well-20,2022-12-05,12.51,12.48,12.55,archive
Well-20,2022-12-06,12.62,12.59,12.66,archive
Well-20,2022-12-07,12.65,12.62,12.69,archive
Well-20,2022-12-08,12.72,12.69,12.76,archive
Well-20,2022-12-09,12.72,12.69,12.76,archive
Well-20,2022-12-10,12.82,12.79,12.86,archive
Well-20,2022-12-11,12.85,12.82,12.89,archive
Well-20,2022-12-12,12.87,12.84,12.91,archive
Well-20,2022-12-13,13.01,12.98,13.05,archive
Well-20,2022-12-14,13.11,13.08,13.15,archive
Well-20,2022-12-15,13.17,13.14,13.21,archive
Well-20,2022-12-16,13.26,13.23,13.3,archive
Well-20,2022-12-17,13.35,13.32,13.39,archive
Well-20,2022-12-18,13.34,13.31,13.38,archive
Well-20,2022-12-19,13.37,13.34,13.41,archive
Well-20,2022-12-20,13.5,13.47,13.54,archive
Well-20,2022-12-21,13.54,13.51,13.58,archive
Well-20,2022-12-22,13.57,13.54,13.61,archive
Well-20,2022-12-23,13.6,13.57,13.64,archive
Well-20,2022-12-24,13.58,13.55,13.62,archive
Well-20,2022-12-25,13.66,13.63,13.7,archive
Well-20,2022-12-26,13.78,13.75,13.82,archive
Well-20,2022-12-27,13.84,13.81,13.88,archive
Well-20,2022-12-28,13.88,13.85,13.92,archive
Well-20,2022-12-29,13.93,13.9,13.97,archive
Well-20,2022-12-30,13.99,13.96,14.03,archive
Well-20,2022-12-31,14.06,14.03,14.1,archive
Well-20,2023-01-01,14.13,14.1,14.17,archive
Well-20,2023-01-02,14.25,14.22,14.29,archive
Well-20,2023-01-03,14.28,14.25,14.32,archive
Well-20,2023-01-04,14.33,14.3,14.37,archive
Well-20,2023-01-05,14.37,14.34,14.41,archive
Well-20,2023-01-06,14.34,14.31,14.38,archive
Well-20,2023-01-07,14.41,14.38,14.45,archive
Well-20,2023-01-08,14.38,14.35,14.42,archive
Well-20,2023-01-09,14.57,14.54,14.61,archive
Well-20,2023-01-10,14.62,14.59,14.66,archive
Well-20,2023-01-11,14.65,14.62,14.69,archive
Well-20,2023-01-12,14.71,14.68,14.75,archive
Well-20,2023-01-13,14.74,14.71,14.78,archive
Well-20,2023-01-14,14.73,14.7,14.77,archive
Well-20,2023-01-15,14.74,14.71,14.78,archive
Well-20,2023-01-16,14.86,14.83,14.9,archive
Well-20,2023-01-17,14.81,14.78,14.85,archive
Well-20,2023-01-18,14.85,14.82,14.89,archive
Well-20,2023-01-19,14.89,14.86,14.93,archive
Well-20,2023-01-20,14.92,14.89,14.96,archive
Well-20,2023-01-21,14.97,14.94,15.01,archive
Well-20,2023-01-22,14.96,14.93,15.0,archive
Well-20,2023-01-23,14.99,14.96,15.03,archive
Well-20,2023-01-24,15.04,15.01,15.08,archive
Well-20,2023-01-25,15.05,15.02,15.09,archive
Well-20,2023-01-26,15.04,15.01,15.08,archive
Well-20,2023-01-27,15.04,15.01,15.08,archive
Well-20,2023-01-28,15.07,15.04,15.11,archive
Well-20,2023-01-29,15.06,15.03,15.1,archive
Well-20,2023-01-30,15.07,15.04,15.11,archive
Well-20,2023-01-31,15.19,15.16,15.23,archive
Well-20,2023-02-01,15.24,15.21,15.28,archive
Well-20,2023-02-02,15.28,15.25,15.32,archive
Well-20,2023-02-03,15.27,15.24,15.31,archive
Well-20,2023-02-04,15.26,15.23,15.3,archive
Well-20,2023-02-05,15.28,15.25,15.32,archive
Well-20,2023-02-06,15.22,15.19,15.26,archive
Well-20,2023-02-07,15.22,15.19,15.26,archive
Well-20,2023-02-08,15.2,15.17,15.24,archive
Well-20,2023-02-09,15.29,15.26,15.33,archive
Well-20,2023-02-10,15.22,15.19,15.26,archive
Well-20,2023-02-11,15.19,15.16,15.23,archive
Well-20,2023-02-12,15.18,15.15,15.22,archive
Well-20,2023-02-13,16.63,16.6,16.67,archive
Well-20,2023-02-14,15.13,15.1,15.17,archive
Well-20,2023-02-15,15.16,15.13,15.2,archive
Well-20,2023-02-16,15.18,15.15,15.22,archive
Well-20,2023-02-17,15.18,15.15,15.22,archive
Well-20,2023-02-18,15.18,15.15,15.22,archive
Well-20,2023-02-19,15.22,15.19,15.26,archive
Well-20,2023-02-20,15.21,15.18,15.25,archive
Well-20,2023-02-21,15.23,15.2,15.27,archive
Well-20,2023-02-22,15.27,15.24,15.31,archive
Well-20,2023-02-23,15.25,15.22,15.29,archive
Well-20,2023-02-24,15.26,15.23,15.3,archive
Well-20,2023-02-25,15.11,15.08,15.15,archive
Well-20,2023-02-26,15.16,15.13,15.2,archive
Well-20,2023-02-27,15.2,15.17,15.24,archive
Well-20,2023-02-28,15.29,15.26,15.33,archive
Well-20,2023-03-01,15.26,15.23,15.3,archive
Well-20,2023-03-02,15.21,15.18,15.25,archive
Well-20,2023-03-03,15.18,15.15,15.22,archive
Well-20,2023-03-04,15.16,15.13,15.2,archive
Well-20,2023-03-05,15.14,15.11,15.18,archive
Well-20,2023-03-06,15.21,15.18,15.25,archive
Well-20,2023-03-07,15.18,15.15,15.22,archive
Well-20,2023-03-08,15.22,15.19,15.26,archive
Well-20,2023-03-09,15.26,15.23,15.3,archive
Well-20,2023-03-10,15.2,15.17,15.24,archive
Well-20,2023-03-11,15.21,15.18,15.25,archive
Well-20,2023-03-12,15.28,15.25,15.32,archive
Well-20,2023-03-13,15.28,15.25,15.32,archive
Well-20,2023-03-14,15.24,15.21,15.28,archive
Well-20,2023-03-15,15.28,15.25,15.32,archive
Well-20,2023-03-16,15.19,15.16,15.23,archive
Well-20,2023-03-17,15.18,15.15,15.22,archive
Well-20,2023-03-18,15.18,15.15,15.22,archive
Well-20,2023-03-19,15.11,15.08,15.15,archive
Well-20,2023-03-20,15.05,15.02,15.09,archive
Well-20,2023-03-21,14.99,14.96,15.03,archive
Well-20,2023-03-22,14.99,14.96,15.03,archive
Well-20,2023-03-23,14.92,14.89,14.96,archive
Well-20,2023-03-24,14.86,14.83,14.9,archive
Well-20,2023-03-25,14.77,14.74,14.81,archive
Well-20,2023-03-26,14.69,14.66,14.73,archive
Well-20,2023-03-27,14.62,14.59,14.66,archive
Well-20,2023-03-28,14.58,14.55,14.62,archive
Well-20,2023-03-29,14.51,14.48,14.55,archive
Well-20,2023-03-30,14.48,14.45,14.52,archive
Well-20,2023-03-31,14.5,14.47,14.54,archive
Well-20,2023-04-01,14.55,14.52,14.59,archive
Well-20,2023-04-02,14.55,14.52,14.59,archive
Well-20,2023-04-03,14.58,14.55,14.62,archive
Well-20,2023-04-04,14.58,14.55,14.62,archive
Well-20,2023-04-05,14.56,14.53,14.6,archive
Well-20,2023-04-06,14.44,14.41,14.48,archive
Well-20,2023-04-07,14.48,14.45,14.52,archive
Well-20,2023-04-08,14.34,14.31,14.38,archive
Well-20,2023-04-09,14.3,14.27,14.34,archive
Well-20,2023-04-10,14.29,14.26,14.33,archive
Well-20,2023-04-11,14.23,14.2,14.27,archive
Well-20,2023-04-12,14.26,14.23,14.3,archive
Well-20,2023-04-13,14.17,14.14,14.21,archive
Well-20,2023-04-14,14.11,14.08,14.15,archive
Well-20,2023-04-15,14.14,14.11,14.18,archive
Well-20,2023-04-16,14.05,14.02,14.09,archive
Well-20,2023-04-17,14.07,14.04,14.11,archive
Well-20,2023-04-18,14.0,13.97,14.04,archive
Well-20,2023-04-19,13.94,13.91,13.98,archive
Well-20,2023-04-20,13.91,13.88,13.95,archive
Well-20,2023-04-21,13.87,13.84,13.91,archive
Well-20,2023-04-22,13.76,13.73,13.8,archive
Well-20,2023-04-23,13.78,13.75,13.82,archive
Well-20,2023-04-24,13.69,13.66,13.73,archive
Well-20,2023-04-25,13.68,13.65,13.72,archive
Well-20,2023-04-26,13.66,13.63,13.7,archive
Well-20,2023-04-27,13.58,13.55,13.62,archive
Well-20,2023-04-28,13.6,13.57,13.64,archive
Well-20,2023-04-29,13.59,13.56,13.63,archive
Well-20,2023-04-30,13.49,13.46,13.53,archive
Well-20,2023-05-01,13.45,13.42,13.49,archive
Well-20,2023-05-02,13.34,13.31,13.38,archive
Well-20,2023-05-03,13.31,13.28,13.35,archive
Well-20,2023-05-04,13.21,13.18,13.25,archive
Well-20,2023-05-05,13.19,13.16,13.23,archive
Well-20,2023-05-06,13.18,13.15,13.22,archive
Well-20,2023-05-07,13.07,13.04,13.11,archive
Well-20,2023-05-08,13.12,13.09,13.16,archive
Well-20,2023-05-09,13.03,13.0,13.07,archive
Well-20,2023-05-10,12.99,12.96,13.03,archive
Well-20,2023-05-11,13.02,12.99,13.06,archive
Well-20,2023-05-12,12.9,12.87,12.94,archive
Well-20,2023-05-13,12.87,12.84,12.91,archive
Well-20,2023-05-14,12.72,12.69,12.76,archive
Well-20,2023-05-15,12.62,12.59,12.66,archive
Well-20,2023-05-16,12.59,12.56,12.63,archive
Well-20,2023-05-17,12.56,12.53,12.6,archive
Well-20,2023-05-18,12.62,12.59,12.66,archive
Well-20,2023-05-19,12.45,12.42,12.49,archive
Well-20,2023-05-20,12.47,12.44,12.51,archive
Well-20,2023-05-21,12.49,12.46,12.53,archive
Well-20,2023-05-22,12.5,12.47,12.54,archive
Well-20,2023-05-23,12.41,12.38,12.45,archive
Well-20,2023-05-24,12.41,12.38,12.45,archive
Well-20,2023-05-25,12.38,12.35,12.42,archive
Well-20,2023-05-26,12.33,12.3,12.37,archive
Well-20,2023-05-27,12.26,12.23,12.3,archive
Well-20,2023-05-28,12.23,12.2,12.27,archive
Well-20,2023-05-29,12.18,12.15,12.22,archive
Well-20,2023-05-30,12.08,12.05,12.12,archive
Well-20,2023-05-31,11.99,11.96,12.03,archive
Well-20,2023-06-01,11.88,11.85,11.92,archive
Well-20,2023-06-02,11.82,11.79,11.86,archive
Well-20,2023-06-03,11.78,11.75,11.82,archive
Well-20,2023-06-04,11.67,11.64,11.71,archive
Well-20,2023-06-05,11.63,11.6,11.67,archive
Well-20,2023-06-06,11.58,11.55,11.62,archive
Well-20,2023-06-07,11.54,11.51,11.58,archive
Well-20,2023-06-08,11.48,11.45,11.52,archive
Well-20,2023-06-09,11.46,11.43,11.5,archive
Well-20,2023-06-10,11.36,11.33,11.4,archive
Well-20,2023-06-11,11.28,11.25,11.32,archive
Well-20,2023-06-12,11.21,11.18,11.25,archive
Well-20,2023-06-13,11.16,11.13,11.2,archive
Well-20,2023-06-14,11.14,11.11,11.18,archive
Well-20,2023-06-15,11.07,11.04,11.11,archive
Well-20,2023-06-16,10.98,10.95,11.02,archive
Well-20,2023-06-17,10.92,10.89,10.96,archive
Well-20,2023-06-18,10.9,10.87,10.94,archive
Well-20,2023-06-19,10.8,10.77,10.84,archive
Well-20,2023-06-20,10.85,10.82,10.89,archive
Well-20,2023-06-21,10.8,10.77,10.84,archive
Well-20,2023-06-22,10.68,10.65,10.72,archive
Well-20,2023-06-23,10.71,10.68,10.75,archive
Well-20,2023-06-24,10.69,10.66,10.73,archive
Well-20,2023-06-25,10.65,10.62,10.69,archive
Well-20,2023-06-26,10.62,10.59,10.66,archive
Well-20,2023-06-27,10.58,10.55,10.62,archive
Well-20,2023-06-28,10.56,10.53,10.6,archive
Well-20,2023-06-29,10.49,10.46,10.53,archive
Well-20,2023-06-30,10.43,10.4,10.47,archive
Well-20,2023-07-01,10.29,10.26,10.33,archive
Well-20,2023-07-02,10.28,10.25,10.32,archive
Well-20,2023-07-03,10.22,10.19,10.26,archive
Well-20,2023-07-04,10.16,10.13,10.2,archive
Well-20,2023-07-05,10.24,10.21,10.28,archive
Well-20,2023-07-06,10.16,10.13,10.2,archive
Well-20,2023-07-07,10.07,10.04,10.11,archive
Well-20,2023-07-08,10.07,10.04,10.11,archive
Well-20,2023-07-09,10.08,10.05,10.12,archive
Well-20,2023-07-10,10.01,9.98,10.05,archive
Well-20,2023-07-11,9.95,9.92,9.99,archive
Well-20,2023-07-12,9.8,9.77,9.84,archive
Well-20,2023-07-13,9.72,9.69,9.76,archive
Well-20,2023-07-14,9.7,9.67,9.74,archive
Well-20,2023-07-15,9.65,9.62,9.69,archive
Well-20,2023-07-16,9.66,9.63,9.7,archive
Well-20,2023-07-17,9.65,9.62,9.69,archive
Well-20,2023-07-18,9.56,9.53,9.6,archive
Well-20,2023-07-19,9.54,9.51,9.58,archive
Well-20,2023-07-20,9.4,9.37,9.44,archive
Well-20,2023-07-21,9.41,9.38,9.45,archive
Well-20,2023-07-22,9.38,9.35,9.42,archive
Well-20,2023-07-23,9.38,9.35,9.42,archive
Well-20,2023-07-24,9.36,9.33,9.4,archive
Well-20,2023-07-25,9.4,9.37,9.44,archive
Well-20,2023-07-26,9.32,9.29,9.36,archive
Well-20,2023-07-27,9.31,9.28,9.35,archive
Well-20,2023-07-28,9.36,9.33,9.4,archive
Well-20,2023-07-29,9.35,9.32,9.39,archive
Well-20,2023-07-30,9.34,9.31,9.38,archive
Well-20,2023-07-31,9.31,9.28,9.35,archive
Well-20,2023-08-01,9.2,9.17,9.24,archive
Well-20,2023-08-02,9.23,9.2,9.27,archive
Well-20,2023-08-03,9.09,9.06,9.13,archive
Well-20,2023-08-04,9.04,9.01,9.08,archive
Well-20,2023-08-05,9.01,8.98,9.05,archive
Well-20,2023-08-06,8.99,8.96,9.03,archive
Well-20,2023-08-07,8.92,8.89,8.96,archive
Well-20,2023-08-08,8.86,8.83,8.9,archive
Well-20,2023-08-09,8.84,8.81,8.88,archive
Well-20,2023-08-10,8.86,8.83,8.9,archive
Well-20,2023-08-11,8.82,8.79,8.86,archive
Well-20,2023-08-12,8.82,8.79,8.86,archive
Well-20,2023-08-13,8.8,8.77,8.84,archive
Well-20,2023-08-14,8.79,8.76,8.83,archive
Well-20,2023-08-15,8.74,8.71,8.78,archive
Well-20,2023-08-16,8.81,8.78,8.85,archive
Well-20,2023-08-17,8.77,8.74,8.81,archive
Well-20,2023-08-18,8.75,8.72,8.79,archive
Well-20,2023-08-19,8.85,8.82,8.89,archive
Well-20,2023-08-20,8.83,8.8,8.87,archive
Well-20,2023-08-21,8.85,8.82,8.89,archive
Well-20,2023-08-22,8.87,8.84,8.91,archive
Well-20,2023-08-23,8.92,8.89,8.96,archive
Well-20,2023-08-24,8.98,8.95,9.02,archive
Well-20,2023-08-25,8.96,8.93,9.0,archive
Well-20,2023-08-26,8.9,8.87,8.94,archive
Well-20,2023-08-27,8.96,8.93,9.0,archive
Well-20,2023-08-28,8.85,8.82,8.89,archive
Well-20,2023-08-29,8.84,8.81,8.88,archive
Well-20,2023-08-30,8.86,8.83,8.9,archive
Well-20,2023-08-31,8.87,8.84,8.91,archive
Well-20,2023-09-01,8.82,8.79,8.86,archive
Well-20,2023-09-02,8.76,8.73,8.8,archive
Well-20,2023-09-03,8.79,8.76,8.83,archive
Well-20,2023-09-04,8.82,8.79,8.86,archive
Well-20,2023-09-05,8.74,8.71,8.78,archive
Well-20,2023-09-06,8.71,8.68,8.75,archive
Well-20,2023-09-07,8.75,8.72,8.79,archive
Well-20,2023-09-08,8.84,8.81,8.88,archive
Well-20,2023-09-09,8.87,8.84,8.91,archive
Well-20,2023-09-10,8.93,8.9,8.97,archive
Well-20,2023-09-11,8.96,8.93,9.0,archive
Well-20,2023-09-12,8.92,8.89,8.96,archive
Well-20,2023-09-13,8.95,8.92,8.99,archive
Well-20,2023-09-14,8.93,8.9,8.97,archive
Well-20,2023-09-15,8.96,8.93,9.0,archive
Well-20,2023-09-16,8.98,8.95,9.02,archive
Well-20,2023-09-17,9.08,9.05,9.12,archive
Well-20,2023-09-18,9.13,9.1,9.17,archive
Well-20,2023-09-19,9.13,9.1,9.17,archive
Well-20,2023-09-20,9.12,9.09,9.16,archive
Well-20,2023-09-21,9.21,9.18,9.25,archive
Well-20,2023-09-22,9.22,9.19,9.26,archive
Well-20,2023-09-23,9.28,9.25,9.32,archive
Well-20,2023-09-24,9.36,9.33,9.4,archive
Well-20,2023-09-25,9.34,9.31,9.38,archive
Well-20,2023-09-26,9.38,9.35,9.42,archive
Well-20,2023-09-27,9.39,9.36,9.43,archive
Well-20,2023-09-28,9.43,9.4,9.47,archive
Well-20,2023-09-29,9.44,9.41,9.48,archive
Well-20,2023-09-30,9.44,9.41,9.48,archive
Well-20,2023-10-01,9.5,9.47,9.54,archive
Well-20,2023-10-02,9.55,9.52,9.59,archive
Well-20,2023-10-03,9.51,9.48,9.55,archive
Well-20,2023-10-04,9.51,9.48,9.55,archive
Well-20,2023-10-05,9.57,9.54,9.61,archive
Well-20,2023-10-06,9.59,9.56,9.63,archive
Well-20,2023-10-07,9.69,9.66,9.73,archive
Well-20,2023-10-08,9.78,9.75,9.82,archive
Well-20,2023-10-09,9.79,9.76,9.83,archive
Well-20,2023-10-10,9.84,9.81,9.88,archive
Well-20,2023-10-11,9.96,9.93,10.0,archive
Well-20,2023-10-12,9.95,9.92,9.99,archive
Well-20,2023-10-13,9.93,9.9,9.97,archive
Well-20,2023-10-14,9.93,9.9,9.97,archive
Well-20,2023-10-15,9.93,9.9,9.97,archive
Well-20,2023-10-16,9.91,9.88,9.95,archive
Well-20,2023-10-17,10.03,10.0,10.07,archive
Well-20,2023-10-18,9.97,9.94,10.01,archive
Well-20,2023-10-19,9.99,9.96,10.03,archive
Well-20,2023-10-20,10.02,9.99,10.06,archive
Well-20,2023-10-21,10.12,10.09,10.16,archive
Well-20,2023-10-22,10.19,10.16,10.23,archive
Well-20,2023-10-23,10.22,10.19,10.26,archive
Well-20,2023-10-24,10.34,10.31,10.38,archive
Well-20,2023-10-25,10.43,10.4,10.47,archive
Well-20,2023-10-26,10.5,10.47,10.54,archive
Well-20,2023-10-27,10.63,10.6,10.67,archive
Well-20,2023-10-28,10.68,10.65,10.72,archive
Well-20,2023-10-29,10.74,10.71,10.78,archive
Well-20,2023-10-30,10.8,10.77,10.84,archive
Well-20,2023-10-31,10.74,10.71,10.78,archive
Well-20,2023-11-01,10.8,10.77,10.84,archive
Well-20,2023-11-02,10.84,10.81,10.88,archive
Well-20,2023-11-03,10.8,10.77,10.84,archive
Well-20,2023-11-04,10.77,10.74,10.81,archive
Well-20,2023-11-05,10.89,10.86,10.93,archive
Well-20,2023-11-06,10.91,10.88,10.95,archive
Well-20,2023-11-07,10.98,10.95,11.02,archive
Well-20,2023-11-08,10.96,10.93,11.0,archive
Well-20,2023-11-09,11.99,11.96,12.03,archive
Well-20,2023-11-10,11.19,11.16,11.23,archive
Well-20,2023-11-11,11.21,11.18,11.25,archive
Well-20,2023-11-12,11.36,11.33,11.4,archive
Well-20,2023-11-13,11.43,11.4,11.47,archive
Well-20,2023-11-14,11.51,11.48,11.55,archive
Well-20,2023-11-15,11.58,11.55,11.62,archive
Well-20,2023-11-16,11.63,11.6,11.67,archive
Well-20,2023-11-17,11.68,11.65,11.72,archive
Well-20,2023-11-18,11.72,11.69,11.76,archive
Well-20,2023-11-19,11.79,11.76,11.83,archive
Well-20,2023-11-20,11.91,11.88,11.95,archive
Well-20,2023-11-21,12.01,11.98,12.05,archive
Well-20,2023-11-22,12.03,12.0,12.07,archive
Well-20,2023-11-23,12.05,12.02,12.09,archive
Well-20,2023-11-24,12.11,12.08,12.15,archive
Well-20,2023-11-25,12.23,12.2,12.27,archive
Well-20,2023-11-26,12.28,12.25,12.32,archive
Well-20,2023-11-27,12.32,12.29,12.36,archive
Well-20,2023-11-28,12.37,12.34,12.41,archive
Well-20,2023-11-29,12.49,12.46,12.53,archive
Well-20,2023-11-30,12.56,12.53,12.6,archive
Well-20,2023-12-01,12.57,12.54,12.61,archive
Well-20,2023-12-02,12.64,12.61,12.68,archive
Well-20,2023-12-03,12.79,12.76,12.83,archive
Well-20,2023-12-04,12.79,12.76,12.83,archive
Well-20,2023-12-05,12.81,12.78,12.85,archive
Well-20,2023-12-06,12.89,12.86,12.93,archive
Well-20,2023-12-07,12.96,12.93,13.0,archive
Well-20,2023-12-08,12.96,12.93,13.0,archive
Well-20,2023-12-09,13.0,12.97,13.04,archive
Well-20,2023-12-10,13.12,13.09,13.16,archive
Well-20,2023-12-11,13.18,13.15,13.22,archive
Well-20,2023-12-12,13.29,13.26,13.33,archive
Well-20,2023-12-13,13.31,13.28,13.35,archive
Well-20,2023-12-14,13.39,13.36,13.43,archive
Well-20,2023-12-15,13.46,13.43,13.5,archive
Well-20,2023-12-16,13.51,13.48,13.55,archive
Well-20,2023-12-17,13.51,13.48,13.55,archive
Well-20,2023-12-18,13.55,13.52,13.59,archive
Well-20,2023-12-19,13.64,13.61,13.68,archive
Well-20,2023-12-20,13.7,13.67,13.74,archive
Well-20,2023-12-21,13.68,13.65,13.72,archive
Well-20,2023-12-22,14.8,14.77,14.84,archive
Well-20,2023-12-23,13.64,13.61,13.68,archive
Well-20,2023-12-24,13.79,13.76,13.83,archive
Well-20,2023-12-25,13.82,13.79,13.86,archive
Well-20,2023-12-26,13.89,13.86,13.93,archive
Well-20,2023-12-27,13.87,13.84,13.91,archive
Well-20,2023-12-28,13.94,13.91,13.98,archive
Well-20,2023-12-29,14.05,14.02,14.09,archive
Well-20,2023-12-30,14.08,14.05,14.12,archive
Well-20,2023-12-31,14.11,14.08,14.15,archive
Well-20,2024-01-01,15.58,15.55,15.62,archive
Well-20,2024-01-02,14.29,14.26,14.33,archive
Well-20,2024-01-03,14.3,14.27,14.34,archive
Well-20,2024-01-04,14.36,14.33,14.4,archive
Well-20,2024-01-05,14.39,14.36,14.43,archive
Well-20,2024-01-06,14.43,14.4,14.47,archive
Well-20,2024-01-07,14.46,14.43,14.5,archive
Well-20,2024-01-08,14.6,14.57,14.64,archive
Well-20,2024-01-09,14.66,14.63,14.7,archive
Well-20,2024-01-10,14.67,14.64,14.71,archive
Well-20,2024-01-11,14.68,14.65,14.72,archive
Well-20,2024-01-12,14.68,14.65,14.72,archive
Well-20,2024-01-13,14.66,14.63,14.7,archive
Well-20,2024-01-14,14.78,14.75,14.82,archive
Well-20,2024-01-15,14.75,14.72,14.79,archive
Well-20,2024-01-16,14.8,14.77,14.84,archive
Well-20,2024-01-17,14.9,14.87,14.94,archive
Well-20,2024-01-18,14.95,14.92,14.99,archive
Well-20,2024-01-19,15.0,14.97,15.04,archive
Well-20,2024-01-20,16.66,16.63,16.7,archive
Well-20,2024-01-21,15.1,15.07,15.14,archive
Well-20,2024-01-22,15.07,15.04,15.11,archive
Well-20,2024-01-23,15.05,15.02,15.09,archive
Well-20,2024-01-24,15.07,15.04,15.11,archive
Well-20,2024-01-25,15.12,15.09,15.16,archive
Well-20,2024-01-26,15.17,15.14,15.21,archive
Well-20,2024-01-27,15.2,15.17,15.24,archive
Well-20,2024-01-28,15.23,15.2,15.27,archive
Well-20,2024-01-29,15.23,15.2,15.27,archive
Well-20,2024-01-30,15.22,15.19,15.26,archive
Well-20,2024-01-31,15.19,15.16,15.23,archive
Well-20,2024-02-01,15.25,15.22,15.29,archive
Well-20,2024-02-02,15.29,15.26,15.33,archive
Well-20,2024-02-03,15.29,15.26,15.33,archive
Well-20,2024-02-04,15.37,15.34,15.41,archive
Well-20,2024-02-05,15.42,15.39,15.46,archive
Well-20,2024-02-06,15.4,15.37,15.44,archive
Well-20,2024-02-07,15.39,15.36,15.43,archive
Well-20,2024-02-08,15.28,15.25,15.32,archive
Well-20,2024-02-09,15.27,15.24,15.31,archive
Well-20,2024-02-10,15.28,15.25,15.32,archive
Well-20,2024-02-11,15.34,15.31,15.38,archive
Well-20,2024-02-12,15.38,15.35,15.42,archive
Well-20,2024-02-13,15.33,15.3,15.37,archive
Well-20,2024-02-14,15.38,15.35,15.42,archive
Well-20,2024-02-15,15.37,15.34,15.41,archive
Well-20,2024-02-16,15.4,15.37,15.44,archive
Well-20,2024-02-17,15.45,15.42,15.49,archive
Well-20,2024-02-18,15.45,15.42,15.49,archive
Well-20,2024-02-19,15.53,15.5,15.57,archive
Well-20,2024-02-20,15.53,15.5,15.57,archive
Well-20,2024-02-21,15.5,15.47,15.54,archive
Well-20,2024-02-22,15.5,15.47,15.54,archive
Well-20,2024-02-23,15.51,15.48,15.55,archive
Well-20,2024-02-24,15.44,15.41,15.48,archive
Well-20,2024-02-25,15.4,15.37,15.44,archive
Well-20,2024-02-26,15.4,15.37,15.44,archive
Well-20,2024-02-27,15.33,15.3,15.37,archive
Well-20,2024-02-28,15.36,15.33,15.4,archive
Well-20,2024-02-29,15.37,15.34,15.41,archive
Well-20,2024-03-01,15.41,15.38,15.45,archive
Well-20,2024-03-02,15.41,15.38,15.45,archive
Well-20,2024-03-03,15.46,15.43,15.5,archive
Well-20,2024-03-04,15.45,15.42,15.49,archive
Well-20,2024-03-05,15.42,15.39,15.46,archive
Well-20,2024-03-06,15.43,15.4,15.47,archive
Well-20,2024-03-07,15.41,15.38,15.45,archive
Well-20,2024-03-08,15.36,15.33,15.4,archive
Well-20,2024-03-09,15.38,15.35,15.42,archive
Well-20,2024-03-10,15.42,15.39,15.46,archive
Well-20,2024-03-11,15.39,15.36,15.43,archive
Well-20,2024-03-12,15.4,15.37,15.44,archive
Well-20,2024-03-13,15.41,15.38,15.45,archive
Well-20,2024-03-14,15.34,15.31,15.38,archive
Well-20,2024-03-15,15.29,15.26,15.33,archive
Well-20,2024-03-16,15.24,15.21,15.28,archive
Well-20,2024-03-17,15.24,15.21,15.28,archive
Well-20,2024-03-18,15.3,15.27,15.34,archive
Well-20,2024-03-19,15.29,15.26,15.33,archive
Well-20,2024-03-20,15.3,15.27,15.34,archive
Well-20,2024-03-21,15.2,15.17,15.24,archive
Well-20,2024-03-22,15.21,15.18,15.25,archive
Well-20,2024-03-23,15.08,15.05,15.12,archive
Well-20,2024-03-24,15.06,15.03,15.1,archive
Well-20,2024-03-25,15.09,15.06,15.13,archive
Well-20,2024-03-26,16.05,16.02,16.09,archive
Well-20,2024-03-27,15.06,15.03,15.1,archive
Well-20,2024-03-28,14.98,14.95,15.02,archive
Well-20,2024-03-29,14.96,14.93,15.0,archive
Well-20,2024-03-30,15.02,14.99,15.06,archive
Well-20,2024-03-31,14.96,14.93,15.0,archive
Well-20,2024-04-01,14.89,14.86,14.93,archive
Well-20,2024-04-02,14.87,14.84,14.91,archive
Well-20,2024-04-03,14.84,14.81,14.88,archive
Well-20,2024-04-04,14.81,14.78,14.85,archive
Well-20,2024-04-05,14.76,14.73,14.8,archive
Well-20,2024-04-06,14.73,14.7,14.77,archive
Well-20,2024-04-07,14.64,14.61,14.68,archive
Well-20,2024-04-08,14.66,14.63,14.7,archive
Well-20,2024-04-09,14.51,14.48,14.55,archive
Well-20,2024-04-10,14.47,14.44,14.51,archive
Well-20,2024-04-11,14.5,14.47,14.54,archive
Well-20,2024-04-12,14.39,14.36,14.43,archive
Well-20,2024-04-13,14.37,14.34,14.41,archive
Well-20,2024-04-14,14.3,14.27,14.34,archive
Well-20,2024-04-15,14.26,14.23,14.3,archive
Well-20,2024-04-16,14.1,14.07,14.14,archive
Well-20,2024-04-17,14.1,14.07,14.14,archive
Well-20,2024-04-18,13.99,13.96,14.03,archive
Well-20,2024-04-19,13.97,13.94,14.01,archive
Well-20,2024-04-20,13.9,13.87,13.94,archive
Well-20,2024-04-21,13.89,13.86,13.93,archive
Well-20,2024-04-22,13.88,13.85,13.92,archive
Well-20,2024-04-23,13.88,13.85,13.92,archive
Well-20,2024-04-24,13.86,13.83,13.9,archive
Well-20,2024-04-25,13.84,13.81,13.88,archive
Well-20,2024-04-26,13.77,13.74,13.81,archive
Well-20,2024-04-27,13.82,13.79,13.86,archive
Well-20,2024-04-28,13.74,13.71,13.78,archive
Well-20,2024-04-29,13.59,13.56,13.63,archive
Well-20,2024-04-30,13.52,13.49,13.56,archive
Well-20,2024-05-01,13.43,13.4,13.47,archive
Well-20,2024-05-02,13.4,13.37,13.44,archive
Well-20,2024-05-03,13.44,13.41,13.48,archive
Well-20,2024-05-04,13.36,13.33,13.4,archive
Well-20,2024-05-05,13.35,13.32,13.39,archive
Well-20,2024-05-06,13.32,13.29,13.36,archive
Well-20,2024-05-07,13.28,13.25,13.32,archive
Well-20,2024-05-08,13.24,13.21,13.28,archive
Well-20,2024-05-09,13.17,13.14,13.21,archive
Well-20,2024-05-10,13.08,13.05,13.12,archive
Well-20,2024-05-11,12.98,12.95,13.02,archive
Well-20,2024-05-12,12.93,12.9,12.97,archive
Well-20,2024-05-13,12.88,12.85,12.92,archive
Well-20,2024-05-14,12.81,12.78,12.85,archive
Well-20,2024-05-15,12.84,12.81,12.88,archive
Well-20,2024-05-16,12.82,12.79,12.86,archive
Well-20,2024-05-17,12.74,12.71,12.78,archive
Well-20,2024-05-18,12.7,12.67,12.74,archive
Well-20,2024-05-19,12.53,12.5,12.57,archive
Well-20,2024-05-20,12.51,12.48,12.55,archive
Well-20,2024-05-21,12.45,12.42,12.49,archive
Well-20,2024-05-22,12.42,12.39,12.46,archive
Well-20,2024-05-23,12.42,12.39,12.46,archive
Well-20,2024-05-24,12.42,12.39,12.46,archive
Well-20,2024-05-25,12.32,12.29,12.36,archive
Well-20,2024-05-26,12.29,12.26,12.33,archive
Well-20,2024-05-27,12.19,12.16,12.23,archive
Well-20,2024-05-28,12.06,12.03,12.1,archive
Well-20,2024-05-29,12.01,11.98,12.05,archive
Well-20,2024-05-30,11.88,11.85,11.92,archive
Well-20,2024-05-31,11.82,11.79,11.86,archive
Well-20,2024-06-01,11.93,11.9,11.97,archive
Well-20,2024-06-02,11.74,11.71,11.78,archive
Well-20,2024-06-03,11.72,11.69,11.76,archive
Well-20,2024-06-04,11.65,11.62,11.69,archive
Well-20,2024-06-05,11.57,11.54,11.61,archive
Well-20,2024-06-06,11.58,11.55,11.62,archive
Well-20,2024-06-07,11.56,11.53,11.6,archive
Well-20,2024-06-08,11.49,11.46,11.53,archive
Well-20,2024-06-09,11.49,11.46,11.53,archive
Well-20,2024-06-10,11.38,11.35,11.42,archive
Well-20,2024-06-11,11.35,11.32,11.39,archive
Well-20,2024-06-12,11.32,11.29,11.36,archive
Well-20,2024-06-13,11.26,11.23,11.3,archive
Well-20,2024-06-14,11.14,11.11,11.18,archive
Well-20,2024-06-15,11.13,11.1,11.17,archive
Well-20,2024-06-16,11.01,10.98,11.05,archive
Well-20,2024-06-17,10.96,10.93,11.0,archive
Well-20,2024-06-18,10.96,10.93,11.0,archive
Well-20,2024-06-19,10.87,10.84,10.91,archive
Well-20,2024-06-20,10.84,10.81,10.88,archive
Well-20,2024-06-21,10.82,10.79,10.86,archive
Well-20,2024-06-22,10.71,10.68,10.75,archive
Well-20,2024-06-23,10.57,10.54,10.61,archive
Well-20,2024-06-24,10.58,10.55,10.62,archive
Well-20,2024-06-25,10.5,10.47,10.54,archive
Well-20,2024-06-26,10.38,10.35,10.42,archive
Well-20,2024-06-27,10.36,10.33,10.4,archive
Well-20,2024-06-28,10.28,10.25,10.32,archive
Well-20,2024-06-29,10.24,10.21,10.28,archive
Well-20,2024-06-30,10.21,10.18,10.25,archive
Well-20,2024-07-01,10.17,10.14,10.21,archive
Well-20,2024-07-02,10.08,10.05,10.12,archive
Well-20,2024-07-03,10.15,10.12,10.19,archive
Well-20,2024-07-04,10.09,10.06,10.13,archive
Well-20,2024-07-05,10.09,10.06,10.13,archive
Well-20,2024-07-06,10.03,10.0,10.07,archive
Well-20,2024-07-07,9.9,9.87,9.94,archive
Well-20,2024-07-08,9.86,9.83,9.9,archive
Well-20,2024-07-09,9.8,9.77,9.84,archive
Well-20,2024-07-10,9.83,9.8,9.87,archive
Well-20,2024-07-11,9.75,9.72,9.79,archive
Well-20,2024-07-12,9.72,9.69,9.76,archive
Well-20,2024-07-13,9.69,9.66,9.73,archive
Well-20,2024-07-14,9.67,9.64,9.71,archive
Well-20,2024-07-15,9.67,9.64,9.71,archive
Well-20,2024-07-16,9.64,9.61,9.68,archive
Well-20,2024-07-17,9.58,9.55,9.62,archive
Well-20,2024-07-18,9.6,9.57,9.64,archive
Well-20,2024-07-19,9.55,9.52,9.59,archive
Well-20,2024-07-20,9.61,9.58,9.65,archive
Well-20,2024-07-21,9.59,9.56,9.63,archive
Well-20,2024-07-22,9.58,9.55,9.62,archive
Well-20,2024-07-23,9.5,9.47,9.54,archive
Well-20,2024-07-24,9.42,9.39,9.46,archive
Well-20,2024-07-25,9.42,9.39,9.46,archive
Well-20,2024-07-26,9.3,9.27,9.34,archive
Well-20,2024-07-27,9.24,9.21,9.28,archive
Well-20,2024-07-28,9.18,9.15,9.22,archive
Well-20,2024-07-29,9.15,9.12,9.19,archive
Well-20,2024-07-30,9.13,9.1,9.17,archive
Well-20,2024-07-31,9.17,9.14,9.21,archive
Well-20,2024-08-01,9.15,9.12,9.19,archive
Well-20,2024-08-02,9.21,9.18,9.25,archive
Well-20,2024-08-03,9.19,9.16,9.23,archive
Well-20,2024-08-04,9.14,9.11,9.18,archive
Well-20,2024-08-05,9.11,9.08,9.15,archive
Well-20,2024-08-06,9.01,8.98,9.05,archive
Well-20,2024-08-07,9.01,8.98,9.05,archive
Well-20,2024-08-08,9.0,8.97,9.04,archive
Well-20,2024-08-09,8.98,8.95,9.02,archive
Well-20,2024-08-10,8.89,8.86,8.93,archive
Well-20,2024-08-11,8.84,8.81,8.88,archive
Well-20,2024-08-12,8.84,8.81,8.88,archive
Well-20,2024-08-13,8.83,8.8,8.87,archive
Well-20,2024-08-14,8.78,8.75,8.82,archive
Well-20,2024-08-15,8.79,8.76,8.83,archive
Well-20,2024-08-16,8.81,8.78,8.85,archive
Well-20,2024-08-17,8.87,8.84,8.91,archive
Well-20,2024-08-18,8.84,8.81,8.88,archive
Well-20,2024-08-19,8.76,8.73,8.8,archive
Well-20,2024-08-20,8.7,8.67,8.74,archive
Well-20,2024-08-21,8.77,8.74,8.81,archive
Well-20,2024-08-22,8.83,8.8,8.87,archive
Well-20,2024-08-23,8.84,8.81,8.88,archive
Well-20,2024-08-24,8.75,8.72,8.79,archive
Well-20,2024-08-25,8.84,8.81,8.88,archive
Well-20,2024-08-26,8.84,8.81,8.88,archive
Well-20,2024-08-27,8.85,8.82,8.89,archive
Well-20,2024-08-28,8.8,8.77,8.84,archive
Well-20,2024-08-29,8.81,8.78,8.85,archive
Well-20,2024-08-30,8.81,8.78,8.85,archive
Well-20,2024-08-31,8.92,8.89,8.96,archive
Well-20,2024-09-01,8.86,8.83,8.9,archive
Well-20,2024-09-02,8.83,8.8,8.87,archive
Well-20,2024-09-03,8.84,8.81,8.88,archive
Well-20,2024-09-04,8.88,8.85,8.92,archive
Well-20,2024-09-05,8.87,8.84,8.91,archive
Well-20,2024-09-06,8.93,8.9,8.97,archive
Well-20,2024-09-07,8.83,8.8,8.87,archive
Well-20,2024-09-08,8.89,8.86,8.93,archive
Well-20,2024-09-09,8.97,8.94,9.01,archive
Well-20,2024-09-10,8.94,8.91,8.98,archive
Well-20,2024-09-11,9.0,8.97,9.04,archive
Well-20,2024-09-12,9.04,9.01,9.08,archive
Well-20,2024-09-13,9.13,9.1,9.17,archive
Well-20,2024-09-14,9.17,9.14,9.21,archive
Well-20,2024-09-15,9.14,9.11,9.18,archive
Well-20,2024-09-16,9.14,9.11,9.18,archive
Well-20,2024-09-17,9.18,9.15,9.22,archive
Well-20,2024-09-18,9.13,9.1,9.17,archive
Well-20,2024-09-19,9.19,9.16,9.23,archive
Well-20,2024-09-20,9.25,9.22,9.29,archive
Well-20,2024-09-21,9.23,9.2,9.27,archive
Well-20,2024-09-22,9.29,9.26,9.33,archive
Well-20,2024-09-23,9.24,9.21,9.28,archive
Well-20,2024-09-24,9.19,9.16,9.23,archive
Well-20,2024-09-25,9.26,9.23,9.3,archive
Well-20,2024-09-26,9.27,9.24,9.31,archive
Well-20,2024-09-27,9.28,9.25,9.32,archive
Well-20,2024-09-28,9.32,9.29,9.36,archive
Well-20,2024-09-29,9.33,9.3,9.37,archive
Well-20,2024-09-30,9.34,9.31,9.38,archive
Well-20,2024-10-01,9.47,9.44,9.51,archive
Well-20,2024-10-02,9.48,9.45,9.52,archive
Well-20,2024-10-03,9.52,9.49,9.56,archive
Well-20,2024-10-04,9.58,9.55,9.62,archive
Well-20,2024-10-05,9.68,9.65,9.72,archive
Well-20,2024-10-06,9.75,9.72,9.79,archive
Well-20,2024-10-07,9.86,9.83,9.9,archive
Well-20,2024-10-08,9.86,9.83,9.9,archive
Well-20,2024-10-09,9.89,9.86,9.93,archive
Well-20,2024-10-10,9.91,9.88,9.95,archive
Well-20,2024-10-11,9.95,9.92,9.99,archive
Well-20,2024-10-12,10.0,9.97,10.04,archive
Well-20,2024-10-13,9.96,9.93,10.0,archive
Well-20,2024-10-14,10.01,9.98,10.05,archive
Well-20,2024-10-15,10.02,9.99,10.06,archive
Well-20,2024-10-16,10.03,10.0,10.07,archive
Well-20,2024-10-17,10.03,10.0,10.07,archive
Well-20,2024-10-18,10.02,9.99,10.06,archive
Well-20,2024-10-19,10.08,10.05,10.12,archive
Well-20,2024-10-20,10.16,10.13,10.2,archive
Well-20,2024-10-21,10.14,10.11,10.18,archive
Well-20,2024-10-22,10.24,10.21,10.28,archive
Well-20,2024-10-23,10.36,10.33,10.4,archive
Well-20,2024-10-24,10.47,10.44,10.51,archive
Well-20,2024-10-25,10.5,10.47,10.54,archive
Well-20,2024-10-26,10.47,10.44,10.51,archive
Well-20,2024-10-27,10.55,10.52,10.59,archive
Well-20,2024-10-28,10.55,10.52,10.59,archive
Well-20,2024-10-29,10.6,10.57,10.64,archive
Well-20,2024-10-30,10.67,10.64,10.71,archive
Well-20,2024-10-31,10.71,10.68,10.75,archive
Well-20,2024-11-01,11.74,11.71,11.78,archive
Well-20,2024-11-02,10.86,10.83,10.9,archive
Well-20,2024-11-03,10.9,10.87,10.94,archive
Well-20,2024-11-04,10.94,10.91,10.98,archive
Well-20,2024-11-05,11.0,10.97,11.04,archive
Well-20,2024-11-06,11.03,11.0,11.07,archive
Well-20,2024-11-07,11.02,10.99,11.06,archive
Well-20,2024-11-08,11.12,11.09,11.16,archive
Well-20,2024-11-09,11.16,11.13,11.2,archive
Well-20,2024-11-10,11.21,11.18,11.25,archive
Well-20,2024-11-11,11.23,11.2,11.27,archive
Well-20,2024-11-12,11.31,11.28,11.35,archive
Well-20,2024-11-13,11.38,11.35,11.42,archive
Well-20,2024-11-14,11.44,11.41,11.48,archive
Well-20,2024-11-15,11.6,11.57,11.64,archive
Well-20,2024-11-16,11.67,11.64,11.71,archive
Well-20,2024-11-17,11.78,11.75,11.82,archive
Well-20,2024-11-18,11.83,11.8,11.87,archive
Well-20,2024-11-19,11.91,11.88,11.95,archive
Well-20,2024-11-20,11.93,11.9,11.97,archive
Well-20,2024-11-21,12.0,11.97,12.04,archive
Well-20,2024-11-22,12.07,12.04,12.11,archive
Well-20,2024-11-23,12.1,12.07,12.14,archive
Well-20,2024-11-24,12.19,12.16,12.23,archive
Well-20,2024-11-25,12.34,12.31,12.38,archive
Well-20,2024-11-26,12.39,12.36,12.43,archive
Well-20,2024-11-27,12.41,12.38,12.45,archive
Well-20,2024-11-28,12.43,12.4,12.47,archive
Well-20,2024-11-29,12.54,12.51,12.58,archive
Well-20,2024-11-30,12.61,12.58,12.65,archive
Well-20,2024-12-01,12.68,12.65,12.72,archive
Well-20,2024-12-02,12.73,12.7,12.77,archive
Well-20,2024-12-03,12.8,12.77,12.84,archive
Well-20,2024-12-04,12.88,12.85,12.92,archive
Well-20,2024-12-05,12.92,12.89,12.96,archive
Well-20,2024-12-06,12.91,12.88,12.95,archive
Well-20,2024-12-07,12.9,12.87,12.94,archive
Well-20,2024-12-08,12.96,12.93,13.0,archive
Well-20,2024-12-09,13.01,12.98,13.05,archive
Well-20,2024-12-10,13.07,13.04,13.11,archive
Well-20,2024-12-11,13.13,13.1,13.17,archive
Well-20,2024-12-12,13.18,13.15,13.22,archive
Well-20,2024-12-13,13.3,13.27,13.34,archive
Well-20,2024-12-14,13.28,13.25,13.32,archive
Well-20,2024-12-15,13.38,13.35,13.42,archive
Well-20,2024-12-16,13.31,13.28,13.35,archive
Well-20,2024-12-17,13.39,13.36,13.43,archive
Well-20,2024-12-18,13.46,13.43,13.5,archive
Well-20,2024-12-19,13.48,13.45,13.52,archive
Well-20,2024-12-20,13.48,13.45,13.52,archive
Well-20,2024-12-21,13.54,13.51,13.58,archive
Well-20,2024-12-22,13.64,13.61,13.68,archive
Well-20,2024-12-23,13.71,13.68,13.75,archive
Well-20,2024-12-24,13.8,13.77,13.84,archive
Well-20,2024-12-25,13.86,13.83,13.9,archive
Well-20,2024-12-26,13.96,13.93,14.0,archive
Well-20,2024-12-27,14.11,14.08,14.15,archive
Well-20,2024-12-28,14.15,14.12,14.19,archive
Well-20,2024-12-29,14.27,14.24,14.31,archive
Well-20,2024-12-30,14.32,14.29,14.36,archive
Well-20,2024-12-31,14.37,14.34,14.41,archive
Well-20,2025-01-01,14.36,14.33,14.4,archive
Well-20,2025-01-02,14.35,14.32,14.39,archive
Well-20,2025-01-03,14.38,14.35,14.42,archive
Well-20,2025-01-04,14.41,14.38,14.45,archive
Well-20,2025-01-05,14.32,14.29,14.36,archive
Well-20,2025-01-06,14.4,14.37,14.44,archive
Well-20,2025-01-07,14.47,14.44,14.51,archive
Well-20,2025-01-08,14.4,14.37,14.44,archive
Well-20,2025-01-09,14.52,14.49,14.56,archive
Well-20,2025-01-10,14.66,14.63,14.7,archive
Well-20,2025-01-11,14.74,14.71,14.78,archive
Well-20,2025-01-12,14.79,14.76,14.83,archive
Well-20,2025-01-13,14.94,14.91,14.98,archive
Well-20,2025-01-14,14.92,14.89,14.96,archive
Well-20,2025-01-15,14.86,14.83,14.9,archive
Well-20,2025-01-16,14.92,14.89,14.96,archive
Well-20,2025-01-17,14.89,14.86,14.93,archive
Well-20,2025-01-18,14.9,14.87,14.94,archive
Well-20,2025-01-19,14.91,14.88,14.95,archive
Well-20,2025-01-20,14.98,14.95,15.02,archive
Well-20,2025-01-21,14.93,14.9,14.97,archive
Well-20,2025-01-22,14.99,14.96,15.03,archive
Well-20,2025-01-23,14.98,14.95,15.02,archive
Well-20,2025-01-24,14.99,14.96,15.03,archive
Well-20,2025-01-25,14.96,14.93,15.0,archive
Well-20,2025-01-26,15.09,15.06,15.13,archive
Well-20,2025-01-27,15.1,15.07,15.14,archive
Well-20,2025-01-28,15.17,15.14,15.21,archive
Well-20,2025-01-29,15.18,15.15,15.22,archive
Well-20,2025-01-30,15.15,15.12,15.19,archive
Well-20,2025-01-31,15.19,15.16,15.23,archive
Well-20,2025-02-01,15.23,15.2,15.27,archive
Well-20,2025-02-02,15.22,15.19,15.26,archive
Well-20,2025-02-03,15.3,15.27,15.34,archive
Well-20,2025-02-04,15.24,15.21,15.28,archive
Well-20,2025-02-05,15.28,15.25,15.32,archive
Well-20,2025-02-06,15.34,15.31,15.38,archive
Well-20,2025-02-07,15.39,15.36,15.43,archive
Well-20,2025-02-08,15.35,15.32,15.39,archive
Well-20,2025-02-09,15.38,15.35,15.42,archive
Well-20,2025-02-10,15.43,15.4,15.47,archive
Well-20,2025-02-11,15.53,15.5,15.57,archive
Well-20,2025-02-12,15.48,15.45,15.52,archive
Well-20,2025-02-13,15.52,15.49,15.56,archive
Well-20,2025-02-14,15.58,15.55,15.62,archive
Well-20,2025-02-15,15.58,15.55,15.62,archive
Well-20,2025-02-16,15.7,15.67,15.74,archive
Well-20,2025-02-17,15.64,15.61,15.68,archive
Well-20,2025-02-18,15.65,15.62,15.69,archive
Well-20,2025-02-19,15.6,15.57,15.64,archive
Well-20,2025-02-20,15.56,15.53,15.6,archive
Well-20,2025-02-21,15.53,15.5,15.57,archive
Well-20,2025-02-22,15.54,15.51,15.58,archive
Well-20,2025-02-23,15.44,15.41,15.48,archive
Well-20,2025-02-24,15.48,15.45,15.52,archive
Well-20,2025-02-25,15.47,15.44,15.51,archive
Well-20,2025-02-26,15.42,15.39,15.46,archive
Well-20,2025-02-27,15.41,15.38,15.45,archive
Well-20,2025-02-28,15.5,15.47,15.54,archive
Well-20,2025-03-01,15.35,15.32,15.39,archive
Well-20,2025-03-02,15.4,15.37,15.44,archive
Well-20,2025-03-03,15.37,15.34,15.41,archive
Well-20,2025-03-04,15.45,15.42,15.49,archive
Well-20,2025-03-05,15.43,15.4,15.47,archive
Well-20,2025-03-06,15.41,15.38,15.45,archive
Well-20,2025-03-07,15.41,15.38,15.45,archive
Well-20,2025-03-08,15.37,15.34,15.41,archive
Well-20,2025-03-09,15.38,15.35,15.42,archive
Well-20,2025-03-10,15.33,15.3,15.37,archive
Well-20,2025-03-11,15.36,15.33,15.4,archive
Well-20,2025-03-12,15.34,15.31,15.38,archive
Well-20,2025-03-13,15.29,15.26,15.33,archive
Well-20,2025-03-14,15.28,15.25,15.32,archive
Well-20,2025-03-15,15.32,15.29,15.36,archive
Well-20,2025-03-16,15.28,15.25,15.32,archive
Well-20,2025-03-17,15.29,15.26,15.33,archive
Well-20,2025-03-18,15.27,15.24,15.31,archive
Well-20,2025-03-19,15.19,15.16,15.23,archive
Well-20,2025-03-20,15.11,15.08,15.15,archive
Well-20,2025-03-21,15.12,15.09,15.16,archive
Well-20,2025-03-22,15.03,15.0,15.07,archive
Well-20,2025-03-23,15.0,14.97,15.04,archive
Well-20,2025-03-24,15.01,14.98,15.05,archive
Well-20,2025-03-25,14.98,14.95,15.02,archive
Well-20,2025-03-26,14.99,14.96,15.03,archive
Well-20,2025-03-27,14.8,14.77,14.84,archive
Well-20,2025-03-28,14.73,14.7,14.77,archive
Well-20,2025-03-29,14.78,14.75,14.82,archive
Well-20,2025-03-30,14.73,14.7,14.77,archive
Well-20,2025-03-31,14.73,14.7,14.77,archive
Well-20,2025-04-01,14.74,14.71,14.78,archive
Well-20,2025-04-02,14.78,14.75,14.82,archive
Well-20,2025-04-03,14.86,14.83,14.9,archive
Well-20,2025-04-04,14.8,14.77,14.84,archive
Well-20,2025-04-05,14.7,14.67,14.74,archive
Well-20,2025-04-06,14.67,14.64,14.71,archive
Well-20,2025-04-07,14.7,14.67,14.74,archive
Well-20,2025-04-08,14.73,14.7,14.77,archive
Well-20,2025-04-09,14.75,14.72,14.79,archive
Well-20,2025-04-10,14.65,14.62,14.69,archive
Well-20,2025-04-11,14.65,14.62,14.69,archive
Well-20,2025-04-12,14.55,14.52,14.59,archive
Well-20,2025-04-13,14.51,14.48,14.55,archive
Well-20,2025-04-14,14.38,14.35,14.42,archive
Well-20,2025-04-15,14.32,14.29,14.36,archive
Well-20,2025-04-16,14.22,14.19,14.26,archive
Well-20,2025-04-17,14.18,14.15,14.22,archive
Well-20,2025-04-18,14.11,14.08,14.15,archive
Well-20,2025-04-19,14.1,14.07,14.14,archive
Well-20,2025-04-20,14.05,14.02,14.09,archive
Well-20,2025-04-21,13.99,13.96,14.03,archive
Well-20,2025-04-22,13.97,13.94,14.01,archive
Well-20,2025-04-23,13.94,13.91,13.98,archive
Well-20,2025-04-24,13.89,13.86,13.93,archive
Well-20,2025-04-25,13.77,13.74,13.81,archive
Well-20,2025-04-26,13.77,13.74,13.81,archive
Well-20,2025-04-27,13.75,13.72,13.79,archive
Well-20,2025-04-28,13.62,13.59,13.66,archive
Well-20,2025-04-29,13.52,13.49,13.56,archive
Well-20,2025-04-30,13.46,13.43,13.5,archive
Well-20,2025-05-01,13.39,13.36,13.43,archive
Well-20,2025-05-02,13.32,13.29,13.36,archive
Well-20,2025-05-03,13.29,13.26,13.33,archive
Well-20,2025-05-04,13.24,13.21,13.28,archive
Well-20,2025-05-05,13.13,13.1,13.17,archive
Well-20,2025-05-06,13.12,13.09,13.16,archive
Well-20,2025-05-07,13.03,13.0,13.07,archive
Well-20,2025-05-08,12.99,12.96,13.03,archive
Well-20,2025-05-09,13.03,13.0,13.07,archive
Well-20,2025-05-10,12.95,12.92,12.99,archive
Well-20,2025-05-11,12.9,12.87,12.94,archive
Well-20,2025-05-12,12.88,12.85,12.92,archive
Well-20,2025-05-13,12.82,12.79,12.86,archive
Well-20,2025-05-14,12.8,12.77,12.84,archive
Well-20,2025-05-15,12.75,12.72,12.79,archive
Well-20,2025-05-16,12.69,12.66,12.73,archive
Well-20,2025-05-17,12.73,12.7,12.77,archive
Well-20,2025-05-18,12.62,12.59,12.66,archive
Well-20,2025-05-19,12.64,12.61,12.68,archive
Well-20,2025-05-20,12.6,12.57,12.64,archive
Well-20,2025-05-21,12.54,12.51,12.58,archive
Well-20,2025-05-22,12.5,12.47,12.54,archive
Well-20,2025-05-23,12.43,12.4,12.47,archive
Well-20,2025-05-24,12.41,12.38,12.45,archive
Well-20,2025-05-25,12.31,12.28,12.35,archive
Well-20,2025-05-26,12.22,12.19,12.26,archive
Well-20,2025-05-27,12.11,12.08,12.15,archive
Well-20,2025-05-28,12.0,11.97,12.04,archive
Well-20,2025-05-29,12.01,11.98,12.05,archive
Well-20,2025-05-30,12.02,11.99,12.06,archive
Well-20,2025-05-31,11.96,11.93,12.0,archive
Well-20,2025-06-01,11.9,11.87,11.94,archive
Well-20,2025-06-02,11.84,11.81,11.88,archive
Well-20,2025-06-03,11.82,11.79,11.86,archive
Well-20,2025-06-04,11.8,11.77,11.84,archive
Well-20,2025-06-05,11.83,11.8,11.87,archive
Well-20,2025-06-06,11.73,11.7,11.77,archive
Well-20,2025-06-07,11.68,11.65,11.72,archive
Well-20,2025-06-08,11.54,11.51,11.58,archive
Well-20,2025-06-09,11.53,11.5,11.57,archive
Well-20,2025-06-10,11.56,11.53,11.6,archive
Well-20,2025-06-11,11.47,11.44,11.51,archive
Well-20,2025-06-12,11.44,11.41,11.48,archive
Well-20,2025-06-13,11.43,11.4,11.47,archive
Well-20,2025-06-14,11.45,11.42,11.49,archive
Well-20,2025-06-15,11.43,11.4,11.47,archive
Well-20,2025-06-16,11.33,11.3,11.37,archive
Well-20,2025-06-17,11.19,11.16,11.23,archive
Well-20,2025-06-18,11.15,11.12,11.19,archive
Well-20,2025-06-19,11.02,10.99,11.06,archive
Well-20,2025-06-20,10.96,10.93,11.0,archive
Well-20,2025-06-21,10.88,10.85,10.92,archive
Well-20,2025-06-22,10.88,10.85,10.92,archive
Well-20,2025-06-23,10.81,10.78,10.85,archive
Well-20,2025-06-24,10.72,10.69,10.76,archive
Well-20,2025-06-25,10.67,10.64,10.71,archive
Well-20,2025-06-26,10.64,10.61,10.68,archive
Well-20,2025-06-27,10.57,10.54,10.61,archive
Well-20,2025-06-28,10.58,10.55,10.62,archive
Well-20,2025-06-29,10.58,10.55,10.62,archive
Well-20,2025-06-30,10.56,10.53,10.6,archive
Well-20,2025-07-01,10.45,10.42,10.49,archive
Well-20,2025-07-02,10.34,10.31,10.38,archive
Well-20,2025-07-03,10.27,10.24,10.31,archive
Well-20,2025-07-04,10.24,10.21,10.28,archive
Well-20,2025-07-05,10.14,10.11,10.18,archive
Well-20,2025-07-06,10.12,10.09,10.16,archive
Well-20,2025-07-07,10.07,10.04,10.11,archive
Well-20,2025-07-08,10.05,10.02,10.09,archive
Well-20,2025-07-09,10.01,9.98,10.05,archive
Well-20,2025-07-10,9.97,9.94,10.01,archive
Well-20,2025-07-11,9.92,9.89,9.96,archive
Well-20,2025-07-12,9.87,9.84,9.91,archive
Well-20,2025-07-13,9.91,9.88,9.95,archive
Well-20,2025-07-14,9.78,9.75,9.82,archive
Well-20,2025-07-15,9.78,9.75,9.82,archive
Well-20,2025-07-16,9.75,9.72,9.79,archive
Well-20,2025-07-17,9.74,9.71,9.78,archive
Well-20,2025-07-18,9.6,9.57,9.64,archive
Well-20,2025-07-19,9.51,9.48,9.55,archive
Well-20,2025-07-20,9.5,9.47,9.54,archive
Well-20,2025-07-21,9.51,9.48,9.55,archive
Well-20,2025-07-22,9.5,9.47,9.54,archive
Well-20,2025-07-23,9.51,9.48,9.55,archive
Well-20,2025-07-24,9.43,9.4,9.47,archive
Well-20,2025-07-25,9.43,9.4,9.47,archive
Well-20,2025-07-26,9.41,9.38,9.45,archive
Well-20,2025-07-27,9.39,9.36,9.43,archive
Well-20,2025-07-28,9.39,9.36,9.43,archive
Well-20,2025-07-29,9.34,9.31,9.38,archive
Well-20,2025-07-30,9.46,9.43,9.5,archive
Well-20,2025-07-31,9.43,9.4,9.47,archive
Well-20,2025-08-01,9.25,9.22,9.29,archive
Well-20,2025-08-02,9.22,9.19,9.26,archive
Well-20,2025-08-03,9.1,9.07,9.14,archive
Well-20,2025-08-04,9.08,9.05,9.12,archive
Well-20,2025-08-05,9.07,9.04,9.11,archive
Well-20,2025-08-06,9.05,9.02,9.09,archive
Well-20,2025-08-07,9.06,9.03,9.1,archive
Well-20,2025-08-08,9.04,9.01,9.08,archive
Well-20,2025-08-09,9.01,8.98,9.05,archive
Well-20,2025-08-10,9.06,9.03,9.1,archive
Well-20,2025-08-11,8.98,8.95,9.02,archive
Well-20,2025-08-12,8.91,8.88,8.95,archive
Well-20,2025-08-13,8.85,8.82,8.89,archive
Well-20,2025-08-14,8.84,8.81,8.88,archive
Well-20,2025-08-15,8.82,8.79,8.86,archive
Well-20,2025-08-16,8.74,8.71,8.78,archive
Well-20,2025-08-17,8.77,8.74,8.81,archive
Well-20,2025-08-18,8.74,8.71,8.78,archive
Well-20,2025-08-19,8.7,8.67,8.74,archive
Well-20,2025-08-20,8.61,8.58,8.65,archive
Well-20,2025-08-21,8.54,8.51,8.58,archive
Well-20,2025-08-22,8.43,8.4,8.47,archive
Well-20,2025-08-23,8.46,8.43,8.5,archive
Well-20,2025-08-24,8.59,8.56,8.63,archive
Well-20,2025-08-25,8.61,8.58,8.65,archive
Well-20,2025-08-26,8.59,8.56,8.63,archive
Well-20,2025-08-27,8.62,8.59,8.66,archive
Well-20,2025-08-28,8.61,8.58,8.65,archive
Well-20,2025-08-29,8.74,8.71,8.78,archive
Well-20,2025-08-30,8.71,8.68,8.75,archive
Well-20,2025-08-31,8.76,8.73,8.8,archive
Well-20,2025-09-01,8.8,8.77,8.84,archive
Well-20,2025-09-02,8.85,8.82,8.89,archive
Well-20,2025-09-03,8.85,8.82,8.89,archive
Well-20,2025-09-04,8.87,8.84,8.91,archive
Well-20,2025-09-05,8.92,8.89,8.96,archive
Well-20,2025-09-06,8.88,8.85,8.92,archive
Well-20,2025-09-07,8.96,8.93,9.0,archive
Well-20,2025-09-08,8.95,8.92,8.99,archive
Well-20,2025-09-09,9.0,8.97,9.04,archive
Well-20,2025-09-10,8.97,8.94,9.01,archive
Well-20,2025-09-11,9.07,9.04,9.11,archive
Well-20,2025-09-12,9.05,9.02,9.09,archive
Well-20,2025-09-13,9.09,9.06,9.13,archive
Well-20,2025-09-14,9.07,9.04,9.11,archive
Well-20,2025-09-15,9.14,9.11,9.18,archive
Well-20,2025-09-16,9.12,9.09,9.16,archive
Well-20,2025-09-17,9.13,9.1,9.17,archive
Well-20,2025-09-18,9.16,9.13,9.2,archive
Well-20,2025-09-19,9.2,9.17,9.24,archive
Well-20,2025-09-20,9.19,9.16,9.23,archive
Well-20,2025-09-21,9.16,9.13,9.2,archive
Well-20,2025-09-22,9.09,9.06,9.13,archive
Well-20,2025-09-23,9.13,9.1,9.17,archive
Well-20,2025-09-24,9.29,9.26,9.33,archive
Well-20,2025-09-25,9.27,9.24,9.31,archive
Well-20,2025-09-26,9.34,9.31,9.38,archive
Well-20,2025-09-27,9.4,9.37,9.44,archive
Well-20,2025-09-28,9.37,9.34,9.41,archive
Well-20,2025-09-29,9.37,9.34,9.41,archive
Well-20,2025-09-30,9.34,9.31,9.38,archive
Well-20,2025-10-01,9.44,9.41,9.48,archive
Well-20,2025-10-02,9.51,9.48,9.55,archive
Well-20,2025-10-03,9.56,9.53,9.6,archive
Well-20,2025-10-04,9.57,9.54,9.61,archive
Well-20,2025-10-05,9.63,9.6,9.67,archive
Well-20,2025-10-06,9.72,9.69,9.76,archive
Well-20,2025-10-07,9.75,9.72,9.79,archive
Well-20,2025-10-08,9.78,9.75,9.82,archive
Well-20,2025-10-09,9.76,9.73,9.8,archive
Well-20,2025-10-10,9.94,9.91,9.98,archive
Well-20,2025-10-11,10.02,9.99,10.06,archive
Well-20,2025-10-12,10.15,10.12,10.19,archive
Well-20,2025-10-13,10.11,10.08,10.15,archive
Well-20,2025-10-14,10.1,10.07,10.14,archive
Well-20,2025-10-15,10.16,10.13,10.2,archive
Well-20,2025-10-16,10.17,10.14,10.21,archive
Well-20,2025-10-17,10.2,10.17,10.24,archive
Well-20,2025-10-18,10.21,10.18,10.25,archive
Well-20,2025-10-19,10.19,10.16,10.23,archive
Well-20,2025-10-20,10.32,10.29,10.36,archive
Well-20,2025-10-21,10.34,10.31,10.38,archive
Well-20,2025-10-22,10.43,10.4,10.47,archive
Well-20,2025-10-23,10.48,10.45,10.52,archive
Well-20,2025-10-24,10.51,10.48,10.55,archive
Well-20,2025-10-25,10.62,10.59,10.66,archive
Well-20,2025-10-26,10.62,10.59,10.66,archive
Well-20,2025-10-27,10.68,10.65,10.72,archive
Well-20,2025-10-28,10.73,10.7,10.77,archive
Well-20,2025-10-29,10.74,10.71,10.78,archive
Well-20,2025-10-30,10.73,10.7,10.77,archive
Well-20,2025-10-31,10.82,10.79,10.86,archive
Well-20,2025-11-01,10.84,10.81,10.88,archive
Well-20,2025-11-02,10.89,10.86,10.93,archive
Well-20,2025-11-03,10.96,10.93,11.0,archive
Well-20,2025-11-04,11.02,10.99,11.06,archive
Well-20,2025-11-05,11.03,11.0,11.07,archive
Well-20,2025-11-06,11.11,11.08,11.15,archive
Well-20,2025-11-07,11.23,11.2,11.27,archive
Well-20,2025-11-08,11.34,11.31,11.38,archive
Well-20,2025-11-09,11.29,11.26,11.33,archive
Well-20,2025-11-10,11.29,11.26,11.33,archive
Well-20,2025-11-11,11.33,11.3,11.37,archive
Well-20,2025-11-12,11.32,11.29,11.36,archive
Well-20,2025-11-13,11.34,11.31,11.38,archive
Well-20,2025-11-14,11.45,11.42,11.49,archive
Well-20,2025-11-15,11.47,11.44,11.51,archive
Well-20,2025-11-16,11.57,11.54,11.61,archive
Well-20,2025-11-17,11.55,11.52,11.59,archive
Well-20,2025-11-18,11.5,11.47,11.54,archive
Well-20,2025-11-19,11.71,11.68,11.75,archive
Well-20,2025-11-20,11.7,11.67,11.74,archive
Well-20,2025-11-21,11.81,11.78,11.85,archive
Well-20,2025-11-22,11.84,11.81,11.88,archive
Well-20,2025-11-23,11.85,11.82,11.89,archive
Well-20,2025-11-24,11.89,11.86,11.93,archive
Well-20,2025-11-25,11.99,11.96,12.03,archive
Well-20,2025-11-26,12.05,12.02,12.09,archive
Well-20,2025-11-27,12.07,12.04,12.11,archive
Well-20,2025-11-28,12.63,12.6,12.67,archive
Well-20,2025-11-29,12.22,12.19,12.26,archive
Well-20,2025-11-30,12.27,12.24,12.31,archive
Well-20,2025-12-01,12.36,12.33,12.4,archive
Well-20,2025-12-02,12.34,12.31,12.38,archive
Well-20,2025-12-03,12.4,12.37,12.44,archive
Well-20,2025-12-04,12.46,12.43,12.5,archive
Well-20,2025-12-05,12.59,12.56,12.63,archive
Well-20,2025-12-06,12.59,12.56,12.63,archive
Well-20,2025-12-07,12.66,12.63,12.7,archive
Well-20,2025-12-08,12.76,12.73,12.8,archive
Well-20,2025-12-09,12.93,12.9,12.97,archive
Well-20,2025-12-10,12.97,12.94,13.01,archive
Well-20,2025-12-11,13.04,13.01,13.08,archive
Well-20,2025-12-12,13.12,13.09,13.16,archive
Well-20,2025-12-13,13.12,13.09,13.16,archive
Well-20,2025-12-14,13.18,13.15,13.22,archive
Well-20,2025-12-15,13.18,13.15,13.22,live
Well-20,2025-12-16,13.18,13.15,13.22,live
Well-20,2025-12-17,13.28,13.25,13.32,live
Well-20,2025-12-18,13.34,13.31,13.38,live
Well-20,2025-12-19,13.36,13.33,13.4,live
Well-20,2025-12-20,13.46,13.43,13.5,live
Well-20,2025-12-21,13.54,13.51,13.58,live
Well-20,2025-12-22,13.54,13.51,13.58,live
Well-20,2025-12-23,13.69,13.66,13.73,live
Well-20,2025-12-24,13.71,13.68,13.75,live
Well-20,2025-12-25,13.79,13.76,13.83,live
Well-20,2025-12-26,13.88,13.85,13.92,live
Well-20,2025-12-27,13.96,13.93,14.0,live
Well-20,2025-12-28,14.0,13.97,14.04,live
Well-20,2025-12-29,13.99,13.96,14.03,live
Well-20,2025-12-30,14.07,14.04,14.11,live
Well-20,2025-12-31,14.27,14.24,14.31,live
Well-20,2026-01-01,14.33,14.3,14.37,live
Well-20,2026-01-02,14.28,14.25,14.32,live
Well-20,2026-01-03,14.36,14.33,14.4,live
Well-20,2026-01-04,14.34,14.31,14.38,live
Well-20,2026-01-05,14.37,14.34,14.41,live
Well-20,2026-01-06,14.53,14.5,14.57,live
Well-20,2026-01-07,14.6,14.57,14.64,live
Well-20,2026-01-08,15.03,15.0,15.07,live
Well-20,2026-01-09,14.66,14.63,14.7,live
Well-20,2026-01-10,14.71,14.68,14.75,live
Well-20,2026-01-11,14.69,14.66,14.73,live
Well-20,2026-01-12,14.78,14.75,14.82,live
Well-20,2026-01-13,15.47,15.44,15.51,live
Well-20,2026-01-14,14.86,14.83,14.9,live
Well-20,2026-01-15,14.91,14.88,14.95,live
Well-20,2026-01-16,14.87,14.84,14.91,live
Well-20,2026-01-17,14.83,14.8,14.87,live
Well-20,2026-01-18,14.8,14.77,14.84,live
Well-20,2026-01-19,14.86,14.83,14.9,live
Well-20,2026-01-20,14.81,14.78,14.85,live
Well-20,2026-01-21,14.8,14.77,14.84,live
Well-20,2026-01-22,14.78,14.75,14.82,live
Well-20,2026-01-23,14.8,14.77,14.84,live
Well-20,2026-01-24,14.83,14.8,14.87,live
Well-20,2026-01-25,14.91,14.88,14.95,live
Well-20,2026-01-26,14.97,14.94,15.01,live
Well-20,2026-01-27,14.98,14.95,15.02,live
Well-20,2026-01-28,14.96,14.93,15.0,live
Well-20,2026-01-29,15.01,14.98,15.05,live
Well-20,2026-01-30,15.04,15.01,15.08,live
Well-20,2026-01-31,15.08,15.05,15.12,live
Well-20,2026-02-01,15.07,15.04,15.11,live
Well-20,2026-02-02,15.11,15.08,15.15,live
Well-20,2026-02-03,15.06,15.03,15.1,live
Well-20,2026-02-04,15.17,15.14,15.21,live
Well-20,2026-02-05,15.24,15.21,15.28,live
Well-20,2026-02-06,15.19,15.16,15.23,live
Well-20,2026-02-07,15.24,15.21,15.28,live
Well-20,2026-02-08,15.32,15.29,15.36,live
Well-20,2026-02-09,15.35,15.32,15.39,live
Well-20,2026-02-10,15.31,15.28,15.35,live
Well-20,2026-02-11,15.36,15.33,15.4,live
Well-20,2026-02-12,15.42,15.39,15.46,live
Well-20,2026-02-13,15.44,15.41,15.48,live
Well-20,2026-02-14,15.43,15.4,15.47,live
Well-20,2026-02-15,15.47,15.44,15.51,live
Well-20,2026-02-16,15.49,15.46,15.53,live
Well-20,2026-02-17,15.42,15.39,15.46,live
Well-20,2026-02-18,15.38,15.35,15.42,live
Well-20,2026-02-19,15.36,15.33,15.4,live
Well-20,2026-02-20,15.45,15.42,15.49,live
Well-20,2026-02-21,15.49,15.46,15.53,live
Well-20,2026-02-22,15.49,15.46,15.53,live
Well-20,2026-02-23,15.55,15.52,15.59,live
Well-20,2026-02-24,15.55,15.52,15.59,live
Well-20,2026-02-25,15.53,15.5,15.57,live
Well-20,2026-02-26,15.5,15.47,15.54,live
Well-20,2026-02-27,15.49,15.46,15.53,live
Well-20,2026-02-28,15.46,15.43,15.5,live
Well-20,2026-03-01,15.41,15.38,15.45,live
Well-20,2026-03-02,15.39,15.36,15.43,live
Well-20,2026-03-03,15.4,15.37,15.44,live
Well-20,2026-03-04,15.34,15.31,15.38,live
Well-20,2026-03-05,15.33,15.3,15.37,live
Well-20,2026-03-06,15.39,15.36,15.43,live
Well-20,2026-03-07,15.37,15.34,15.41,live
Well-20,2026-03-08,15.36,15.33,15.4,live
Well-20,2026-03-09,15.36,15.33,15.4,live
Well-20,2026-03-10,15.26,15.23,15.3,live
Well-20,2026-03-11,15.27,15.24,15.31,live
Well-20,2026-03-12,15.25,15.22,15.29,live
Well-20,2026-03-13,15.26,15.23,15.3,live
Well-20,2026-03-14,15.23,15.2,15.27,live
Well-20,2026-03-15,15.22,15.19,15.26,live
Well-20,2026-03-16,15.25,15.22,15.29,live
Well-20,2026-03-17,15.16,15.13,15.2,live
Well-20,2026-03-18,15.11,15.08,15.15,live
Well-20,2026-03-19,15.1,15.07,15.14,live
Well-20,2026-03-20,15.0,14.97,15.04,live
Well-20,2026-03-21,14.95,14.92,14.99,live
Well-20,2026-03-22,14.99,14.96,15.03,live
Well-20,2026-03-23,14.94,14.91,14.98,live
Well-20,2026-03-24,14.99,14.96,15.03,live
Well-20,2026-03-25,14.94,14.91,14.98,live
Well-20,2026-03-26,14.86,14.83,14.9,live
Well-20,2026-03-27,14.83,14.8,14.87,live
Well-20,2026-03-28,14.72,14.69,14.76,live
Well-20,2026-03-29,14.79,14.76,14.83,live
Well-20,2026-03-30,14.78,14.75,14.82,live
Well-20,2026-03-31,14.91,14.88,14.95,live
Well-20,2026-04-01,14.89,14.86,14.93,live
Well-20,2026-04-02,14.84,14.81,14.88,live
Well-20,2026-04-03,14.79,14.76,14.83,live
Well-20,2026-04-04,14.65,14.62,14.69,live
Well-20,2026-04-05,14.57,14.54,14.61,live
Well-20,2026-04-06,14.53,14.5,14.57,live
Well-20,2026-04-07,14.44,14.41,14.48,live
Well-20,2026-04-08,14.44,14.41,14.48,live
Well-20,2026-04-09,14.37,14.34,14.41,live
Well-20,2026-04-10,14.33,14.3,14.37,live
Well-20,2026-04-11,14.23,14.2,14.27,live
Well-20,2026-04-12,14.33,14.3,14.37,live
Well-20,2026-04-13,14.3,14.27,14.34,live
Well-20,2026-04-14,14.24,14.21,14.28,live
Well-20,2026-04-15,14.21,14.18,14.25,live
Well-20,2026-04-16,14.18,14.15,14.22,live
Well-20,2026-04-17,14.15,14.12,14.19,live
Well-20,2026-04-18,14.17,14.14,14.21,live
Well-20,2026-04-19,14.18,14.15,14.22,live
Well-20,2026-04-20,14.12,14.09,14.16,live
Well-20,2026-04-21,14.05,14.02,14.09,live
Well-20,2026-04-22,14.0,13.97,14.04,live
Well-20,2026-04-23,14.0,13.97,14.04,live
Well-20,2026-04-24,13.9,13.87,13.94,live
Well-20,2026-04-25,13.87,13.84,13.91,live
Well-20,2026-04-26,13.86,13.83,13.9,live
Well-20,2026-04-27,13.73,13.7,13.77,live
Well-20,2026-04-28,13.71,13.68,13.75,live
Well-20,2026-04-29,13.74,13.71,13.78,live
Well-20,2026-04-30,13.61,13.58,13.65,live
Well-20,2026-05-01,13.48,13.45,13.52,live
Well-20,2026-05-02,13.43,13.4,13.47,live
Well-20,2026-05-03,13.39,13.36,13.43,live
Well-20,2026-05-04,13.39,13.36,13.43,live
Well-20,2026-05-05,13.38,13.35,13.42,live
Well-20,2026-05-06,13.27,13.24,13.31,live
Well-20,2026-05-07,13.15,13.12,13.19,live
Well-20,2026-05-08,13.08,13.05,13.12,live
Well-20,2026-05-09,13.04,13.01,13.08,live
Well-20,2026-05-10,13.08,13.05,13.12,live
Well-20,2026-05-11,13.03,13.0,13.07,live
Well-20,2026-05-12,12.92,12.89,12.96,live
Well-20,2026-05-13,12.99,12.96,13.03,live
Well-20,2026-05-14,12.95,12.92,12.99,live
Well-20,2026-05-15,12.88,12.85,12.92,live
Well-20,2026-05-16,12.89,12.86,12.93,live
Well-20,2026-05-17,12.88,12.85,12.92,live
Well-20,2026-05-18,12.89,12.86,12.93,live
Well-20,2026-05-19,12.88,12.85,12.92,live
Well-20,2026-05-20,12.91,12.88,12.95,live
Well-20,2026-05-21,12.92,12.89,12.96,live
Well-20,2026-05-22,12.84,12.81,12.88,live
Well-20,2026-05-23,12.77,12.74,12.81,live
Well-20,2026-05-24,12.74,12.71,12.78,live
Well-20,2026-05-25,12.65,12.62,12.69,live
Well-20,2026-05-26,12.61,12.58,12.65,live
Well-20,2026-05-27,12.45,12.42,12.49,live
Well-20,2026-05-28,12.43,12.4,12.47,live
Well-20,2026-05-29,12.45,12.42,12.49,live
Well-20,2026-05-30,12.36,12.33,12.4,live
Well-20,2026-05-31,12.26,12.23,12.3,live
Well-20,2026-06-01,12.16,12.13,12.2,live
Well-20,2026-06-02,12.08,12.05,12.12,live
Well-20,2026-06-03,12.03,12.0,12.07,live
Well-20,2026-06-04,11.92,11.89,11.96,live
Well-20,2026-06-05,11.85,11.82,11.89,live
Well-20,2026-06-06,11.75,11.72,11.79,live
Well-20,2026-06-07,11.78,11.75,11.82,live
Well-20,2026-06-08,11.78,11.75,11.82,live
Well-20,2026-06-09,11.66,11.63,11.7,live
Well-20,2026-06-10,11.56,11.53,11.6,live
Well-20,2026-06-11,11.44,11.41,11.48,live
Well-20,2026-06-12,11.39,11.36,11.43,live
Well-20,2026-06-13,11.34,11.31,11.38,live
Well-20,2026-06-14,11.24,11.21,11.28,live
Well-20,2026-06-15,11.17,11.14,11.21,live
Well-20,2026-06-16,11.06,11.03,11.1,live
Well-20,2026-06-17,10.99,10.96,11.03,live
Well-20,2026-06-18,10.94,10.91,10.98,live
Well-20,2026-06-19,10.87,10.84,10.91,live
Well-20,2026-06-20,10.82,10.79,10.86,live
Well-20,2026-06-21,10.77,10.74,10.81,live
Well-20,2026-06-22,10.72,10.69,10.76,live
Well-20,2026-06-23,10.61,10.58,10.65,live
Well-20,2026-06-24,10.51,10.48,10.55,live
Well-20,2026-06-25,10.35,10.32,10.39,live
Well-20,2026-06-26,10.35,10.32,10.39,live
Well-20,2026-06-27,10.32,10.29,10.36,live
Well-20,2026-06-28,10.25,10.22,10.29,live
Well-20,2026-06-29,10.3,10.27,10.34,live
Well-20,2026-06-30,10.19,10.16,10.23,live
Well-20,2026-07-01,10.24,10.21,10.28,live
Well-20,2026-07-02,10.14,10.11,10.18,live
Well-20,2026-07-03,10.02,9.99,10.06,live
Well-20,2026-07-04,9.93,9.9,9.97,live
Well-20,2026-07-05,9.93,9.9,9.97,live
Well-20,2026-07-06,9.89,9.86,9.93,live
Well-20,2026-07-07,9.86,9.83,9.9,live
Well-20,2026-07-08,9.81,9.78,9.85,live
Well-20,2026-07-09,9.74,9.71,9.78,live
Well-20,2026-07-10,9.55,9.52,9.59,live
Well-20,2026-07-11,9.51,9.48,9.55,live
Well-20,2026-07-12,9.52,9.49,9.56,live
Well-20,2026-07-13,9.54,9.51,9.58,live
Well-20,2026-07-14,9.42,9.39,9.46,live
Well-20,2026-07-15,9.37,9.34,9.41,live
Well-20,2026-07-16,9.41,9.38,9.45,live
Well-20,2026-07-17,9.32,9.29,9.36,live
Well-20,2026-07-18,9.23,9.2,9.27,live
Well-20,2026-07-19,9.24,9.21,9.28,live
Well-20,2026-07-20,9.21,9.18,9.25,live
Well-20,2026-07-21,9.23,9.2,9.27,live
Well-20,2026-07-22,9.18,9.15,9.22,live
Well-20,2026-07-23,9.14,9.11,9.18,live
Well-20,2026-07-24,9.14,9.11,9.18,live
Well-20,2026-07-25,9.1,9.07,9.14,live
Well-20,2026-07-26,9.04,9.01,9.08,live
Well-20,2026-07-27,9.05,9.02,9.09,live
Well-20,2026-07-28,9.08,9.05,9.12,live
Well-20,2026-07-29,9.07,9.04,9.11,live
Well-20,2026-07-30,9.05,9.02,9.09,live
Well-20,2026-07-31,9.06,9.03,9.1,live
Well-20,2026-08-01,9.09,9.06,9.13,live
Well-20,2026-08-02,9.07,9.04,9.11,live
Well-20,2026-08-03,9.06,9.03,9.1,live
Well-20,2026-08-04,9.1,9.07,9.14,live
Well-20,2026-08-05,9.1,9.07,9.14,live
Well-20,2026-08-06,8.93,8.9,8.97,live
Well-20,2026-08-07,8.92,8.89,8.96,live
Well-20,2026-08-08,8.88,8.85,8.92,live
Well-20,2026-08-09,8.85,8.82,8.89,live
Well-20,2026-08-10,8.82,8.79,8.86,live
Well-20,2026-08-11,8.81,8.78,8.85,live
Well-20,2026-08-12,8.78,8.75,8.82,live
Well-20,2026-08-13,8.79,8.76,8.83,live
Well-20,2026-08-14,8.76,8.73,8.8,live
Well-20,2026-08-15,8.79,8.76,8.83,live
Well-20,2026-08-16,8.78,8.75,8.82,live
Well-20,2026-08-17,8.75,8.72,8.79,live
Well-20,2026-08-18,8.74,8.71,8.78,live
Well-20,2026-08-19,8.81,8.78,8.85,live
Well-20,2026-08-20,8.84,8.81,8.88,live
Well-20,2026-08-21,8.84,8.81,8.88,live
Well-20,2026-08-22,8.82,8.79,8.86,live
Well-20,2026-08-23,8.83,8.8,8.87,live
Well-20,2026-08-24,8.77,8.74,8.81,live
Well-20,2026-08-25,8.75,8.72,8.79,live
Well-20,2026-08-26,8.73,8.7,8.77,live
Well-20,2026-08-27,8.69,8.66,8.73,live
Well-20,2026-08-28,8.73,8.7,8.77,live
Well-20,2026-08-29,8.67,8.64,8.71,live
Well-20,2026-08-30,8.69,8.66,8.73,live
Well-20,2026-08-31,8.77,8.74,8.81,live
Well-20,2026-09-01,8.76,8.73,8.8,live
Well-20,2026-09-02,8.78,8.75,8.82,live
Well-20,2026-09-03,8.79,8.76,8.83,live
Well-20,2026-09-04,8.82,8.79,8.86,live
Well-20,2026-09-05,8.77,8.74,8.81,live
Well-20,2026-09-06,8.77,8.74,8.81,live
Well-20,2026-09-07,8.77,8.74,8.81,live
Well-20,2026-09-08,8.74,8.71,8.78,live
Well-20,2026-09-09,8.8,8.77,8.84,live
Well-20,2026-09-10,8.73,8.7,8.77,live
Well-20,2026-09-11,8.78,8.75,8.82,live
Well-20,2026-09-12,8.89,8.86,8.93,live
Well-20,2026-09-13,8.92,8.89,8.96,live
Well-20,2026-09-14,9.04,9.01,9.08,live
Well-20,2026-09-15,9.06,9.03,9.1,live
Well-20,2026-09-16,9.1,9.07,9.14,live
Well-20,2026-09-17,9.12,9.09,9.16,live
Well-20,2026-09-18,9.23,9.2,9.27,live
Well-20,2026-09-19,9.27,9.24,9.31,live
Well-20,2026-09-20,9.32,9.29,9.36,live
Well-20,2026-09-21,9.26,9.23,9.3,live
Well-20,2026-09-22,9.27,9.24,9.31,live
Well-20,2026-09-23,9.25,9.22,9.29,live
Well-20,2026-09-24,9.21,9.18,9.25,live
